product_id,handle,product,variant_id,variant,price,compare_at,written_prices,invalid_compare,nonstandard_pence
9436212429139,birthday-blossom-tree-personalised-pebble-picture,Personalised Birthday Pebble Picture Gift — Blossom Tree | Unique Birthday Present UK,49311659917651,Default Title,29.95,34.95,,False,False
9436216754515,helping-me-shine-keyring,Helping Me Shine' Star Keyring Gift,49311683215699,Default Title,3.95,5.95,,False,False
9436221505875,no-1-dad-engraved-bottle-opener,No. 1 DAD' Engraved Bottle Opener,49311716245843,Default Title,5.95,,,False,False
9436224192851,remembrance-gift-boxes,Remembrance Gift Boxes,54335779635539,Forever in My Heart - Keepsake / Small,3.95,,,False,False
9436224192851,remembrance-gift-boxes,Remembrance Gift Boxes,54335779668307,Forever in My Heart - Keepsake / Large,4.95,,,False,False
9436224192851,remembrance-gift-boxes,Remembrance Gift Boxes,54335779701075,Forever in My Heart - Pet / Small,3.95,,,False,False
9436224192851,remembrance-gift-boxes,Remembrance Gift Boxes,54335779733843,Forever in My Heart - Pet / Large,4.95,,,False,False
9436224684371,thank-you-teacher-personalised-pebble-picture,Personalised Thank You Teacher Pebble Picture Gift — End of Year | Unique Teacher Present UK,49311732433235,Default Title,29.95,34.95,,False,False
9436225175891,celebration-new-beginnings-gift-boxes,Celebration & New Beginnings Gift Boxes,54335779307859,Happy New Home / Small,3.95,,,False,False
9436225175891,celebration-new-beginnings-gift-boxes,Celebration & New Beginnings Gift Boxes,54335779340627,Happy New Home / Large,4.95,,,False,False
9436225175891,celebration-new-beginnings-gift-boxes,Celebration & New Beginnings Gift Boxes,54335779373395,Celebrate You - Cake / Small,3.95,,,False,False
9436225175891,celebration-new-beginnings-gift-boxes,Celebration & New Beginnings Gift Boxes,54335779406163,Celebrate You - Cake / Large,4.95,,,False,False
9436225175891,celebration-new-beginnings-gift-boxes,Celebration & New Beginnings Gift Boxes,54335779438931,Celebrate You - Milestones / Small,3.95,,,False,False
9436225175891,celebration-new-beginnings-gift-boxes,Celebration & New Beginnings Gift Boxes,54335779471699,Celebrate You - Milestones / Large,4.95,,,False,False
9436225175891,celebration-new-beginnings-gift-boxes,Celebration & New Beginnings Gift Boxes,54335779504467,New Baby / Small,3.95,,,False,False
9436225175891,celebration-new-beginnings-gift-boxes,Celebration & New Beginnings Gift Boxes,54335779537235,New Baby / Large,4.95,,,False,False
9436225175891,celebration-new-beginnings-gift-boxes,Celebration & New Beginnings Gift Boxes,54335779570003,Christmas 2026 / Small,3.95,,,False,False
9436225175891,celebration-new-beginnings-gift-boxes,Celebration & New Beginnings Gift Boxes,54335779602771,Christmas 2026 / Large,4.95,,,False,False
9436225667411,wise-woman-street-sign,Wise Woman' Street Sign,49311736103251,Default Title,19.95,,,False,False
9436226093395,family-love-gift-boxes,Family & Love Gift Boxes,54335779111251,Family Is a Gift / Small,3.95,7.95,,False,False
9436226093395,family-love-gift-boxes,Family & Love Gift Boxes,54335779144019,Family Is a Gift / Large,4.95,7.95,,False,False
9436226093395,family-love-gift-boxes,Family & Love Gift Boxes,54335779176787,Together They Built a Life / Small,3.95,7.95,,False,False
9436226093395,family-love-gift-boxes,Family & Love Gift Boxes,54335779209555,Together They Built a Life / Large,4.95,7.95,,False,False
9436226093395,family-love-gift-boxes,Family & Love Gift Boxes,54335779242323,From This Day Forward / Small,3.95,7.95,,False,False
9436226093395,family-love-gift-boxes,Family & Love Gift Boxes,54335779275091,From This Day Forward / Large,4.95,7.95,,False,False
9436226093395,family-love-gift-boxes,Family & Love Gift Boxes,54357900099923,Always & Forever / Small,3.95,7.95,,False,False
9436226093395,family-love-gift-boxes,Family & Love Gift Boxes,54357900132691,Always & Forever / Large,4.95,7.95,,False,False
9436226322771,yes-day-personalised-street-sign,Personalised Engagement Street Sign Gift — Yes Day | Newly Engaged Couple Present UK,49311738855763,Small,18.95,28.95,,False,False
9436226322771,yes-day-personalised-street-sign,Personalised Engagement Street Sign Gift — Yes Day | Newly Engaged Couple Present UK,54948039426387,Medium,24.94,,,False,True
9436226322771,yes-day-personalised-street-sign,Personalised Engagement Street Sign Gift — Yes Day | Newly Engaged Couple Present UK,54948039459155,Large,27.94,,,False,True
9436227109203,always-forever-personalised-street-sign,Personalised Street Sign Gift — Always & Forever | Wedding Anniversary Couple Present UK,49311742165331,Small,18.95,28.95,,False,False
9436227109203,always-forever-personalised-street-sign,Personalised Street Sign Gift — Always & Forever | Wedding Anniversary Couple Present UK,54948017602899,Medium,24.94,,,False,True
9436227109203,always-forever-personalised-street-sign,Personalised Street Sign Gift — Always & Forever | Wedding Anniversary Couple Present UK,54948017635667,Large,27.94,,,False,True
9436227371347,bunny-personalised-a4-print-blue,"""Bunny"" Framed, personalised A4 print (blue)",49311743279443,Default Title,12.95,15.95,,False,False
9436227535187,bunny-personalised-a4-print-pink,"""Bunny"" personalised A4 print (pink)",49311745278291,Default Title,12.95,15.95,,False,False
9436228321619,family-sleigh-personalised-christmas-street-sign,Personalised Christmas Street Sign Gift — Family Sleigh | Personalised Family Xmas Present,49311748391251,Small,18.95,28.95,,False,False
9436228321619,family-sleigh-personalised-christmas-street-sign,Personalised Christmas Street Sign Gift — Family Sleigh | Personalised Family Xmas Present,54948039688531,Large,24.95,,,False,False
9436228714835,family-village-personalised-christmas-street-sign,Personalised Christmas Street Sign Gift — Family Village | Personalised Family Xmas Present,49311752618323,Small,18.95,28.95,,False,False
9436228714835,family-village-personalised-christmas-street-sign,Personalised Christmas Street Sign Gift — Family Village | Personalised Family Xmas Present,54948039983443,Large,24.95,,,False,False
9436228845907,family-personalised-street-sign,Personalised Family Street Sign Gift — Custom Family Name Sign | Personalised Home Gift UK,49311753273683,Small,14.95,28.95,,False,False
9436228845907,family-personalised-street-sign,Personalised Family Street Sign Gift — Custom Family Name Sign | Personalised Home Gift UK,54948023402835,Medium,20.94,,,False,True
9436228845907,family-personalised-street-sign,Personalised Family Street Sign Gift — Custom Family Name Sign | Personalised Home Gift UK,54948023435603,Large,23.94,,,False,True
9436228976979,first-christmas-as-mummy-daddy-to-personalised-pebble-hanging-heart,"""First Christmas As Mummy & Daddy to...."" Personalised Pebble Hanging Heart",49311753404755,Default Title,14.95,18.95,,False,False
9436229108051,first-christmas-as-nanny-grandad-to-personalised-pebble-hanging-heart,"""First Christmas As Nanny & Grandad to...."" Personalised Pebble Hanging Heart",49311757238611,Default Title,14.95,18.95,,False,False
9436229304659,grandparent-garden-personalised-street-sign,Personalised Grandparent Gift Street Sign — Garden Sign for Nan & Grandad | Personalised Present,49311758942547,Small,11.25,24.95,,False,True
9436229304659,grandparent-garden-personalised-street-sign,Personalised Grandparent Gift Street Sign — Garden Sign for Nan & Grandad | Personalised Present,54948024254803,Medium,17.24,,,False,True
9436229304659,grandparent-garden-personalised-street-sign,Personalised Grandparent Gift Street Sign — Garden Sign for Nan & Grandad | Personalised Present,54948024287571,Large,20.24,,,False,True
9436229697875,home-personalised-street-sign,Personalised Street Sign Gift — Home | New Home Housewarming or Moving Present UK,49311760744787,Small,18.95,24.95,,False,False
9436229697875,home-personalised-street-sign,Personalised Street Sign Gift — Home | New Home Housewarming or Moving Present UK,54948008886611,Medium,24.94,,,False,True
9436229697875,home-personalised-street-sign,Personalised Street Sign Gift — Home | New Home Housewarming or Moving Present UK,54948008919379,Large,27.94,,,False,True
9436229796179,house-rules-personalised-street-sign,Personalised Family House Rules Street Sign Gift — Unique Home or Family Present UK,49311761269075,Small,19.95,24.95,,False,False
9436229796179,house-rules-personalised-street-sign,Personalised Family House Rules Street Sign Gift — Unique Home or Family Present UK,54948028875091,Medium,25.94,,,False,True
9436229796179,house-rules-personalised-street-sign,Personalised Family House Rules Street Sign Gift — Unique Home or Family Present UK,54948028907859,Large,28.94,,,False,True
9436229992787,im-sexy-i-mow-it-personalised-street-sign-2,Personalised Funny Garden Street Sign Gift — I'm Sexy & I Mow It | Dad or Gardener Present,49311761596755,Small,19.95,24.95,,False,False
9436229992787,im-sexy-i-mow-it-personalised-street-sign-2,Personalised Funny Garden Street Sign Gift — I'm Sexy & I Mow It | Dad or Gardener Present,54948029530451,Medium,25.94,,,False,True
9436229992787,im-sexy-i-mow-it-personalised-street-sign-2,Personalised Funny Garden Street Sign Gift — I'm Sexy & I Mow It | Dad or Gardener Present,54948029563219,Large,28.94,,,False,True
9436230418771,kitchen-personalised-street-sign,Personalised Street Sign Gift — Create Your Own Custom Text | Unique Personalised Present UK,49311763104083,Small,16.95,24.95,,False,False
9436230418771,kitchen-personalised-street-sign,Personalised Street Sign Gift — Create Your Own Custom Text | Unique Personalised Present UK,54948022813011,Medium,22.94,,,False,True
9436230418771,kitchen-personalised-street-sign,Personalised Street Sign Gift — Create Your Own Custom Text | Unique Personalised Present UK,54948022845779,Large,25.94,,,False,True
9436230484307,love-is-what-happens-when-personalised-a4-print,Personalised Wedding A4 Print — Love Is What Happens When | Unique Wedding Day Gift UK,49311763169619,Default Title,7.95,9.95,,False,False
9436230746451,mother-a4-print,"""Mother"" A4 Print",49311764054355,Default Title,4.95,9.99,,False,False
9436231795027,santa-stop-here-personalised-christmas-street-sign,Personalised Christmas Street Sign Gift — Santa Stop Here | Personalised Family Xmas Present,49311768248659,Small,18.95,28.95,,False,False
9436231795027,santa-stop-here-personalised-christmas-street-sign,Personalised Christmas Street Sign Gift — Santa Stop Here | Personalised Family Xmas Present,54948040278355,Large,24.95,,,False,False
9436231958867,the-perfect-fit-personalised-a4-print,Personalised Wedding A4 Print — The Perfect Fit | Unique Wedding Day Gift UK,49311768543571,Default Title,7.95,9.95,,False,False
9436232089939,this-way-to-the-wedding-personalised-street-sign,Personalised Wedding Street Sign Gift — This Way to the I Do's | Wedding Day Venue Sign,49311769362771,Small,18.95,28.95,,False,False
9436232089939,this-way-to-the-wedding-personalised-street-sign,Personalised Wedding Street Sign Gift — This Way to the I Do's | Wedding Day Venue Sign,54948029006163,Medium,24.94,,,False,True
9436232089939,this-way-to-the-wedding-personalised-street-sign,Personalised Wedding Street Sign Gift — This Way to the I Do's | Wedding Day Venue Sign,54948029038931,Large,27.94,,,False,True
9436232483155,braver-than-you-believe-personalised-framed-a4-print,Braver Than You Believe personalised A4 print,49311770444115,Default Title,7.95,9.95,,False,False
9436232810835,a-little-bit-of-crazy-personalised-pebble-picture,Personalised Pebble Picture Gift — A Little Bit of Crazy | Unique Friendship or Fun Gift UK,49311771820371,Default Title,29.95,34.95,,False,False
9436233138515,always-forever-personalised-pebble-artwork,Personalised Couple Pebble Picture Gift — Always & Forever | Wedding Anniversary Gift UK,49311773262163,Default Title,22.95,34.95,,False,False
9436233302355,always-my-sister-personalised-pebble-picture,Personalised Sister Pebble Picture Gift — Always My Sister | Sister Birthday Present UK,49311774146899,Default Title,24.95,34.95,,False,False
9436233367891,beach-proposal-personalised-pebble-picture-gift,Personalised Engagement Pebble Picture Gift — Beach Proposal | Unique Engagement Gift UK,49311774212435,Default Title,22.95,34.95,,False,False
9436233466195,beach-wedding-personalised-pebble-picture,Personalised Wedding Pebble Picture Gift — Beach Wedding | Unique Wedding Day Gift UK,49311774900563,Default Title,22.95,34.95,,False,False
9436233564499,because-i-have-a-sister-personalised-pebble-picture,Personalised Sister Pebble Picture Gift — Because I Have a Sister | Sister Gift UK,49311774998867,Default Title,24.95,34.95,,False,False
9436233630035,because-of-you-personalised-pebble-picture,Personalised Pebble Picture Gift — Because of You | Sentimental Friendship or Family Gift UK,49311775129939,Default Title,24.95,34.95,,False,False
9436233728339,beside-you-personalised-pebble-artwork,Personalised Couple Pebble Picture Gift — Beside You | Romantic Anniversary Gift UK,49311775228243,Default Title,29.95,34.95,,False,False
9436234318163,couple-love-tree-personalised-pebble-picture-6-colour-options,Personalised Couple Pebble Picture Gift — Love Tree | Unique Anniversary or Wedding Gift UK,49311777849683,Default Title,24.95,34.95,,False,False
9436235071827,dad-grandad-simple-moments-personalised-pebble-picture,Personalised Dad Grandad Pebble Picture Gift — Simple Moments | Father's Day Birthday Present UK,49311780995411,Default Title,29.95,34.95,,False,False
9436235268435,dad-grandpa-charging-station-wooden-plaque-with-bottle-opener,Dad/Grandpa 'Charging Station' wooden plaque with bottle opener Gift,49311781650771,Default Title,24.95,29.95,,False,False
9436235366739,dad-grandpa-premium-quality-bottle-opener,"Dad/Grandpa 'Premium Quality' Personalised, Oak Veneer Bottle Opener Gift",49311782502739,Default Title,22.95,29.95,,False,False
9436235530579,dad-grandpa-superhero-plaque-with-bottle-opener,Dad/Grandpa 'Superhero' wooden plaque with bottle opener Gift,49311782764883,Default Title,24.95,29.95,,False,False
9436236087635,dad-grandpa-youre-welcome-wooden-plaque-with-bottle-opener,Dad/Grandpa 'You're Welcome' wooden plaque with bottle opener Gift,49311784796499,Default Title,24.95,29.95,,False,False
9436236218707,dad-grandparent-making-memories-personalised-pebble-picture-copy,Personalised Dad Grandad Pebble Picture Gift — Making Memories | Father's Day Birthday Present UK,49311785386323,Default Title,29.95,34.95,,False,False
9436236415315,dad-grandparent-moon-back-personalised-pebble-picture,Personalised Dad Grandad Pebble Picture Gift — Moon & Back | Father's Day Birthday Present UK,49311786303827,Default Title,29.95,34.95,,False,False
9436236546387,dad-nanny-our-world-personalised-pebble-artwork,Personalised Dad Grandad Pebble Picture Gift — Our World | Father's Day Birthday Present UK,49311787024723,Default Title,29.95,34.95,,False,False
9436236677459,dad-grandparent-walk-in-the-park-personalised-pebble-picture,Personalised Dad Grandad Pebble Picture Gift — Walk In The Park | Father's Day Birthday Present UK,49311787811155,Default Title,29.95,34.95,,False,False
9436237529427,engagement-proposal-love-tree-personalised-pebble-picture-copy,Personalised Engagement Pebble Picture Gift — Love Tree | Engagement or Proposal Present UK,49311791841619,Default Title,24.95,34.95,,False,False
9436237693267,engagement-proposal-personalised-pebble-artwork,Personalised Engagement Pebble Picture Gift — Unique Couple Gift | Engagement Present UK,49311792922963,Default Title,22.95,34.95,,False,False
9436237791571,everything-to-me-personalised-pebble-artwork,Personalised Couple Pebble Picture Gift — Everything to Me | Romantic Anniversary Gift UK,49311793873235,Default Title,24.95,34.95,,False,False
9436238152019,family-flutterby-blossom-tree-personalised-pebble-picture-copy,Personalised Family Pebble Picture Gift — Flutterby Blossom Tree | Unique Family Home Gift UK,49311795183955,Default Title,29.95,34.95,,False,False
9436238250323,family-autumn-leaves-personalised-pebble-picture,Personalised Family Pebble Picture Gift — Autumn Leaves | Unique Family Home Gift UK,49311795282259,Default Title,29.95,34.95,,False,False
9436238414163,family-seaside-holidays-personalised-pebble-picture,Personalised Family Pebble Picture Gift — By The Sea | Family Home or Holiday Gift UK,49311796494675,Default Title,29.95,34.95,,False,False
9436238479699,family-camping-personalised-pebble-picture,Personalised Family Pebble Picture Gift — Family Camping | Unique Family Adventure Gift UK,49311796560211,Default Title,29.95,34.95,,False,False
9436238545235,family-caravan-holidays-personalised-pebble-picture,Personalised Family Pebble Picture Gift — Family Caravan | Unique Family Holiday Gift UK,49311796625747,Default Title,29.95,34.95,,False,False
9436238610771,family-christmas-tree-personalised-pebble-picture,Personalised Family Christmas Pebble Picture Gift — Christmas Tree | Unique Xmas Decoration Gift UK,49311797281107,Default Title,29.95,34.95,,False,False
9436238676307,family-coastal-adventures-personalised-pebble-picture,Personalised Family Pebble Picture Gift — Coastal Adventures | Unique Family Home Gift UK,49311797346643,Default Title,29.95,34.95,,False,False
9436238872915,family-ice-rink-personalised-pebble-picture,Personalised Family Christmas Pebble Picture Gift — Ice Rink | Family Xmas Gift UK,49311798165843,Default Title,29.95,34.95,,False,False
9436239298899,family-making-memories-personalised-pebble-picture,Personalised Family Pebble Picture Gift — Making Memories | Unique Family Home Gift UK,49311799509331,Default Title,29.95,34.95,,False,False
9436239397203,our-world-family-personalised-pebble-artwork,Personalised Family Pebble Picture Gift — Our World | Unique Family Home Gift UK,49311800197459,Default Title,29.95,34.95,,False,False
9436239528275,family-signpost-christmas-hanging-decoration,Family Signpost Christmas Hanging Decoration,49311800754515,Default Title,12.95,15.95,,False,False
9436239626579,snow-place-like-home-gingerbread-house-personalised-pebble-sketch-picture,Personalised Family Christmas Pebble Picture Gift — Gingerbread House | Family Xmas Gift UK,49311801442643,Default Title,29.95,34.95,,False,False
9436239659347,family-swing-personalised-pebble-picture,Personalised Family Pebble Picture Gift — Family Swing | Unique Family Home Present UK,49311801475411,Default Title,24.95,34.95,,False,False
9436239692115,family-walk-in-the-park-personalised-pebble-picture,Personalised Family Pebble Picture Gift — Walk In The Park | Unique Family Home Gift UK,49311801508179,Default Title,29.95,34.95,,False,False
9436239823187,family-wonderland-walk-personalised-pebble-picture,Personalised Family Christmas Pebble Picture Gift — Wonderland Walk | Family Xmas Gift UK,49311802261843,Default Title,29.95,34.95,,False,False
9436240183635,fathers-day-number-plate-keyring,Father's Day Number Plate Keyring Gift,49311803801939,Default Title,3.95,4.95,,False,False
9436240281939,dad-grandpa-number-one-personalised-oak-veneer-bottle-opener,Football Shirt Personalised Oak Veneer Bottle Opener Gift,49311803900243,Default Title,22.95,29.95,,False,False
9436240413011,friendship-is-a-million-little-things-personalised-pebble-picture,Personalised Friendship Pebble Picture Gift — Million Little Things | Best Friend Present UK,49311804653907,Default Title,24.95,34.95,,False,False
9436240511315,graduation-personalised-pebble-picture,Personalised Graduation Pebble Picture Gift — Unique Graduation or Leaving Present UK,49311805342035,Default Title,24.95,34.95,,False,False
9436240642387,grandparent-flutterby-blossom-tree-personalised-pebble-picture,Personalised Grandparent Pebble Picture Gift — Flutterby Blossom Tree | Nan Grandad Present UK,49311807308115,Default Title,29.95,34.95,,False,False
9436240740691,grandparent-festive-personalised-pebble-sketch-picture,Personalised Grandparent Christmas Pebble Picture Gift — Festive | Nan Grandad Xmas Present UK,49311807439187,Default Title,29.95,34.95,,False,False
9436240838995,grandparent-gingerbread-house-personalised-pebble-sketch-picture,Personalised Grandparent Christmas Pebble Picture Gift — Gingerbread House | Xmas Gift UK,49311808127315,Default Title,29.95,34.95,,False,False
9436240871763,grandparent-personalised-pebble-sketch-picture,Personalised Grandparent Pebble Sketch Picture Gift — Unique Nan Grandad Birthday Present UK,49311808160083,Default Title,29.95,34.95,,False,False
9436241461587,heart-strings-personalised-pebble-artwork,Personalised Couple Pebble Picture Gift — Heart Strings | Romantic Anniversary Gift UK,49311810650451,Default Title,24.95,34.95,,False,False
9436241527123,hello-baby-personalised-pebble-picture,Personalised New Baby Pebble Picture Gift — Hello Baby | New Baby or Christening Gift UK,49311810715987,Default Title,24.95,34.95,,False,False
9436241690963,home-sweet-home-personalised-pebble-picture,Personalised New Home Pebble Picture Gift — Home Sweet Home | Housewarming Moving Present UK,49311811699027,Default Title,29.95,34.95,,False,False
9436242706771,life-is-better-with-friends-personalised-pebble-picture,Personalised Friendship Pebble Picture Gift — Life is Better With Friends | Best Friend Present UK,49311816286547,Default Title,24.95,34.95,,False,False
9436243493203,lucky-sixpence-boxed-old-new-borrowed-blue,"Lucky Sixpence (Boxed) - Old, New, Borrowed, Blue",49311819694419,Default Title,4.95,,,False,False
9436243624275,mum-flutterby-blossom-tree-personalised-pebble-picture,Personalised Mum Pebble Picture Gift — Flutterby Blossom Tree | Mum Birthday Mother's Day Present UK,49311820251475,Default Title,29.95,34.95,,False,False
9436243689811,mum-hands-hearts-personalised-pebble-picture,Personalised Mum Pebble Picture Gift — Hands & Hearts | Mum Birthday Mother's Day Present UK,49311820317011,Default Title,29.95,34.95,,False,False
9436243755347,mum-personalised-pebble-sketch-picture,Personalised Mum Grandparent Pebble Picture Gift — Unique Mum Nan Birthday Present UK,49311820349779,Default Title,29.95,34.95,,False,False
9436243853651,mum-grandparent-making-memories-personalised-pebble-picture,Personalised Mum Grandparent Pebble Picture Gift — Making Memories | Mum Nan Birthday Present UK,49311821103443,Default Title,29.95,34.95,,False,False
9436243919187,mum-grandparent-moon-back-personalised-pebble-picture,Personalised Mum Grandparent Pebble Picture Gift — Moon & Back | Mum Nan Birthday Present UK,49311821168979,Default Title,29.95,34.95,,False,False
9436244345171,mum-grandparent-walk-in-the-park-personalised-pebble-picture,Personalised Mum Grandparent Pebble Picture Gift — Walk In The Park | Mum Nan Birthday Present UK,49311823003987,Default Title,29.95,34.95,,False,False
9436244476243,mothers-day-2023-pebble-picture,Personalised Mum Nan Pebble Picture Gift — All You Do For Me | Mum Birthday Mother's Day Present UK,49311823659347,Default Title,29.95,34.95,,False,False
9436244574547,mum-nanny-everything-to-me-personalised-pebble-picture,Personalised Mum Nan Pebble Picture Gift — Everything To Me | Mum Birthday Mother's Day Present UK,49311823757651,Default Title,29.95,34.95,,False,False
9436244738387,mum-nanny-our-world-personalised-pebble-artwork,Personalised Mum Nan Pebble Picture Gift — Our World | Mum Birthday Mother's Day Present UK,49311824642387,Default Title,29.95,34.95,,False,False
9436245393747,nanny-hands-hearts-personalised-pebble-picture,Personalised Nanny Pebble Picture Gift — Hands & Hearts | Nan Birthday Mother's Day Present UK,49311827525971,Default Title,29.95,34.95,,False,False
9436245459283,the-stork-personalised-pebble-picture,Personalised New Baby Pebble Picture Gift — Baby Stork | Unique Baby Shower or Newborn Gift UK,49311828181331,Default Title,24.95,34.95,,False,False
9436245524819,new-home-personalised-pebble-picture,Personalised New Home Pebble Picture Gift — Unique Housewarming Moving Present UK,49311828246867,Default Title,29.95,34.95,,False,False
9436245623123,new-home-blossom-tree-personalised-pebble-picture,Personalised New Home Pebble Picture Gift — No Place Like Home | Unique Housewarming Present UK,49311828345171,Default Title,29.95,34.95,,False,False
9436245721427,on-your-christening-personalised-pebble-picture,Personalised Christening Pebble Picture Gift — On Your Christening Day | Unique Christening Present UK,49311829098835,Default Title,24.95,34.95,,False,False
9436245754195,on-your-wedding-day-family-personalised-pebble-picture-gift,Personalised Family Wedding Pebble Picture Gift — On Your Wedding Day | Unique Wedding Gift UK,49311829131603,Default Title,29.95,,,False,False
9436245819731,wedding-flower-arch-personalised-pebble-picture,Personalised Wedding Pebble Picture Gift — On Your Wedding Day | Unique Wedding Day Present UK,49569888665939,Default Title,22.95,34.95,,False,False
9436246802771,personalised-all-you-do-for-me-pebble-hanging-heart,Personalised 'All You Do For Me' Pebble Hanging Heart Gift,49311833489747,Default Title,17.95,,,False,False
9436246868307,personalised-always-forever-pebblescape,Personalised Couple Pebblescape Gift — Always & Forever | Romantic Anniversary Wedding Gift UK,49311833555283,Default Title,24.95,34.95,,False,False
9436247294291,personalised-always-and-forever-hanging-heart,Personalised Couple Always & Forever Pebble Hanging Heart Gift | Unique Wedding Anniversary Present UK,49311834898771,Default Title,14.95,18.95,,False,False
9436247327059,personalised-always-my-sister-hanging-heart,Personalised 'Always My Sister' Pebble Hanging Heart Gift,49311834931539,Default Title,14.95,18.95,,False,False
9436247392595,personalised-true-friends-pebblescape,Personalised Sister Pebblescape Gift — Always My Sister | Sister Birthday or Friendship Gift UK,49311835160915,Default Title,24.95,34.95,,False,False
9436247458131,personalised-anniversary-pebble-people-hanging-heart,Personalised 'Anniversary' Pebble People Hanging Heart Gift,49311835226451,Default Title,14.95,18.95,,False,False
9436247556435,personalised-bbq-grill-hanging-sign,Personalised 'BBQ & Grill' Hanging Sign Gift,49311835324755,Default Title,16.95,,,False,False
9436247621971,personalised-beach-proposal-pebble-hanging-heart-gift,Personalised 'Beach Proposal' Pebble Hanging Heart Gift,49311835390291,Default Title,14.95,18.95,,False,False
9436247753043,personalised-beach-wedding-pebble-hanging-heart-2,Personalised 'Beach Wedding' Pebble Hanging Heart Gift,49311836176723,Default Title,14.95,18.95,,False,False
9436247916883,personalised-beer-garden-hanging-sign,Personalised 'Beer Garden' Hanging Sign Gift,49311836995923,Default Title,16.95,,,False,False
9436248605011,personalised-bunny-hanging-heart-blue,Personalised 'Bunny' Hanging Heart Gift (Blue),49311840010579,Default Title,10.95,12.95,,False,False
9436248703315,personalised-bunny-hanging-heart-pink,Personalised 'Bunny' Hanging Heart Gift (Pink),49311840764243,Default Title,10.95,12.95,,False,False
9436248834387,personalised-christening-pebblescape,Personalised Christening Pebblescape Gift — Unique Christening or New Baby Present UK,49311840928083,Default Title,24.95,34.95,,False,False
9436248965459,personalised-create-your-own-football-stadium-street-sign,Personalised Football Gift Street Sign — Create Your Own Stadium Sign | Football Fan Present UK,49311841583443,Small,11.25,24.95,,False,True
9436248965459,personalised-create-your-own-football-stadium-street-sign,Personalised Football Gift Street Sign — Create Your Own Stadium Sign | Football Fan Present UK,54948022649171,Medium,17.24,,,False,True
9436248965459,personalised-create-your-own-football-stadium-street-sign,Personalised Football Gift Street Sign — Create Your Own Stadium Sign | Football Fan Present UK,54948022681939,Large,20.24,,,False,True
9436249325907,personalised-dad-number-plate-keyring,Personalised 'Dad' Number Plate Keyring Gift,49311842959699,Default Title,5.95,,,False,False
9436249489747,personalised-dad-standing-number-plate,Personalised 'Dad/Grandad' Standing Acrylic Number Plate Gift,49311843746131,Default Title,17.95,,,False,False
9436249653587,personalised-deck-garden-sign-copy,Personalised 'Deck' Garden Sign Gift,49311844696403,Default Title,16.95,,,False,False
9436250505555,personalised-wedding-swing-pebblescape,Personalised Engagement Pebblescape Gift — Love Tree | Unique Engagement or Proposal Present UK,49311848530259,Default Title,24.95,34.95,,False,False
9436250603859,personalised-engagement-swing-pebblescape,Personalised Engagement Pebblescape Gift — Swing Design | Unique Engagement or Proposal Gift UK,49311848628563,Default Title,24.95,34.95,,False,False
9436250702163,personalised-engagement-pebble-hanging-heart,Personalised 'Engagement' Pebble Hanging Heart Gift,49311849185619,Default Title,14.95,18.95,,False,False
9436250767699,personalised-everything-to-me-pebblescape,Personalised Couple Pebblescape Gift — Everything To Me | Romantic Anniversary Gift UK,49311849251155,Default Title,24.95,34.95,,False,False
9436250898771,personalised-family-blossom-tree-pebble-hanging-heart,Personalised 'Family Blossom Tree' Pebble Hanging Heart Gift,49311849808211,Default Title,14.95,18.95,,False,False
9436251193683,personalised-family-blossom-tree-pebblescape,Personalised Family Pebblescape Gift — Blossom Tree | Unique Family Home Gift UK,49311851020627,Default Title,24.95,34.95,,False,False
9436251357523,personalised-family-by-the-sea-pebblescape,Personalised Family Pebblescape Gift — By The Sea | Unique Family Home or Holiday Gift UK,49311851675987,Default Title,24.95,34.95,,False,False
9436251849043,personalised-family-festive-christmas-pebble-star-hanging-decoration,Personalised 'Family Festive' Christmas Pebble Star Hanging Decoration,49311854100819,Default Title,15.95,19.95,,False,False
9436252045651,personalised-family-swing-pebblescape,Personalised Family Pebblescape Gift — Family Swing | Unique Family Home Gift UK,49311854887251,Default Title,24.95,34.95,,False,False
9436252176723,family-christmas-fireplace-candle-decoration-2,Personalised Family Christmas Fireplace Candle Decoration — Unique Christmas Home Décor Gift UK,49311855477075,Default Title,28.95,34.95,,False,False
9436252275027,personalised-fire-pit-garden-sign,Personalised 'Fire Pit' Garden Sign Gift,49311856034131,Default Title,16.95,,,False,False
9436252406099,personalised-forever-friends-pebble-hanging-heart,Personalised 'Forever Friends' Pebble Hanging Heart Gift,49311856558419,Default Title,14.95,18.95,,False,False
9436252799315,personalised-garden-hanging-sign,Personalised 'Garden' Hanging Sign Gift,49311857803603,Default Title,16.95,,,False,False
9436252930387,personalised-grandparent-blossom-tree-hanging-heart,Personalised 'Grandparent Blossom Tree' Pebble Hanging Heart Gift,49311858557267,Default Title,14.95,18.95,,False,False
9436253028691,personalised-grandparent-hanging-heart-poem,Personalised 'Grandparent Hanging Heart Poem' Gift,49311858655571,Default Title,9.95,,,False,False
9436253126995,personalised-grandparent-christmas-fireplace-candle-decoration,Personalised Grandparent Christmas Fireplace Candle Decoration — Unique Xmas Gift for Nan Grandad UK,49311859376467,Default Title,28.95,34.95,,False,False
9436253389139,personalised-home-is-our-happy-place-pebblescape,Personalised Home Pebblescape Gift — Home Is Our Happy Place | Unique Housewarming Gift UK,49311859933523,Default Title,24.95,34.95,,False,False
9436253585747,personalised-hot-tub-hanging-sign,Personalised 'Hot Tub' Hanging Sign Gift,49311860982099,Default Title,16.95,,,False,False
9436254044499,personalised-magic-books-teacher-bookmark,Personalised Magic Books Teacher Bookmark Gift — Unique End of Year Thank You Present UK,49311862522195,Default Title,6.95,9.95,,False,False
9436254175571,personalised-mr-mrs-first-christmas-street-sign,Personalised First Christmas Street Sign Gift — Mr & Mrs | Newlywed Christmas Present,49311863472467,Small,11.95,17.95,,False,False
9436254175571,personalised-mr-mrs-first-christmas-street-sign,Personalised First Christmas Street Sign Gift — Mr & Mrs | Newlywed Christmas Present,54948040704339,Large,19.95,,,False,False
9436254306643,personalised-mr-mrs-engraved-chopping-board,Personalised Mr & Mrs Laser Engraved Wedding Chopping Board | Unique Wedding Gift UK,49311864029523,Default Title,19.95,29.95,,False,False
9436254568787,personalised-mr-mrs-standing-plaque,Personalised Mr & Mrs Wedding Standing Plaque Gift | Unique Wedding Day Present UK,49311864357203,Default Title,21.95,28.95,,False,False
9436254896467,personalised-mum-blossom-tree-hanging-heart,Personalised 'Mum Blossom Tree' Pebble Hanging Heart Gift,49311865766227,Default Title,14.95,18.95,,False,False
9436254962003,personalised-mum-hanging-heart-poem,Personalised 'Mum Hanging Heart Poem' Gift,49311866257747,Default Title,9.95,,,False,False
9436255060307,personalised-my-galentine-street-sign-gift,Personalised Galentine Street Sign Gift — My Galentine | Best Friend Valentine's Day Present,49311866356051,Small,18.95,28.95,,False,False
9436255060307,personalised-my-galentine-street-sign-gift,Personalised Galentine Street Sign Gift — My Galentine | Best Friend Valentine's Day Present,54948024058195,Medium,24.94,,,False,True
9436255060307,personalised-my-galentine-street-sign-gift,Personalised Galentine Street Sign Gift — My Galentine | Best Friend Valentine's Day Present,54948024090963,Large,27.94,,,False,True
9436255158611,personalised-my-valentine-street-sign,Personalised Valentine's Day Street Sign Gift — My Valentine | Romantic Gift for Him or Her,49311867765075,Small,14.95,28.95,,False,False
9436255158611,personalised-my-valentine-street-sign,Personalised Valentine's Day Street Sign Gift — My Valentine | Romantic Gift for Him or Her,54948030284115,Medium,20.94,,,False,True
9436255158611,personalised-my-valentine-street-sign,Personalised Valentine's Day Street Sign Gift — My Valentine | Romantic Gift for Him or Her,54948030316883,Large,23.94,,,False,True
9436255289683,personalised-new-baby-stalk-hanging-heart,Personalised 'New Baby Stork' Pebble Hanging Heart Gift,49311868551507,Default Title,14.95,18.95,,False,False
9436255551827,personalised-new-baby-stalk-pebblescape,Personalised New Baby Pebblescape Gift — Baby Stork | Unique New Baby or Christening Gift UK,49311869010259,Default Title,24.95,34.95,,False,False
9436255715667,personalised-new-home-pebblescape,Personalised New Home Pebblescape Gift — Unique Housewarming Moving Present UK,49311869763923,Default Title,24.95,34.95,,False,False
9436255846739,personalised-new-home-our-home-pebble-hanging-heart,Personalised 'New Home/Our Home' Pebble Hanging Heart Gift,49311870157139,Default Title,14.95,18.95,,False,False
9436255879507,personalised-our-family-street-sign-mothers-day-gift,Personalised Mother's Day Street Sign Gift — Our Family | Mum Nanny Nan Present UK,49311870189907,Small,14.95,28.95,,False,False
9436255879507,personalised-our-family-street-sign-mothers-day-gift,Personalised Mother's Day Street Sign Gift — Our Family | Mum Nanny Nan Present UK,54948029661523,Medium,20.94,,,False,True
9436255879507,personalised-our-family-street-sign-mothers-day-gift,Personalised Mother's Day Street Sign Gift — Our Family | Mum Nanny Nan Present UK,54948029694291,Large,23.94,,,False,True
9436256043347,personalised-patio-bar-garden-sign,Personalised 'Patio Bar' Garden Sign Gift,49311871074643,Default Title,16.95,,,False,False
9436256108883,personalised-pool-side-garden-sign,Personalised 'Pool Side' Garden Sign Gift,49311871205715,Default Title,16.95,,,False,False
9436256567635,personalised-retirement-street-sign-gift,Personalised Retirement Street Sign Gift — Unique Retirement or Leaving Present UK,49311872778579,Small,18.95,28.95,,False,False
9436256567635,personalised-retirement-street-sign-gift,Personalised Retirement Street Sign Gift — Unique Retirement or Leaving Present UK,54948029956435,Medium,24.94,,,False,True
9436256567635,personalised-retirement-street-sign-gift,Personalised Retirement Street Sign Gift — Unique Retirement or Leaving Present UK,54948029989203,Large,27.94,,,False,True
9436256764243,personalised-shed-man-cave-hanging-sign,Personalised 'Shed/Man Cave' Hanging Sign Gift,49311873794387,Default Title,16.95,,,False,False
9436256862547,personalised-shine-teacher-star-keyring,Personalised Shine Teacher Star Keyring Gift — Unique End of Year Thank You Teacher Present UK,49311874384211,Default Title,3.95,5.95,,False,False
9436257419603,personalised-trick-or-treat-halloween-street-sign,Personalised Halloween Street Sign Gift — Trick or Treat | Halloween Decoration Present,49311876841811,Default Title,19.95,24.95,,False,False
9436257681747,personalised-true-friends-pebblescape-2,Personalised Friendship Pebblescape Gift — True Friends | Unique Best Friend Present UK,49311877661011,Default Title,24.95,34.95,,False,False
9436257845587,personalised-walk-in-the-park-pebblescape,Personalised Family Pebblescape Gift — Walk In The Park | Unique Family or Couple Gift UK,49311877988691,Default Title,24.95,34.95,,False,False
9436257976659,personalised-watercolour-flower-anniversary-a4-print,Personalised 'Watercolour Flower Anniversary' A4 Print,49311878578515,Default Title,14.95,,,False,False
9436258206035,personalised-watercolour-flower-birthday-a4-print,Personalised 'Watercolour Flower Birthday' A4 Print,49311879725395,Default Title,14.95,,,False,False
9436258337107,personalised-watercolour-flower-couple-a4-print,Personalised 'Watercolour Flower Couple' A4 Print,49311879922003,Default Title,14.95,,,False,False
9436258402643,personalised-watercolour-flower-dont-just-live-bloom-a4-print-copy,Personalised 'Watercolour Flower Don't Just Live...Bloom!' A4 Print,49311880577363,Default Title,14.95,,,False,False
9436258828627,personalised-watercolour-flower-engagement-a4-print,Personalised 'Watercolour Flower Engagement' A4 Print,49311881429331,Default Title,14.95,,,False,False
9436258894163,personalised-watercolour-flower-friendship-a4-print,Personalised 'Watercolour Flower Friendship' A4 Print,49311882215763,Default Title,14.95,,,False,False
9436259025235,personalised-watercolour-flower-mum-a4-print,Personalised 'Watercolour Flower Grandparent' A4 Print,49311883067731,Default Title,14.95,,,False,False
9436259090771,personalised-watercolour-flower-mum-a4-print-2,Personalised 'Watercolour Flower Mum' A4 Print,49311883821395,Default Title,14.95,,,False,False
9436259221843,personalised-watercolour-flower-new-baby-a4-print,Personalised 'Watercolour Flower New Baby' A4 Print,49311884312915,Default Title,14.95,,,False,False
9436259287379,personalised-watercolour-flower-new-home-a4-print,Personalised 'Watercolour Flower New Home' A4 Print,49311884443987,Default Title,14.95,,,False,False
9436259352915,personalised-watercolour-flower-sister-a4-print,Personalised 'Watercolour Flower Sister' A4 Print,49311884542291,Default Title,14.95,,,False,False
9436259451219,personalised-watercolour-flower-special-birthday-a4-print,Personalised 'Watercolour Flower Special Birthday!' A4 Print,49311886475603,Default Title,14.95,,,False,False
9436259844435,personalised-watercolour-flower-teacher-a4-print,Personalised Teacher Watercolour Flower A4 Print — Unique End of Year Thank You Gift UK,49311887589715,Default Title,14.95,,,False,False
9436259942739,personalised-watercolour-flower-wedding-a4-print,Personalised Wedding Watercolour Flower A4 Print — Unique Wedding Day Keepsake Gift UK,49311887655251,Default Title,8.95,12.95,,False,False
9436259975507,personalised-wedding-church-pebblescape,Personalised Wedding Church Pebblescape Gift — Unique Wedding Day Gift UK,49311890112851,Default Title,24.95,34.95,,False,False
9436260073811,personalised-wedding-flower-arch-pebblescape,Personalised Wedding Flower Arch Pebblescape Gift — Unique Wedding Day Gift UK,49311890276691,Default Title,24.95,34.95,,False,False
9436260139347,personalised-wedding-love-tree-pebble-hanging-heart-copy,Personalised 'Wedding Love Tree' Pebble Hanging Heart Gift,49311890374995,Default Title,14.95,18.95,,False,False
9436260237651,personalised-wedding-swing-pebblescape-2,Personalised Wedding Swing Pebblescape Gift — Unique Wedding Day Gift UK,49311890506067,Default Title,24.95,34.95,,False,False
9436260335955,personalised-1st-christmas-new-home-pebble-hanging-heart,"Personalised ""1st Christmas New Home"" Pebble Hanging Heart",49311890702675,Default Title,14.95,18.95,,False,False
9436260729171,personalised-babys-first-christmas-hanging-decoration,"Personalised ""Baby's First Christmas"" Hanging Decoration",49311891849555,Default Title,8.95,10.95,,False,False
9436260893011,personalised-christmas-angel-hanging-decoration,"Personalised ""Christmas Angel"" Hanging Decoration",49311892078931,Default Title,8.95,10.95,,False,False
9436260958547,personalised-creepin-it-real-street-sign,Personalised Halloween Street Sign Gift — Creepin It Real | Funny Halloween Home Decoration,49311892144467,Default Title,19.95,24.95,,False,False
9436261024083,personalised-dog-remembrance-christmas-tree-decoration-pebble-hanging-heart,"Personalised ""Pet Remembrance"" Christmas Pebble Hanging Heart Gift",49311892210003,Default Title,14.95,18.95,,False,False
9436261056851,personalised-family-christmas-hanging-decoration,"Personalised ""Family Christmas"" Hanging Decoration",49311892242771,Default Title,8.95,10.95,,False,False
9436261089619,personalised-first-christmas-as-grandparent-hanging-decoration,"Personalised ""First Christmas as... (Grandparent)"" Hanging Decoration",49311892308307,Default Title,8.95,10.95,,False,False
9436261155155,personalised-first-christmas-as-parent-hanging-decoration,"Personalised ""First Christmas as... (Parent)"" Hanging Decoration",49311892373843,Default Title,8.95,10.95,,False,False
9436261220691,personalised-first-christmas-married-hanging-decoration,"Personalised ""First Christmas Married"" Hanging Decoration",49311892439379,Default Title,8.95,10.95,,False,False
9436261515603,personalised-first-christmas-new-home-hanging-decoration,"Personalised ""First Christmas New Home"" Hanging Decoration",49311893324115,Default Title,8.95,10.95,,False,False
9436261613907,personalised-first-christmas-together-hanging-decoration,"Personalised ""First Christmas Together"" Hanging Decoration",49311893553491,Default Title,8.95,10.95,,False,False
9436261646675,personalised-halloween-party-street-sign,Personalised Halloween Party Street Sign Gift — Personalised Party Decoration,49311893586259,Default Title,19.95,24.95,,False,False
9436261712211,personalised-hocus-pocus-street-sign,Personalised Halloween Street Sign Gift — Hocus Pocus | Halloween Home Decoration,49311893651795,Default Title,19.95,24.95,,False,False
9436261777747,personalised-couple-valentines-edition-pebble-hanging-heart,Personalised Couple Love Is An Invisible Thread Pebble Hanging Heart Gift | Unique Wedding Anniversary Present UK,49311893750099,Default Title,14.95,18.95,,False,False
9436261843283,personalised-merry-bright-family-christmas-pebble-hanging-decoration,"Personalised ""Merry & Bright"" Family Christmas Pebble Hanging Decoration",49311893815635,Default Title,15.95,19.95,,False,False
9436262170963,personalised-my-1st-christmas-babys-1st-christmas-pebble-hanging-heart,"Personalised ""My 1st Christmas"" Baby's 1st Christmas Pebble Hanging Heart",49311894143315,Default Title,14.95,18.95,,False,False
9436262367571,personalised-our-1st-christmas-together-hanging-heart,"Personalised ""Our 1st Christmas Together"" Hanging Heart",49311895290195,Default Title,14.95,18.95,,False,False
9436262400339,personalised-pet-first-christmas-hanging-decoration,"Personalised ""Pet First Christmas"" Hanging Decoration",49311895322963,Default Title,8.95,10.95,,False,False
9436262498643,personalised-pet-remembrance-hanging-decoration,"Personalised ""Pet Remembrance"" Hanging Decoration",49311895585107,Default Title,8.95,10.95,,False,False
9436262596947,personalised-remembrance-christmas-pebble-hanging-heart,"Personalised ""Remembrance"" Christmas Pebble Hanging Heart",49311895716179,Default Title,14.95,18.95,,False,False
9436262629715,personalised-wonderland-family-christmas-pebble-hanging-heart,"Personalised ""Wonderland"" Family Christmas Pebble Hanging Decoration",49311895814483,Default Title,15.95,19.95,,False,False
9436262695251,personalised-acrylic-robin-family-tree-decoration,Personalised Acrylic Robin Family Tree Decoration,49311895847251,Default Title,15.95,9.95,,True,False
9436262728019,personalised-acrylic-robin-remembrance-tree-decoration,Personalised Acrylic Robin Remembrance Tree Decoration,49311895912787,Default Title,15.95,9.95,,True,False
9436262793555,personalised-apple-teacher-bookmark-available-in-2-colours,Personalised Apple Teacher Bookmark Gift — 2 Designs | Unique End of Year Thank You Present UK,49311895978323,Default Title,6.95,9.95,,False,False
9436263154003,personalised-bee-family-outdoor-hanging-heart,Personalised Bee Family Outdoor Hanging Heart Gift,49311896568147,Default Title,14.95,18.95,,False,False
9436263285075,personalised-birthday-pebble-hanging-heart,Personalised Birthday Pebble Hanging Heart Gift,49311897026899,Default Title,14.95,18.95,,False,False
9436263350611,personalised-caution-busy-do-not-disturb-door-hanger,Personalised CAUTION 'Busy Do Not Disturb' Door Hanger Gift,49311897092435,Default Title,13.95,16.95,,False,False
9436263514451,personalised-caution-genius-at-work-door-hanger,Personalised CAUTION 'Genius At Work' Door Hanger Gift,49311897289043,Default Title,13.95,16.95,,False,False
9436264137043,personalised-caution-loud-music-door-hanger,Personalised CAUTION 'Loud Music' Door Hanger Gift,49311898894675,Default Title,13.95,16.95,,False,False
9436264268115,personalised-christening-pebble-hanging-heart,Personalised Christening Pebble Hanging Heart Gift,49311899025747,Default Title,14.95,18.95,,False,False
9436264300883,personalised-elf-arrival-postcard-with-optional-elf-toy,"Personalised Elf Arrival Postcard, Christmas Elf Welcome Letter, Optional Plush Elf Friend",49311899091283,Default Title,11.95,,,False,False
9436264399187,personalised-christmas-2022-family-tree-decoration,Personalised Christmas Family Door Hanging Decoration,49311899189587,Default Title,11.95,15.95,,False,False
9436264431955,personalised-christmas-2022-hanging-pebble-decoration,Personalised Christmas Family Door Hanging Pebble Decoration,49311899222355,Default Title,15.95,19.95,,False,False
9436265447763,personalised-flutterby-blossom-tree-pebble-hanging-heart-6-colours,Personalised Couple Love Tree Pebble Hanging Heart Gift — 6 Colours | Wedding Anniversary Gift UK,49311901155667,Default Title,14.95,18.95,,False,False
9436265546067,personalised-anniversary-pebble-people-hanging-heart-copy,Personalised Couple Wedding Pebble Hanging Heart Gift — Unique Wedding Anniversary Present UK,49311901352275,Default Title,14.95,18.95,,False,False
9436265611603,personalised-dads-bar-london-street-sign,Personalised Dad Gift Street Sign — Bar & Grill BBQ Sign | Father's Day or Birthday Present,49311901417811,Small,11.25,24.95,,False,True
9436265611603,personalised-dads-bar-london-street-sign,Personalised Dad Gift Street Sign — Bar & Grill BBQ Sign | Father's Day or Birthday Present,54948023206227,Medium,17.24,,,False,True
9436265611603,personalised-dads-bar-london-street-sign,Personalised Dad Gift Street Sign — Bar & Grill BBQ Sign | Father's Day or Birthday Present,54948023238995,Large,20.24,,,False,True
9436265939283,personalised-dad-beer-garden-hanging-sign,Personalised Dad 'Beer Garden' Hanging Sign Gift,49311902564691,Default Title,16.95,,,False,False
9436266365267,personalised-everything-to-me-pebble-hanging-heart,Personalised Couple Everything To Me Pebble Hanging Heart Gift | Unique Wedding Anniversary Present UK,49311903285587,Default Title,14.95,18.95,,False,False
9436266496339,personalised-family-acrylic-weekly-wall-planner,Personalised Family Acrylic Weekly Wall Planner Gift,49311903514963,Default Title,24.95,29.95,,False,False
9436266529107,personalised-family-christmas-pebble-hanging-heart,Personalised Family Christmas Pebble Hanging Heart Gift,49311903580499,Default Title,14.95,18.95,,False,False
9436266824019,personalised-little-moments-pebblescape,Personalised Family Flutterby Pebblescape Gift — Unique Family Home Gift UK,49311904268627,Default Title,24.95,34.95,,False,False
9436266922323,personalised-family-pebble-hanging-heart,Personalised Family Pebble Hanging Heart Gift,49311904366931,Default Title,14.95,18.95,,False,False
9436267086163,personalised-christmas-street-sign,Personalised Family Christmas Street Sign Gift — Festive Family Name | Personalised Xmas Decoration,49311904596307,Small,18.95,,,False,False
9436267086163,personalised-christmas-street-sign,Personalised Family Christmas Street Sign Gift — Festive Family Name | Personalised Xmas Decoration,54948040376659,Large,24.95,,,False,False
9436267217235,personalised-teacher-teaching-assistant-star-poem-hanging-heart,Personalised Teacher Floral Poem Hanging Heart Gift — Unique End of Year Thank You Present UK,49311904923987,Default Title,10.95,12.95,,False,False
9436267544915,personalised-flower-teacher-hanging-heart,Personalised Teacher Flower Hanging Heart Gift — Unique End of Year Thank You Present UK,49311905939795,Default Title,10.95,12.95,,False,False
9436267610451,personalised-football-stadium-street-sign-copy,Personalised Football Stadium Street Sign Gift — Pick Your Team | Football Fan Present UK,50183010222419,Small,11.25,24.95,,False,True
9436267610451,personalised-football-stadium-street-sign-copy,Personalised Football Stadium Street Sign Gift — Pick Your Team | Football Fan Present UK,54948023730515,Medium,17.24,,,False,True
9436267610451,personalised-football-stadium-street-sign-copy,Personalised Football Stadium Street Sign Gift — Pick Your Team | Football Fan Present UK,54948023763283,Large,20.24,,,False,True
9436269150547,personalised-friendship-pebble-hanging-heart,Personalised Friendship Pebble Hanging Heart Gift,49311912034643,Default Title,14.95,18.95,,False,False
9436269216083,personalised-golden-wedding-anniversary-pebble-people-hanging-heart,Personalised Golden Wedding Anniversary Pebble People Hanging Heart Gift,49311912296787,Default Title,14.95,18.95,,False,False
9436269314387,personalised-graduation-pebble-hanging-heart,Personalised Graduation Pebble Hanging Heart Gift,49311912395091,Default Title,14.95,18.95,,False,False
9436269347155,personalised-guardian-angel-remembrance-pebble-people-hanging-heart,Personalised Guardian Angel Remembrance Pebble People Hanging Heart Gift,49311912427859,Default Title,14.95,18.95,,False,False
9436269445459,personalised-halloween-street-sign,Personalised Halloween Street Sign Gift — Custom Personalised Halloween Home Decoration,49311912558931,Small,20.95,24.95,,False,False
9436269445459,personalised-halloween-street-sign,Personalised Halloween Street Sign Gift — Custom Personalised Halloween Home Decoration,54948027892051,Medium,26.94,,,False,True
9436269445459,personalised-halloween-street-sign,Personalised Halloween Street Sign Gift — Custom Personalised Halloween Home Decoration,54948027924819,Large,29.94,,,False,True
9436269936979,personalised-hello-baby-pebble-hanging-heart,Personalised Hello Baby Pebble Hanging Heart Gift,49311915770195,Default Title,14.95,18.95,,False,False
9436270330195,personalised-laser-cut-acrylic-garden-sign,Personalised Laser Cut Acrylic 'Garden' Sign Gift,49311916425555,Default Title,49.95,,,False,False
9436270428499,personalised-laser-cut-acrylic-greenhouse-sign,Personalised Laser Cut Acrylic 'Greenhouse' Sign Gift,49311916556627,Default Title,24.95,29.95,,False,False
9436270494035,personalised-laser-cut-acrylic-home-bar-sign,Personalised Laser Cut Acrylic 'Home Bar' Sign Gift,49311917048147,Default Title,44.95,,,False,False
9436270625107,personalised-laser-cut-acrylic-shed-sign,Personalised Laser Cut Acrylic 'Shed' Sign Gift,49311917146451,Default Title,44.95,,,False,False
9436271116627,personalised-london-street-sign,Personalised London Street Sign Gift — Custom London Street Name | Unique London Present UK,49311918260563,Small,18.95,28.95,,False,False
9436271116627,personalised-london-street-sign,Personalised London Street Sign Gift — Custom London Street Name | Unique London Present UK,54948029137235,Medium,24.94,,,False,True
9436271116627,personalised-london-street-sign,Personalised London Street Sign Gift — Custom London Street Name | Unique London Present UK,54948029170003,Large,27.94,,,False,True
9436271247699,personalised-mr-mrs-christmas-wedding-pebble-people-hanging-heart,Personalised Mr & Mrs Christmas Wedding Pebble People Hanging Heart Gift,49311918686547,Default Title,14.95,18.95,,False,False
9436271280467,personalised-mum-pebble-hanging-heart,Personalised Mum Pebble Hanging Heart Gift,49311918719315,Default Title,14.95,18.95,,False,False
9436272066899,personalised-new-baby-pebble-hanging-heart-3-colours,Personalised New Baby Pebble Hanging Heart Gift (3 colours),49311920357715,Default Title,14.95,18.95,,False,False
9436272197971,personalised-new-home-pebble-hanging-heart,Personalised New Home Pebble Hanging Heart Gift,49311921504595,Default Title,14.95,18.95,,False,False
9436272787795,personalised-dog-remembrance-pebble-people-hanging-heart,Personalised Pet Remembrance Pebble People Hanging Heart Gift,49311922880851,Default Title,14.95,18.95,,False,False
9436272886099,personalised-pets-1st-christmas-pebble-hanging-heart,Personalised Pet's 1st Christmas Pebble Hanging Heart,49311923011923,Default Title,14.95,18.95,,False,False
9436272918867,personalised-rainbow-teacher-pebble-people-hanging-heart,Personalised Teacher Rainbow Pebble People Hanging Heart Gift — Unique End of Year Present UK,49311923044691,Default Title,14.95,18.95,,False,False
9436272951635,personalised-robins-remembrance-outdoor-pebble-people-hanging,Personalised Robins Remembrance Outdoor Pebble People Hanging Heart Decoration,49311923077459,Default Title,14.95,20.95,,False,False
9436273017171,personalised-ruby-wedding-anniversary-pebble-people-hanging-heart,Personalised Ruby Wedding Anniversary Pebble People Hanging Heart Gift,49311923142995,Default Title,14.95,18.95,,False,False
9436273213779,personalised-santa-treat-board,Personalised Santa Treat Board Gift,49311923536211,Default Title,22.95,29.95,,False,False
9436273246547,personalised-silver-wedding-anniversary-pebble-people-hanging-heart,Personalised Silver Wedding Anniversary Pebble People Hanging Heart Gift,49311923896659,Default Title,14.95,18.95,,False,False
9436273344851,personalised-sister-pebble-hanging-heart,Personalised Sister Pebble Hanging Heart Gift,49311924060499,Default Title,14.95,18.95,,False,False
9436273410387,personalised-star-teacher-keyring,Personalised Star Teacher Keyring Gift — Unique End of Year Thank You Teacher Present UK,49311924191571,Default Title,3.95,5.95,,False,False
9436273508691,personalised-teacher-bookmark-available-in-9-colours,Personalised Teacher Bookmark Gift — 9 Colours | Unique End of Year Thank You Teacher Present UK,49311924683091,Default Title,6.95,9.95,,False,False
9436274196819,personalised-teacher-hanging-jigsaw-piece-decoration,Personalised Teacher Hanging Jigsaw Piece Gift — Unique End of Year Thank You Present UK,49311926911315,Default Title,10.95,13.95,,False,False
9436274295123,personalised-teacher-poem-hanging-star,Personalised Teacher Poem Hanging Star Gift — Unique End of Year Thank You Present UK,49311927075155,Default Title,10.95,12.95,,False,False
9436274393427,personalised-teacher-standing-acrylic-pencil,Personalised Teacher Standing Acrylic Pencil Gift — Unique End of Year Thank You Present UK,49311927173459,Default Title,17.95,,,False,False
9436274983251,personalised-teacher-teaching-assistant-superhero-keyring,Personalised Teacher Superhero Minifigure Keyring Gift — Unique End of Year Teacher Present UK,49311928648019,Default Title,11.95,14.95,,False,False
9436275573075,single-personalised-teacher-teaching-assistant-hanging-heart-poem,Personalised Teacher Teaching Assistant Hanging Heart Poem Gift — Unique End of Year Present UK,49311930941779,Default Title,10.95,,,False,False
9436275704147,personalised-thank-you-pebble-people-hanging-heart,Personalised Thank You Teacher Pebble People Hanging Heart Gift — Unique End of Year Present UK,49311931367763,Default Title,14.95,18.95,,False,False
9436276097363,personalised-traditional-road-sign,Personalised Traditional Road Sign Gift,49311932154195,Small,18.95,,,False,False
9436276097363,personalised-traditional-road-sign,Personalised Traditional Road Sign Gift,54948030153043,Medium,24.94,,,False,True
9436276097363,personalised-traditional-road-sign,Personalised Traditional Road Sign Gift,54948030185811,Large,27.94,,,False,True
9436276326739,personalised-vintage-style-train-sign-gift,Personalised Vintage Style Train Sign Gift,50075885470035,Small,18.95,,,False,False
9436276326739,personalised-vintage-style-train-sign-gift,Personalised Vintage Style Train Sign Gift,54948038377811,Medium,24.94,,,False,True
9436276326739,personalised-vintage-style-train-sign-gift,Personalised Vintage Style Train Sign Gift,54948038410579,Large,27.94,,,False,True
9436276982099,personalised-wedding-pebble-people-hanging-heart,Personalised Wedding Pebble People Hanging Heart Gift,49311935168851,Default Title,14.95,18.95,,False,False
9436278063443,personalised-football-team-acrylic-block,"Personalised, Football Team Acrylic Block Gift",49311938216275,Default Title,19.95,24.95,,False,False
9436279144787,porcelain-handled-tea-light-holder-good-friends,Porcelain Handled Tea Light Holder - Good friends,49311941198163,Default Title,11.99,,,False,False
9436280947027,porcelain-matchbox-little-guardian-angel,Porcelain Matchbox - Little Guardian Angel,49311945621843,Default Title,6.95,,,False,False
9436281078099,porcelain-matchbox-message-bear-big-bear-hug,Porcelain Matchbox Message Bear - Big bear hug,49311946015059,Default Title,6.95,,,False,False
9436281340243,porcelain-matchbox-dog-never-walk-alone,Porcelain Matchbox Message Dog - Never walk alone,49311946998099,Default Title,6.95,,,False,False
9436281405779,porcelain-matchbox-elephant-you-are-loved,Porcelain Matchbox Message Elephant - You are loved,49311947161939,Default Title,3.95,,,False,False
9436281798995,porcelain-matchbox-giraffe-daddy,Porcelain Matchbox Message Giraffe - Daddy,49311948177747,Default Title,6.95,,,False,False
9436281864531,porcelain-matchbox-penguin-flipping-love-you,Porcelain Matchbox Message Penguin - Flipping love you,49311948276051,Default Title,6.95,,,False,False
9436281962835,porcelain-matchbox-message-star-thanks-teacher,Personalised Teacher Porcelain Matchbox Star — Thanks Teacher | Unique End of Year Thank You Gift UK,49311948374355,Default Title,6.95,,,False,False
9436282224979,proposal-in-paris-personalised-pebble-picture,Personalised Couple Pebble Picture Gift — Proposal In Paris | Romantic Engagement Gift UK,49311948996947,Default Title,22.95,34.95,,False,False
9436282257747,proposal-in-venice-personalised-pebble-picture,Personalised Couple Pebble Picture Gift — Proposal In Venice | Romantic Engagement Gift UK,49311949193555,Default Title,22.95,34.95,,False,False
9436282323283,rainbow-personalised-pebble-sketch-picture,Personalised Rainbow Pebble Picture Gift — Unique Hopeful Memory or Remembrance Gift UK,49311949259091,Default Title,29.95,34.95,,False,False
9436282454355,personalised-remembrance-angel-wings-pebble-picture-up-to-4-angels,Personalised Remembrance Angel Wings Pebble Picture Gift — Up to 4 Angels | Memorial Gift UK,49311949390163,Default Title,24.95,34.95,,False,False
9436282519891,personalised-remembrance-blue-angel-wings-pebble-picture,Personalised Remembrance Pebble Picture Gift — Blue Angel Wings | Unique Memorial Gift UK,49311949652307,Default Title,24.95,34.95,,False,False
9436282618195,personalised-remembrance-pink-angel-wings-pebble-picture,Personalised Remembrance Pebble Picture Gift — Pink Angel Wings | Unique Memorial Gift UK,49311949783379,Default Title,24.95,34.95,,False,False
9436282650963,running-duck-bookmark-wind-beneath-my-wings,Running Duck Bookmark - Wind beneath my wings,49311949816147,Default Title,1.50,,,False,False
9436283699539,simple-moments-personalised-pebble-picture,Personalised Pebble Picture Gift — Simple Moments | Unique Birthday or Special Occasion Gift UK,49311952994643,Default Title,29.95,34.95,,False,False
9436285894995,sowing-the-seeds-of-love-personalised-pebble-artwork,Personalised Couple Pebble Picture Gift — Sowing The Seeds Of Love | Romantic Anniversary Gift UK,49311955943763,Default Title,29.95,34.95,,False,False
9436288057683,70th-birthday-personalised-oak-veneer-bottle-opener,"Special 'Birthday' Personalised, Oak Veneer Bottle Opener Gift",49311962300755,Default Title,22.95,24.95,,False,False
9436288090451,special-teacher-bookmark,Personalised Special Teacher Bookmark Gift — Unique End of Year Thank You Teacher Present UK,49311962366291,Default Title,1.50,,,False,False
9436288647507,the-climb-personalised-pebble-picture,Personalised Pebble Picture Gift — The Climb | Unique Achievement or Milestone Present UK,49311964791123,Default Title,29.95,34.95,,False,False
9436288975187,to-the-moon-back-personalised-pebble-artwork,Personalised Pebble Artwork Gift — To The Moon & Back | Unique Romantic or Family Gift UK,49311965315411,Default Title,29.95,34.95,,False,False
9436289073491,true-friends-personalised-pebble-picture,Personalised Friendship Pebble Picture Gift — True Friends | Unique Best Friend Present UK,49311965446483,Default Title,24.95,34.95,,False,False
9436289663315,wedding-church-personalised-pebble-picture,Personalised Wedding Church Pebble Picture Gift — Unique Wedding Day Present UK,49311968198995,Default Title,22.95,34.95,,False,False
9436289696083,wedding-arch-personalised-pebble-picture,Personalised Wedding Flower Arch Pebble Picture Gift — Unique Wedding Day Present UK,49311968231763,Default Title,22.95,34.95,,False,False
9436289827155,wedding-swing-personalised-pebble-picture,Personalised Wedding Swing Pebble Picture Gift — Unique Wedding Day Gift UK,49311968395603,Default Title,22.95,34.95,,False,False
9436289925459,what-happens-at-grandmas-personalised-pebble-picture,Personalised Grandma Pebble Picture Gift — What Happens At Grandma's | Unique Gran Present UK,49311968624979,Default Title,29.95,34.95,,False,False
9436289990995,what-happens-at-grandpas-personalised-pebble-picture,Personalised Grandpa Pebble Picture Gift — What Happens At Grandpa's | Unique Grandad Present UK,49311968690515,Default Title,29.95,34.95,,False,False
9436290089299,when-we-stayed-home-personalised-pebble-picture,Personalised Family Pebble Picture Gift — When We Stayed Home | Unique Keepsake Gift UK,49311968821587,Default Title,29.95,34.95,,False,False
9532620702035,option-set-768163-select-2,Size of sign,49575716979027,Large (57x13cm),7.00,,,False,False
9532629877075,option-set-768163-select-4,Select 2,49575778124115,Size of sign - Large (57x13cm),5.60,,,False,True
9532637184339,option-set-768163-select-1,**INCREDIBLE OFFER** Buy a second one with 20% off!,49575811809619,YES Please,10.36,,,False,True
9532643705171,option-set-728788-select-1,**INCREDIBLE OFFER** Buy a second one for just £10.95,49575838450003,YES Please,4.95,,10.95,False,False
9532645015891,option-set-767508-select-2,**INCREDIBLE OFFER** Buy a second one for just £20,49575842971987,YES Please,20.00,,20,False,False
9532646555987,option-set-767519-select-1,**INCREDIBLE OFFER** Buy a second one for just £10,49575848247635,YES Please,10.00,,10,False,False
9532647604563,option-set-767521-select-1,**INCREDIBLE OFFER** Buy a second one for just £15,49575853064531,YES Please,10.00,,15,False,False
9532648390995,option-set-767526-select-1,**INCREDIBLE OFFER** Buy a second one for just £15,49575856472403,YES Please,15.60,,15,False,True
9532649111891,option-set-768070-select-1,**INCREDIBLE OFFER** Buy a second one for just £15,49575858405715,YES Please,15.00,,15,False,False
9532791685459,option-set-768237-select-3,No. of pebble characters (If you wish to have dogs/cats in your picture please include these in the total number of pebble characters!),49576599355731,7 (Inc Cat/Dog) (+£3),3.00,,3,False,False
9532791685459,option-set-768237-select-3,No. of pebble characters (If you wish to have dogs/cats in your picture please include these in the total number of pebble characters!),49576599388499,8 (Inc Cat/Dog) (+£3),3.00,,3,False,False
9532857549139,option-set-768290-select-3,(+£20) **INCREDIBLE OFFER** PEBBLESCAPE,49576979005779,Default Title,20.00,,20,False,False
9533028598099,option-set-768237-select-12,INCREDIBLE DEAL GET 2ND FOR 20,49577906700627,YES,20.00,,,False,False
9534141989203,option-set-768916-select-12,"No. of pebble characters (Please include adults in the total, max 2 standing)",49580935217491,7 (Inc Cat/Dog) (+£3),3.00,,3,False,False
9534141989203,option-set-768916-select-12,"No. of pebble characters (Please include adults in the total, max 2 standing)",49580935250259,8 (Inc Cat/Dog) (+£3),3.00,,3,False,False
9534143922515,option-set-768916-select-15,"No. of pebble characters (Please include adults in the total, max 2 standing)",49580960514387,7 (Inc Cat/Dog) (+£3),3.00,,3,False,False
9534143922515,option-set-768916-select-15,"No. of pebble characters (Please include adults in the total, max 2 standing)",49580960547155,8 (Inc Cat/Dog) (+£3),3.00,,3,False,False
9534145724755,option-set-768946-select-12,No. of pebble characters (If you wish to have dogs/cats in your picture please include these in the total number of pebble characters!),49580978372947,7 (Inc Cat/Dog) (+£3),3.00,,3,False,False
9534145724755,option-set-768946-select-12,No. of pebble characters (If you wish to have dogs/cats in your picture please include these in the total number of pebble characters!),49580978405715,8 (Inc Cat/Dog) (+£3),3.00,,3,False,False
9534145921363,option-set-768946-select-15,Select 10,49580980470099,7 (Inc Cat/Dog) (+£3),3.00,,3,False,False
9534145921363,option-set-768946-select-15,Select 10,49580980502867,8 (Inc Cat/Dog) (+£3),3.00,,3,False,False
9534146281811,option-set-768942-select-12,No. of pebble characters (If you wish to have dogs/cats in your picture please include these in the total number of pebble characters!),49580982042963,7 (Inc Cat/Dog) (+£3),3.00,,3,False,False
9534146281811,option-set-768942-select-12,No. of pebble characters (If you wish to have dogs/cats in your picture please include these in the total number of pebble characters!),49580982075731,8 (Inc Cat/Dog) (+£3),3.00,,3,False,False
9534146314579,option-set-768942-select-15,No. of pebble characters (If you wish to have dogs/cats in your picture please include these in the total number of pebble characters!),49580982108499,7 (Inc Cat/Dog) (+£3),3.00,,3,False,False
9534146314579,option-set-768942-select-15,No. of pebble characters (If you wish to have dogs/cats in your picture please include these in the total number of pebble characters!),49580982141267,8 (Inc Cat/Dog) (+£3),3.00,,3,False,False
9534146543955,option-set-768938-select-12,No. of pebble characters (If you wish to have dogs/cats in your picture please include these in the total number of pebble characters!),49580983288147,7 (Inc Cat/Dog) (+£3),3.00,,3,False,False
9534146543955,option-set-768938-select-12,No. of pebble characters (If you wish to have dogs/cats in your picture please include these in the total number of pebble characters!),49580983419219,8 (Inc Cat/Dog) (+£3),3.00,,3,False,False
9534147297619,option-set-768938-select-15,No. of pebble characters (If you wish to have dogs/cats in your picture please include these in the total number of pebble characters!),49580985942355,7 (Inc Cat/Dog) (+£3),3.00,,3,False,False
9534147297619,option-set-768938-select-15,No. of pebble characters (If you wish to have dogs/cats in your picture please include these in the total number of pebble characters!),49580985975123,8 (Inc Cat/Dog) (+£3),3.00,,3,False,False
9534147526995,option-set-768934-select-12,No. of pebble characters (If you wish to have dogs/cats in your picture please include these in the total number of pebble characters!),49580987449683,7 (Inc Cat/Dog) (+£3),3.00,,3,False,False
9534147526995,option-set-768934-select-12,No. of pebble characters (If you wish to have dogs/cats in your picture please include these in the total number of pebble characters!),49580987482451,8 (Inc Cat/Dog) (+£3),4.00,,3,False,False
9534147559763,option-set-768934-select-15,No. of pebble characters (If you wish to have dogs/cats in your picture please include these in the total number of pebble characters!),49580987515219,7 (Inc Cat/Dog) (+£3),3.00,,3,False,False
9534147559763,option-set-768934-select-15,No. of pebble characters (If you wish to have dogs/cats in your picture please include these in the total number of pebble characters!),49580987547987,8 (Inc Cat/Dog) (+£3),3.00,,3,False,False
9534147887443,option-set-768932-select-12,No. of pebble characters (If you wish to have dogs/cats in your picture please include these in the total number of pebble characters!),49580988989779,7 (Inc Cat/Dog) (+£3),3.00,,3,False,False
9534147887443,option-set-768932-select-12,No. of pebble characters (If you wish to have dogs/cats in your picture please include these in the total number of pebble characters!),49580989022547,8 (Inc Cat/Dog) (+£3),3.00,,3,False,False
9534147920211,option-set-768932-select-15,No. of pebble characters (If you wish to have dogs/cats in your picture please include these in the total number of pebble characters!),49580989055315,7 (Inc Cat/Dog) (+£3),3.00,,3,False,False
9534147920211,option-set-768932-select-15,No. of pebble characters (If you wish to have dogs/cats in your picture please include these in the total number of pebble characters!),49580989088083,8 (Inc Cat/Dog) (+£3),3.00,,3,False,False
9534149460307,option-set-768898-select-12,No. of pebble characters (If you wish to have dogs/cats in your picture please include these in the total number of pebble characters!),49581000687955,7 (Inc Cat/Dog) (+£3),3.00,,3,False,False
9534149460307,option-set-768898-select-12,No. of pebble characters (If you wish to have dogs/cats in your picture please include these in the total number of pebble characters!),49581000720723,8 (Inc Cat/Dog) (+£3),3.00,,3,False,False
9534149493075,option-set-768898-select-15,No. of pebble characters (If you wish to have dogs/cats in your picture please include these in the total number of pebble characters!),49581000753491,7 (Inc Cat/Dog) (+£3),3.00,,3,False,False
9534149493075,option-set-768898-select-15,No. of pebble characters (If you wish to have dogs/cats in your picture please include these in the total number of pebble characters!),49581000786259,8 (Inc Cat/Dog) (+£3),3.00,,3,False,False
9534149951827,option-set-768448-select-12,No. of pebble characters (If you wish to have dogs/cats in your picture please include these in the total number of pebble characters!),49581005078867,7 (Inc Cat/Dog) (+£3),3.00,,3,False,False
9534149951827,option-set-768448-select-12,No. of pebble characters (If you wish to have dogs/cats in your picture please include these in the total number of pebble characters!),49581005111635,8 (Inc Cat/Dog) (+£3),3.00,,3,False,False
9534271226195,on-your-wedding-day-personalised-pebble-picture-gift-autumn,Personalised Autumn Wedding Pebble Picture Gift — On Your Wedding Day | Unique Wedding Gift UK,49581524123987,Default Title,22.95,34.95,,False,False
9534354620755,option-set-769070-select-4,Size of acrylic block,49581759922515,Large (up to 6 shirts),5.00,,,False,False
9534414618963,option-set-769153-dropdown-1,Size of heart,49581961085267,Large 15 x 15cm (£17.95),3.00,,17.95,False,False
9534414913875,option-set-769153-dropdown-3,Dropdown 2,49581961511251,Size of heart - Large 15 x 15cm (£17.95),3.00,,17.95,False,False
9534420582739,option-set-769153-dropdown-4,Dropdown 2,49581986283859,Size of heart - Large 15 x 15cm (£17.95),3.00,,17.95,False,False
9534420615507,option-set-769153-dropdown-5,Dropdown 3,49581986382163,Size of heart - Large 15 x 15cm (£17.95),3.00,,17.95,False,False
9534461673811,option-set-769181-select-24,Size of heart,49582124269907,Large 15 x 15cm (£17.95),3.00,,17.95,False,False
9534470685011,option-set-769181-select-1,Number of pebble people (max 8 inc pets),49582194131283,5 (Large heart +£3),3.00,,3,False,False
9534470685011,option-set-769181-select-1,Number of pebble people (max 8 inc pets),49582194164051,6 (Large heart +£3),3.00,,3,False,False
9534470685011,option-set-769181-select-1,Number of pebble people (max 8 inc pets),49582194196819,7 (Large heart +£5),5.00,,5,False,False
9534470685011,option-set-769181-select-1,Number of pebble people (max 8 inc pets),49582194229587,8 (Large heart +£5),5.00,,5,False,False
9534484742483,option-set-769181-select-25,Select 9,49582238990675,Number of pebble people (max 8 inc pets) - 5 (Large heart +£3),3.00,,3,False,False
9534484742483,option-set-769181-select-25,Select 9,49582239023443,Number of pebble people (max 8 inc pets) - 6 (Large heart +£3),3.00,,3,False,False
9534484742483,option-set-769181-select-25,Select 9,49582239056211,Number of pebble people (max 8 inc pets) - 7 (Large heart +£5),5.00,,5,False,False
9534484742483,option-set-769181-select-25,Select 9,49582239088979,Number of pebble people (max 8 inc pets) - 8 (Large heart +£5),5.00,,5,False,False
9534485201235,option-set-769181-select-26,Select 10,49582240334163,Size of heart - Large 15 x 15cm (£17.95),3.00,,17.95,False,False
9534508400979,option-set-769194-dropdown-1,Number of names to appear,49582372749651,5 (large decoration £14),2.05,,14,False,True
9534508400979,option-set-769194-dropdown-1,Number of names to appear,49582372782419,6 (large decoration £14),2.05,,14,False,True
9534508400979,option-set-769194-dropdown-1,Number of names to appear,49582372815187,7 (large decoration £14),2.05,,14,False,True
9534508400979,option-set-769194-dropdown-1,Number of names to appear,49582372847955,8 (large decoration £14),2.05,,14,False,True
9534514397523,option-set-769194-dropdown-4,Dropdown 2,49582407385427,Number of names to appear - 5 (large decoration £14),2.05,,14,False,True
9534514397523,option-set-769194-dropdown-4,Dropdown 2,49582407418195,Number of names to appear - 6 (large decoration £14),2.05,,14,False,True
9534514397523,option-set-769194-dropdown-4,Dropdown 2,49582407450963,Number of names to appear - 7 (large decoration £14),2.05,,14,False,True
9534514397523,option-set-769194-dropdown-4,Dropdown 2,49582407483731,Number of names to appear - 8 (large decoration £14),2.05,,14,False,True
9534789419347,option-set-769265-dropdown-1,Size of street sign,49583008874835,Large (57x12cm) (£19.99),8.00,,19.99,False,False
9534789648723,option-set-769265-dropdown-2,Dropdown 2,49583009136979,Large (57x12cm) (£19.99),3.01,,19.99,False,True
9534798070099,option-set-728788-dropdown-1,Size of street sign,49583022506323,Large (57x12cm) (£19.99),8.00,,19.99,False,False
9534798233939,option-set-728788-dropdown-2,Dropdown 2,49583022637395,Large (57x12cm) (£19.99),3.01,,19.99,False,True
9534965186899,option-set-769294-select-1,**INCREDIBLE OFFER** Buy a second one for just £9.95,49583254339923,**INCREDIBLE OFFER** Buy a second one for just £12.95 - YES Please,9.95,,9.95;12.95,False,False
9537655308627,option-set-769869-select-2,Size of heart,49588293992787,Large 15 x 15cm (£14.95),0.00,,14.95,False,False
9537659076947,option-set-769869-select-3,Select 2,49588305330515,Size of heart - Large 15 x 15cm (£14.95),4.00,,14.95,False,False
9537787134291,option-set-769905-select-13,**INCREDIBLE OFFER** Buy a second one for just £11.95,49588707623251,YES Please,11.95,,11.95,False,False
9538003206483,option-set-768283-select-12,**INCREDIBLE OFFER** Buy a second one for just £20,49589235056979,YES Please,20.00,,20,False,False
9538015068499,option-set-768288-select-12,**INCREDIBLE OFFER** Buy a second one for just £20,49589255078227,YES Please,20.00,,20,False,False
9538027028819,option-set-768335-select-12,**INCREDIBLE OFFER** Buy a second one for just £20,49589285290323,option_1,20.00,,20,False,False
9538189197651,option-set-770062-select-1,Size of Pebblescape,49589696332115,Default Title,10.00,,,False,False
9538192605523,option-set-770062-select-3,Select 2,49589701280083,Default Title,10.00,,,False,False
9538220818771,option-set-770064-select-12,No. of pebble characters LARGE PEBBLESCAPE,49589774188883,9 (Large pebblescape +£16),16.00,,16,False,False
9538220818771,option-set-770064-select-12,No. of pebble characters LARGE PEBBLESCAPE,49589774221651,10 (Large pebblescape +£16),16.00,,16,False,False
9538220818771,option-set-770064-select-12,No. of pebble characters LARGE PEBBLESCAPE,49589774254419,11 (Large pebblescape +£19),19.00,,19,False,False
9538220818771,option-set-770064-select-12,No. of pebble characters LARGE PEBBLESCAPE,49589774287187,12 (Large pebblescape +£19),19.00,,19,False,False
9545020014931,option-set-770064-select-38,Size of pebblescape,49611425186131,Large 50cm x 20cm (£34.95),10.00,,34.95,False,False
9545023160659,option-set-770064-select-39,Select 14,49611437572435,Size of pebblescape - Large 50cm x 20cm (£34.95),10.00,,34.95,False,False
9545028370771,option-set-770086-select-50,Size of pebblescape,49611466735955,Large 50cm x 20cm (£34.95),10.00,,34.95,False,False
9545029779795,option-set-770086-select-51,Select 14,49611475255635,Size of pebblescape - Large 50cm x 20cm (£34.95),10.00,,34.95,False,False
9545061400915,option-set-772441-select-1,Size of Pebblescape,49611598332243,Default Title,10.00,,,False,False
9545061433683,option-set-772441-select-3,Select 2,49611598365011,Default Title,10.00,,,False,False
9545069658451,option-set-772445-select-1,Size of Pebblescape,49611638243667,Default Title,10.00,,,False,False
9545069691219,option-set-772445-select-3,Select 2,49611638276435,Default Title,10.00,,,False,False
9545181069651,option-set-772498-select-12,No. of stockings,49612000297299,5 (+£2),0.00,,2,False,False
9545181069651,option-set-772498-select-12,No. of stockings,49612000330067,6 (+£2),0.00,,2,False,False
9545181069651,option-set-772498-select-12,No. of stockings,49612000362835,7 (+£4),4.00,,4,False,False
9545181069651,option-set-772498-select-12,No. of stockings,49612086313299,8 (+£4),4.00,,4,False,False
9545204498771,option-set-772498-select-51,Select 2,49612065898835,No. of stockings - 5 (+£2),2.00,,2,False,False
9545204498771,option-set-772498-select-51,Select 2,49612065931603,No. of stockings - 6 (+£2),2.00,,2,False,False
9545204498771,option-set-772498-select-51,Select 2,49612065964371,No. of stockings - 7 (+£4),4.00,,4,False,False
9545232843091,option-set-772532-select-12,Number of robins,49612204474707,2,5.95,,,False,False
9545232843091,option-set-772532-select-12,Number of robins,49612204507475,3,11.90,,,False,False
9545232843091,option-set-772532-select-12,Number of robins,49612204540243,4,16.05,,,False,True
9545232843091,option-set-772532-select-12,Number of robins,49612204573011,5,21.00,,,False,False
9545232843091,option-set-772532-select-12,Number of robins,49612204605779,6,25.95,,,False,False
9545240346963,option-set-772537-select-1,Size of Pebblescape,49612250218835,Default Title,10.00,,,False,False
9545302442323,option-set-772589-select-15,Select 2,49612511838547,7 (+£1.50),1.50,,1.50,False,False
9545302442323,option-set-772589-select-15,Select 2,49612511871315,8 (+£1.50),1.50,,1.50,False,False
9545303523667,option-set-772589-select-12,Number of People (Inc Pets),49612517310803,7 (+£1.50),1.50,,1.50,False,False
9545303523667,option-set-772589-select-12,Number of People (Inc Pets),49612517343571,8 (+£1.50),1.50,,1.50,False,False
9545429483859,option-set-772661-select-3,**INCREDIBLE OFFER** Buy a second one for just £6,49612953747795,YES Please,6.00,,6,False,False
9545450520915,option-set-772685-select-4,Framing options,49613057556819,Add White frame (+£15),15.00,,15,False,False
9545450520915,option-set-772685-select-4,Framing options,49613057589587,Add Grey frame (+£15),15.00,,15,False,False
9545450553683,option-set-772685-select-5,Select 2,49613057622355,Add White frame (+£15),15.00,,15,False,False
9545450553683,option-set-772685-select-5,Select 2,49613057655123,Add Grey frame (+£15),15.00,,15,False,False
9545456255315,option-set-772692-select-7,Number of flowers,49613084918099,7 (+£3),3.00,,3,False,False
9545456255315,option-set-772692-select-7,Number of flowers,49613084950867,8 (+£3),3.00,,3,False,False
9545456255315,option-set-772692-select-7,Number of flowers,49613084983635,9 (+£3),3.00,,3,False,False
9545456255315,option-set-772692-select-7,Number of flowers,49613085016403,10 (+£3),3.00,,3,False,False
9545456255315,option-set-772692-select-7,Number of flowers,49613085049171,11 (+£3),3.00,,3,False,False
9545456255315,option-set-772692-select-7,Number of flowers,49613085081939,12 (+£3),3.00,,3,False,False
9545460056403,option-set-772692-select-8,Select 4,49613103268179,Number of flowers - 7 (+£3),3.00,,3,False,False
9545460056403,option-set-772692-select-8,Select 4,49613103300947,Number of flowers - 8 (+£3),3.00,,3,False,False
9545460056403,option-set-772692-select-8,Select 4,49613103333715,Number of flowers - 9 (+£3),3.00,,3,False,False
9545460056403,option-set-772692-select-8,Select 4,49613103366483,Number of flowers - 10 (+£3),3.00,,3,False,False
9545460056403,option-set-772692-select-8,Select 4,49613103399251,Number of flowers - 11 (+£3),3.00,,3,False,False
9545460056403,option-set-772692-select-8,Select 4,49613103432019,Number of flowers - 12 (+£3),3.00,,3,False,False
9546541695315,option-set-773192-select-8,**INCREDIBLE OFFER** Buy a second decoration for just £6.95,49616865263955,YES Please,6.95,,6.95,False,False
9546865115475,option-set-773285-checkbox-1,Add branded gift box,49617621025107,YES please gift box my bracelet (£2),2.00,,2,False,False
9546872979795,option-set-773285-checkbox-2,Add matching hair tie,49617640030547,YES please one each (+£3),3.00,,3,False,False
9546872979795,option-set-773285-checkbox-2,Add matching hair tie,49617640063315,YES please just one (+£1.50),1.50,,1.50,False,False
9674540843347,option-set-773423-select-12,**INCREDIBLE OFFER** Buy a second one for just £20,50063040840019,YES Please,20.00,,20,False,False
9674811081043,option-set-769260-select-1,**INCREDIBLE OFFER** Buy a second one for just £10,50064576643411,YES Please,10.00,,10,False,False
9675778097491,option-set-768156-select-1,**INCREDIBLE OFFER** Buy a second one for just £15,50070424617299,YES Please,15.00,,15,False,False
9675788517715,option-set-768071-select-1,**INCREDIBLE OFFER** Buy a second one for just £15,50070549954899,YES Please,15.00,,15,False,False
9675792712019,option-set-768127-select-1,**INCREDIBLE OFFER** Buy a second one for just £15,50070599696723,YES Please,15.00,,15,False,False
9675794219347,option-set-768144-select-1,**INCREDIBLE OFFER** Buy a second one for just £15,50070613852499,YES Please,15.00,,15,False,False
9675795857747,option-set-768126-select-1,**INCREDIBLE OFFER** Buy a second one for just £15,50070627746131,YES Please,15.00,,15,False,False
9675796185427,option-set-768122-select-1,**INCREDIBLE OFFER** Buy a second one for just £15,50070632137043,YES Please,15.00,,15,False,False
9675796840787,option-set-768116-select-1,**INCREDIBLE OFFER** Buy a second one for just £15,50070639968595,YES Please,15.00,,15,False,False
9675798577491,option-set-768102-select-1,**INCREDIBLE OFFER** Buy a second one for just £15,50070658482515,YES Please,15.00,,15,False,False
9675798970707,option-set-768106-select-1,**INCREDIBLE OFFER** Buy a second one for just £15,50070661562707,YES Please,15.00,,15,False,False
9675799822675,option-set-768114-select-1,**INCREDIBLE OFFER** Buy a second one for just £15,50070668738899,YES Please,15.00,,15,False,False
9675831017811,large-train-sign,Large Train Sign (+£7),50070958113107,Default Title,7.00,,7,False,False
9675919065427,option-set-768158-select-1,**INCREDIBLE OFFER** Buy a second one for just £15,50071681761619,YES Please,15.00,,15,False,False
9676835455315,option-set-769153-select-1,**INCREDIBLE OFFER** Buy a second one for just £10.95,50075947106643,YES Please,10.95,,10.95,False,False
9676962529619,option-set-869614-select-1,Size of heart,50076437446995,Large,3.00,,,False,False
9677038059859,add-13-95,Add £13.95,50076613345619,Large,13.95,,13.95,False,False
9677043269971,option-set-869636-select-2,Number of pebble people,50076636184915,5 (Large heart +£3),3.00,,3,False,False
9677043269971,option-set-869636-select-2,Number of pebble people,50076636217683,6 (Large heart +£3),3.00,,3,False,False
9677043269971,option-set-869636-select-2,Number of pebble people,50076636250451,7 (Large heart +£3),5.00,,3,False,False
9677043269971,option-set-869636-select-2,Number of pebble people,50076636283219,8 (Large heart +£3),5.00,,3,False,False
9677043335507,option-set-869636-select-3,**INCREDIBLE OFFER** Buy a second one for just £10.95,50076636381523,YES Please,10.95,,10.95,False,False
9677084426579,option-set-769814-select-1,**INCREDIBLE OFFER** Buy a second laser cut sign for just £24.95,50076761522515,**Multi Buy** Buy a second greenhouse sign for just £9.95 YES Please,9.95,,24.95;9.95,False,False
9677084426579,option-set-769814-select-1,**INCREDIBLE OFFER** Buy a second laser cut sign for just £24.95,50110923637075,YES Please,24.95,,24.95,False,False
9677118308691,option-set-769917-select-1,**INCREDIBLE OFFER** Buy a second one for just £10.95,50076847472979,YES Please,10.95,,10.95,False,False
9677122240851,option-set-769919-select-13,**INCREDIBLE OFFER** Buy a second one for just £10.95,50076855304531,YES Please,10.95,,10.95,False,False
9677124927827,option-set-769927-select-1,**INCREDIBLE OFFER** Buy a second one for just £10.95,50076860612947,YES Please,10.95,,10.95,False,False
9677126795603,option-set-769924-select-1,**INCREDIBLE OFFER** Buy a second one for just £10.95,50076865626451,YES Please,10.95,,10.95,False,False
9677136724307,option-set-769928-select-1,**INCREDIBLE OFFER** Buy a second one for just £10.95,50076880306515,YES Please,10.95,,10.95,False,False
9677140066643,option-set-769929-select-1,**INCREDIBLE OFFER** Buy a second one for just £10.95,50076888072531,YES Please,10.95,,10.95,False,False
9677141541203,option-set-769931-select-1,**INCREDIBLE OFFER** Buy a second one for just £10.95,50076892201299,YES Please,10.95,,10.95,False,False
9677147537747,option-set-769932-select-1,**INCREDIBLE OFFER** Buy a second one for just £10.95,50076900819283,YES Please,10.95,,10.95,False,False
9677291684179,option-set-769280-select-1,**INCREDIBLE OFFER** Buy a second one for just £10.95,50077258514771,YES Please,10.95,,10.95,False,False
9678405960019,option-set-769274-select-1,**INCREDIBLE OFFER** Buy a second one for just £10.95,50080455557459,YES Please,10.95,,10.95,False,False
9678468874579,option-set-769889-select-1,**INCREDIBLE OFFER** Buy a second one for just £10.95,50080567329107,YES Please,10.95,,10.95,False,False
9679949824339,template-20337-dropdown-1,Size of heart,50086299894099,Large 15 x 15cm (£17.95),3.00,,17.95,False,False
9679954411859,option-set-870294-dropdown-1,(+£3) Large heart,50086319128915,Large 15 x 15cm (£17.95),3.00,,3;17.95,False,False
9679961784659,3-large-heart,(+£3) Large Heart,50086348915027,Default Title,3.00,,3,False,False
9679987573075,10-95-incredible-offer,(+£10.95) **INCREDIBLE OFFER** BOARD,50086479429971,Default Title,10.95,,10.95,False,False
9680034726227,8-large-sign,(+£8) Large Sign,50086687867219,Default Title,8.00,,8,False,False
9680047669587,6-99-incredible-offer,(+£6.95) **INCREDIBLE OFFER** FESTIVE SIGN,50086752911699,Small,6.95,,6.95,False,False
9680047669587,6-99-incredible-offer,(+£6.95) **INCREDIBLE OFFER** FESTIVE SIGN,54948008591699,Large,10.00,,6.95,False,False
9680074768723,10-large-sign,(+3.05) Large Sign,50086917996883,Default Title,3.05,,,False,True
9680095510867,10-95-incredible-offer-copy,(+£17.95) **INCREDIBLE OFFER** PICTURE,50087012139347,Default Title,17.95,,17.95,False,False
9680105472339,10-incredible-offer,(+£10) **INCREDIBLE OFFER** SIGN,50087054934355,Default Title,10.00,,10,False,False
9680115564883,15-incredible-offer,(+£15) **INCREDIBLE OFFER** SIGN,50087097565523,Default Title,15.00,,15,False,False
9680203415891,7-large-sign,(+£7) Large Sign,50087567982931,Default Title,7.00,,7,False,False
9680213639507,10-36-incredible-offer,(+£10.36) **INCREDIBLE OFFER**,50087639318867,Default Title,10.36,,10.36,False,True
9680221339987,5-60-large-sign,(+£5) Large Size ACRYLIC BLOCK,50087671136595,Default Title,5.00,,5,False,False
9680241819987,20-incredible-offer,(+£20) **INCREDIBLE OFFER** PICTURE,50087759413587,Default Title,20.00,,20,False,False
9680533029203,12-95-incredible-offer,(+£12.95) **INCREDIBLE OFFER** GARDEN,50088979661139,Default Title,12.95,,12.95,False,False
9680583950675,14-95-incredible-offer,(+£14.95) **INCREDIBLE OFFER** CHOPPING BOARD,50089263006035,Default Title,14.95,,14.95,False,False
9680595812691,3-5-6-pebbles,(+£2) 5/6 stockings,50089342337363,Default Title,2.00,,2,False,False
9680597680467,5-7-8-pebbles,(+£5) 7/8 pebbles,50089350136147,Default Title,5.00,,5,False,False
9680629039443,8-incredible-offer,(+£8) **INCREDIBLE OFFER** XMAS,50089503490387,Default Title,8.00,,8,False,False
9680668066131,3-large-star,(+£3) Large Decoration,50089716711763,Default Title,3.00,,3,False,False
9680696639827,3-05-large-sign-copy,(+£2) Gift Box,50089862267219,Default Title,2.00,,2,False,False
9680741630291,9-95-incredible-offer,(+£9.95) **INCREDIBLE OFFER** TRAIN SIGN,50090038460755,Default Title,9.95,,9.95,False,False
9680757588307,5-incredible-offer,(+£5) **INCREDIBLE OFFER** POEM,50090091020627,Default Title,5.00,,5,False,False
9680766206291,2-incredible-offer,(+£2) **INCREDIBLE OFFER** KEYRING,50090127393107,Default Title,2.00,,2,False,False
9680861856083,4-95-incredible-offer,(+£4.95) **INCREDIBLE OFFER**,50090574905683,Default Title,4.95,,4.95,False,False
9680906977619,option-set-770031-select-14,**INCREDIBLE OFFER** Buy a second one for just £20,50090785210707,YES Please,20.00,,20,False,False
9680910516563,27-95-incredible-offer,(+£27.95) **INCREDIBLE OFFER** LASER SIGN,50090811228499,Default Title,27.95,,27.95,False,False
9680915431763,19-95-incredible-offer,(+£19.95) **INCREDIBLE OFFER** LASER SIGN,50090843734355,Default Title,19.95,,19.95,False,False
9680930537811,20-incredible-offer-1,(+£20) **INCREDIBLE OFFER** BOTTLE OPENER,50090935648595,Default Title,20.00,,20,False,False
9680939712851,13-95-incredible-offer,(+£13.95) **INCREDIBLE OFFER**,50090979393875,Default Title,13.95,,13.95,False,False
9680944496979,16-incredible-offer,(+£16) Large Pebblescape,50090999611731,Default Title,16.00,,16,False,False
9680952688979,16-95-incredible-offer,(+£17.95) **INCREDIBLE OFFER** PLANNER,50091050729811,Default Title,17.95,,17.95,False,False
9681175019859,option-set-770020-select-12,No. of pebble characters (If you wish to have dogs/cats in your picture please include these in the total number of pebble characters!),50091992940883,7 (Inc Cat/Dog) (+£3),3.00,,3,False,False
9681175019859,option-set-770020-select-12,No. of pebble characters (If you wish to have dogs/cats in your picture please include these in the total number of pebble characters!),50091992973651,8 (Inc Cat/Dog) (+£3),3.00,,3,False,False
9681175085395,option-set-770020-select-17,Select 11,50091993170259,7 (Inc Cat/Dog) (+£3),3.00,,3,False,False
9681175085395,option-set-770020-select-17,Select 11,50091993203027,8 (Inc Cat/Dog) (+£3),3.00,,3,False,False
9681176756563,option-set-770027-select-12,No. of pebble characters (If you wish to have dogs/cats in your picture please include these in the total number of pebble characters!),50092004344147,7 (Inc Cat/Dog) (+£3),3.00,,3,False,False
9681176756563,option-set-770027-select-12,No. of pebble characters (If you wish to have dogs/cats in your picture please include these in the total number of pebble characters!),50092004376915,8 (Inc Cat/Dog) (+£3),3.00,,3,False,False
9681177248083,option-set-770027-select-17,Select 11,50092011684179,7 (Inc Cat/Dog) (+£3),3.00,,3,False,False
9681177248083,option-set-770027-select-17,Select 11,50092011716947,8 (Inc Cat/Dog) (+£3),3.00,,3,False,False
9682507465043,1-50-matching-hair-tie,(+£1.50) Matching Hair Tie,50100268269907,Default Title,1.50,,1.50,False,False
9682584109395,32x-matching-hair-tie,(+£3) 2x Matching Hair Tie,50100654539091,Default Title,3.00,,3,False,False
9682799755603,option-set-872861-select-10,Pebble 7,50101641085267,Adult,3.00,,,False,False
9682799755603,option-set-872861-select-10,Pebble 7,50101641118035,Child,3.00,,,False,False
9682799755603,option-set-872861-select-10,Pebble 7,50101641150803,Dog,3.00,,,False,False
9682799755603,option-set-872861-select-10,Pebble 7,50101641183571,Cat,3.00,,,False,False
9682844909907,option-set-872861-select-12,No. of pebble characters (If you wish to have dogs/cats in your picture please include these in the total number of pebble characters!),50101741158739,7 (Inc Cat/Dog) (+£3),3.00,,3,False,False
9682844909907,option-set-872861-select-12,No. of pebble characters (If you wish to have dogs/cats in your picture please include these in the total number of pebble characters!),50101741191507,8 (Inc Cat/Dog) (+£3),3.00,,3,False,False
9682845237587,option-set-872861-select-17,Select 11,50101741650259,7 (Inc Cat/Dog) (+£3),3.00,,3,False,False
9682845237587,option-set-872861-select-17,Select 11,50101741683027,8 (Inc Cat/Dog) (+£3),3.00,,3,False,False
9682878136659,shipping-protection,Shipping Protection,50101808595283,Default Title,1.99,,,False,False
9682920014163,option-set-872890-select-12,No. of pebble characters,50101885436243,Default Title,3.00,,,False,False
9682922864979,option-set-872890-select-15,No. of pebble characters,50101889368403,Default Title,3.00,,,False,False
9683084607827,family-love-at-christmas-personalised-pebble-picture-gift,Personalised Family Christmas Pebble Picture Gift — Love At Christmas | Unique Xmas Gift UK,50102268821843,Default Title,29.95,34.95,,False,False
9683107217747,love-at-christmas-engagement-proposal-personalised-pebble-picture,Personalised Engagement Christmas Pebble Picture Gift — Love At Christmas | Unique Proposal Gift UK,50102310764883,Default Title,24.95,34.95,,False,False
9683117703507,love-at-christmas-wedding-personalised-pebble-picture,Personalised Wedding Christmas Pebble Picture Gift — Love At Christmas | Unique Xmas Wedding Gift UK,50102342811987,Default Title,22.95,34.95,,False,False
9683125469523,personalised-love-at-christmas-christmas-family-pebble-heart-hanging-decoration,Personalised 'Love at Christmas' Christmas Family Pebble Heart Hanging Decoration,50102361424211,Default Title,14.95,18.95,,False,False
9683146342739,personalised-engagement-pebble-hanging-heart-gift-copy,Personalised 'Love at Christmas' Engagement/Proposal Christmas Pebble Heart Hanging Decoration,50102398026067,Default Title,14.95,18.95,,False,False
9683167445331,personalised-love-at-christmas-christmas-wedding-pebble-heart-hanging-decoration,Personalised 'Love at Christmas' Christmas Wedding Pebble Heart Hanging Decoration,50102432727379,Default Title,14.95,18.95,,False,False
9683211911507,porcelain-hanging-angel-guardian-angel,Porcelain hanging angel - Guardian angel,50102520545619,Default Title,5.50,,,False,False
9683260277075,porcelain-half-bauble-scene-jesus-mary-joseph,"Porcelain Half Bauble Scene - Jesus, Mary & Joseph",50102675046739,Default Title,17.50,,,False,False
9685377286483,option-set-769070-select-1,**INCREDIBLE OFFER** Buy a second one for just £15.95!,50111119982931,YES Please,15.95,,15.95,False,False
9685487386963,option-set-770086-select-20,Pebble 8,50111354995027,Default Title,3.00,,,False,False
9685639168339,option-set-769051-select-1,**INCREDIBLE OFFER** Buy a second one for just £12.95,50112258572627,YES Please,13.95,,12.95,False,False
9685639168339,option-set-769051-select-1,**INCREDIBLE OFFER** Buy a second one for just £12.95,50112262537555,**INCREDIBLE OFFER** Buy a second one for just £12.95 - YES Please,13.95,,12.95;12.95,False,False
9685666529619,option-set-769063-select-1,**INCREDIBLE OFFER** Buy a second one for just £12.95,50112320143699,YES Please,13.95,,12.95,False,False
9685666529619,option-set-769063-select-1,**INCREDIBLE OFFER** Buy a second one for just £12.95,50112320373075,**INCREDIBLE OFFER** Buy a second one for just £12.95 - YES Please,13.95,,12.95;12.95,False,False
9685800550739,option-set-772490-select-13,**INCREDIBLE OFFER** Buy a second one for just £9.95,50112897155411,YES Please,9.95,,9.95,False,False
9685809496403,15-add-white-frame,(+£15) Add WHITE Frame,50112985366867,Default Title,15.00,,15,False,False
9685810151763,15-add-grey-frame,(+£15) Add GREY Frame,50112991887699,Default Title,15.00,,15,False,False
9685894693203,3-7-flowers,(+£3) 7 Flowers,50113878884691,Default Title,3.00,,3,False,False
9685895676243,3-8-flowers,(+£3) 8 Flowers,50113883570515,Default Title,3.00,,3,False,False
9685895971155,3-9-flowers,(+£3) 9 Flowers,50113886257491,Default Title,3.00,,3,False,False
9685896298835,3-10-flowers,(+£3) 10 Flowers,50113887109459,Default Title,3.00,,3,False,False
9685896397139,3-11-flowers,(+£3) 11 Flowers,50113887306067,Default Title,3.00,,3,False,False
9685896528211,3-12-flowers,(+£3) 12 Flowers,50113888059731,Default Title,3.00,,3,False,False
9698613592403,option-set-772646-select-4,Number of otters (Get a 2nd one for just £4!),50179461022035,2,4.00,,4,False,False
9698613821779,option-set-772646-select-5,Number of bears (Get a 2nd one for just £4!),50179461382483,2,4.00,,4,False,False
9698652881235,option-set-769038-select-1,**INCREDIBLE OFFER** Buy a second keyring for just £3.95,50179650027859,**INCREDIBLE OFFER** Buy a second one for just £3.95 - YES Please,4.95,,3.95;3.95,False,False
9698652881235,option-set-769038-select-1,**INCREDIBLE OFFER** Buy a second keyring for just £3.95,50179650191699,YES Please,4.95,,3.95,False,False
9698690859347,option-set-769046-select-1,**INCREDIBLE OFFER** Buy a second keyring for just £4.95,50179711107411,YES Please,4.95,,4.95,False,False
9698882388307,option-set-772537-select-2,**INCREDIBLE OFFER**buy a second keyring for £7.95,50180035379539,**INCREDIBLE OFFER**buy a second keyring for £7.95 - YES Please,7.95,,7.95;7.95,False,False
9698882388307,option-set-772537-select-2,**INCREDIBLE OFFER**buy a second keyring for £7.95,50180040393043,YES Please,7.95,,7.95,False,False
9699335438675,option-set-769976-select-1,**INCREDIBLE OFFER** Buy a second coaster for just £4.95,50180899897683,YES Please,5.95,,4.95,False,False
9699335438675,option-set-769976-select-1,**INCREDIBLE OFFER** Buy a second coaster for just £4.95,50180909203795,**INCREDIBLE OFFER** Buy a second one for just £4.95 - YES Please,4.95,,4.95;4.95,False,False
9699352936787,option-set-769971-select-1,**Multi Buy** Buy a second coaster for just £5.95!,50180933484883,YES Please,5.95,,5.95,False,False
9702091096403,personalised-1st-mothers-day-street-sign-gift-copy,Personalised 1st Mother's Day Street Sign Gift — First Mother's Day Present for New Mum,50189088981331,Small,14.95,28.95,,False,False
9702091096403,personalised-1st-mothers-day-street-sign-gift-copy,Personalised 1st Mother's Day Street Sign Gift — First Mother's Day Present for New Mum,54948023566675,Medium,20.94,,,False,True
9702091096403,personalised-1st-mothers-day-street-sign-gift-copy,Personalised 1st Mother's Day Street Sign Gift — First Mother's Day Present for New Mum,54948023599443,Large,23.94,,,False,True
9702109872467,3-05-large-sign,(+£3.05) Large SIGN,50189154287955,Default Title,3.05,,3.05,False,True
9702132711763,mr-mrs-personalised-street-sign-gift,Personalised Mr & Mrs Street Sign Gift — Wedding Anniversary or Couple Present UK,50189214187859,Small,11.25,28.95,,False,True
9702132711763,mr-mrs-personalised-street-sign-gift,Personalised Mr & Mrs Street Sign Gift — Wedding Anniversary or Couple Present UK,54864062120275,Medium,17.24,28.95,,False,True
9702132711763,mr-mrs-personalised-street-sign-gift,Personalised Mr & Mrs Street Sign Gift — Wedding Anniversary or Couple Present UK,54864062153043,Large,20.24,28.95,,False,True
9702152569171,5-large-size-train,(+£5) Large Size TRAIN,50189262553427,Default Title,5.00,,5,False,False
9702268272979,10-large-pebblescape,(+£10) LARGE PEBBLESCAPE,50189649707347,Default Title,10.00,,10,False,False
9702338625875,19-large-pebblescape,(+£19) Large Pebblescape,50189877772627,Default Title,19.00,,19,False,False
9702344753491,3-7-8-pebbles-1,(+£3) 7/8 Pebbles,50189901332819,Default Title,3.00,,3,False,False
9702359499091,10-large-pebblescape-1,(+£10) LARGE PEBBLESCAPE,50189961691475,Default Title,10.00,,10,False,False
9703367606611,4-95-incredible-offer-1,(+£4.95) **INCREDIBLE OFFER** KEYRING,50191790276947,Default Title,4.95,,4.95,False,False
9703445954899,13-95-incredible-offer-number-plate,(+£13.95) **INCREDIBLE OFFER** NUMBER PLATE,50191903850835,Default Title,13.95,,13.95,False,False
9703534068051,15-95-incredible-odderacrylic-block,(+£15.95) **INCREDIBLE OFFER** ACRYLIC BLOCK,50192043868499,Default Title,15.95,,15.95,False,False
9705560867155,2-05-large-decoration-xmas,(+£2.05) Large Decoration XMAS,50198542451027,Default Title,2.05,,2.05,False,True
9705618571603,family-blossom-tree-personalised-pebble-picture-gift-2,Family Blossom Tree Personalised Pebble Picture Gift,50198724673875,Default Title,29.95,34.95,,False,False
9705741091155,9-95-incredible-offer-postcard,(+£9.95) **INCREDIBLE OFFER** POSTCARD,50199161700691,Default Title,9.95,,9.95,False,False
9705762881875,3-95-incredible-offer-bookmark,(+£3.95) **INCREDIBLE OFFER** BOOKMARK,50199252336979,Default Title,3.95,,3.95,False,False
9705780773203,3-95-incredible-offer-coaster,(+£3.95) **INCREDIBLE OFFER** COASTER,50199313416531,Default Title,3.95,,3.95,False,False
9705817047379,5-95-incredible-offer-coaster,(+£5.95) **INCREDIBLE OFFER** COASTER,50199409230163,Default Title,5.95,,5.95,False,False
9705838674259,5-incredible-offer-decoration,(+£5) **INCREDIBLE OFFER** DECORATION,50199462838611,Default Title,5.00,,5,False,False
9705929048403,10-95-incredible-offer-bottle-opener,(+£16) **INCREDIBLE OFFER** BOTTLE OPENER,50199760470355,Default Title,16.00,,16,False,False
9706003104083,9-95-incredible-offer-laser,(+£9.95) **INCREDIBLE OFFER** LASER,50200051548499,Default Title,9.95,,9.95,False,False
9706030694739,24-95-incredible-offer-laser,(+£24.95) **INCREDIBLE OFFER** LASER,50200143462739,Default Title,24.95,,24.95,False,False
9706101539155,14-95-incredible-offer-heart,(+£14.95) **INCREDIBLE OFFER** HEART,50200414781779,Default Title,14.95,,14.95,False,False
9706219340115,5-large-decoration-poem,(+£5) Large Decoration POEM,50200939692371,Default Title,5.00,,5,False,False
9706232381779,4-large-decoration-poem,(+£4) Large Decoration POEM,50201005883731,Default Title,4.00,,4,False,False
9706241720659,17-95-incredible-offer,(+£16.95) **INCREDIBLE OFFER** PLAQUE,50201043894611,Default Title,16.95,,16.95,False,False
9706264691027,4-large-decoration-heart,(+£10.45) Large Street Sign,50201180930387,Default Title,10.45,,10.45,False,True
9706267181395,4-95-incredible-offer-heart,(+£4.95) **INCREDIBLE OFFER** HEART,50201192366419,Default Title,4.95,,4.95,False,False
9706304930131,6-95-incredible-offer-heart,(+£6.95) **INCREDIBLE OFFER** DECORATION,50201383764307,Default Title,6.95,,6.95,False,False
9706398056787,4-7-8-stockings,(+4) 7/8 stockings,50201793495379,Default Title,4.00,,,False,False
9706400514387,20-incredible-offer-decoration,(+£20) **INCREDIBLE OFFER** FIREPLACE,50201802244435,Default Title,20.00,,20,False,False
9706414014803,5-95-2x-robins,(+£5.95) 2x Robins,50201837044051,Default Title,5.95,,5.95,False,False
9706418897235,11-90-3x-robins,(+£11.90) 3x Robins,50201849168211,Default Title,11.90,,11.90,False,False
9706419781971,16-05-4x-robins,(+£16.05) 4x Robins,50201851593043,Default Title,16.05,,16.05,False,True
9706420666707,21-5x-robins,(+£21) 5x Robins,50201856016723,Default Title,21.00,,21,False,False
9706421485907,25-95-6x-robins,(+£25.95) 6x Robins,50201858376019,Default Title,25.95,,25.95,False,False
9706422600019,30-90-7x-robins,(+£30.90) 7x Robins,50201862799699,Default Title,30.90,,30.90,False,False
9706422829395,34-85-8x-robins,(+£34.85) 8x Robins,50201864339795,Default Title,34.85,,34.85,False,True
9706423517523,38-80-9x-robins,(+£38.80) 9x Robins,50201866338643,Default Title,38.80,,38.80,False,True
9706423812435,42-75-10x-robins,(+£42.75) 10x Robins,50201870664019,Default Title,42.75,,42.75,False,True
9706425057619,46-70-11x-robins,(+£46.70) 11x Robins,50201873940819,Default Title,46.70,,46.70,False,True
9706426270035,50-12x-robins,(+£50) 12x Robins,50201882001747,Default Title,50.00,,50,False,False
9706436198739,7-95-incredible-offer-keyring,(+£8.95) **INCREDIBLE OFFER** KEYRING,50201922273619,Default Title,8.95,,8.95,False,False
9706447372627,10-95-incredible-offer-heart,(+£10.95) **INCREDIBLE OFFER** DECORATION,50201961693523,Default Title,10.95,,10.95,False,False
9706454778195,1-50-7-8-names-signpost,(+£1.50) 7/8 Names SIGNPOST,50201983287635,Default Title,1.50,,1.50,False,False
9706506682707,4-2x-otters,(+£4) 2x Otters,50202239467859,Default Title,4.00,,4,False,False
9706510385491,4-2x-bears,(+£4) 2x Bears,50202254541139,Default Title,4.00,,4,False,False
9706521788755,6-incredible-offer-decoration,(+£6) **INCREDIBLE OFFER** DECORATION,50202293076307,Default Title,6.00,,6,False,False
9707560993107,6-95-incredible-offer-print,(+£6.95) **INCREDIBLE OFFER** PRINT,50206675468627,Default Title,6.95,,6.95,False,False
9707630592339,5-incredible-offer-print,(+£5) **INCREDIBLE OFFER** PRINT,50207004033363,Default Title,5.00,,5,False,False
9707731681619,family-festive-personalised-pebble-picture-gift-new,Personalised Family Christmas Pebble Picture Gift — Family Festive | Unique Family Xmas Gift UK,50207560008019,Default Title,29.95,34.95,,False,False
9707950211411,3-95-incredible-offer-print,(+£3.95) **INCREDIBLE OFFER** PRINT,50209054130515,Default Title,3.95,,3.95,False,False
9707959550291,option-set-869636-select-10,Size of heart,50209123303763,Large,3.00,,,False,False
9707959648595,option-set-869636-select-6,Pebble 5,50209123402067,Adult,0.00,,,False,False
9707959648595,option-set-869636-select-6,Pebble 5,50209123434835,Child,0.00,,,False,False
9707959681363,option-set-869636-select-12,Size of heart,50209123565907,Large,3.00,,,False,False
9707959714131,option-set-869636-select-14,Pebble 5,50209123631443,Adult,0.00,,,False,False
9707959714131,option-set-869636-select-14,Pebble 5,50209123664211,Child,0.00,,,False,False
9707965776211,personalised-teacher-pebble-people-hanging-heart-gift-new,Personalised Teacher Pebble People Hanging Heart Gift — Unique End of Year Teacher Present UK,50209155973459,Default Title,14.95,18.95,,False,False
9709323616595,option-set-869614-select-2,Size of heart,50214731514195,Large,13.95,,,False,False
9709323616595,option-set-869614-select-2,Size of heart,50214734823763,Small,0.00,,,False,False
9725654565203,option-set-768283-select-10,Pebble 7,50261720957267,Adult,3.00,,,False,False
9725654565203,option-set-768283-select-10,Pebble 7,50261720990035,Child,3.00,,,False,False
9725654565203,option-set-768283-select-10,Pebble 7,50261721022803,Dog,3.00,,,False,False
9725654565203,option-set-768283-select-10,Pebble 7,50261721055571,Cat,3.00,,,False,False
9747211256147,porcelain-matchbox-message-seal-sealed-with-a-kiss,Porcelain Matchbox Message Seal – Sealed with a kiss,50335723323731,Default Title,3.95,,,False,False
9747223970131,porcelain-handled-tea-light-holder-with-much-love,Porcelain Handled Tea Light Holder – With much love,50335760286035,Default Title,10.99,,,False,False
9747226034515,porcelain-handled-tea-light-holder-you-are-my-sunshine-1,Porcelain Handled Tea Light Holder – You are my sunshine,50335762841939,Default Title,9.95,,,False,False
9783406461267,21-95-incredible-offer-decoration,(+£21.95) **INCREDIBLE OFFER** DECORATION,50466698789203,Default Title,21.95,,21.95,False,False
9805517259091,personalised-mothers-day-heart,Personalised Mother's Day Hanging Heart,50560362611027,Default Title,9.95,14.95,,False,False
9807393620307,personalised-mothers-day-bookmark,Personalised Mother's Day Bookmark,50566700400979,Default Title,6.95,9.95,,False,False
9848399855955,1-95-mounting-strips,(£1.99) Mounting Strips,50706678514003,Default Title,1.99,,1.99,False,False
9848418304339,7-50-flash-sale-large-street-sign,(£7.50) Flash Sale,50706735202643,Default Title,7.50,,7.50,False,False
9850020266323,15-95-incredible-offer-tradie-sign,(£15.95) **INCREDIBLE OFFER** Tradie Sign,50715052015955,Default Title,15.95,,15.95,False,False
9858128675155,personalised-family-acrylic-weekly-wall-planner-gift-copy,Personalised Family Acrylic Weekly Wall Planner Gift,50752915079507,Default Title,12.95,24.95,,False,False
9858148499795,9-medium-planner,(£9) Medium Planner,50753079574867,Default Title,9.00,,9,False,False
9858153775443,32-large-planner,(£32) Large Planner,50753112572243,Default Title,32.00,,32,False,False
9858187460947,21-large-planner,(£23) Large Planner,50753235091795,Default Title,23.00,,23,False,False
9858961277267,9-95-incredible-offer-planner-copy,(+£9.95) **INCREDIBLE OFFER** PLANNER,50756906352979,Default Title,9.95,,9.95,False,False
9858965045587,8-medium-planner,(£8) Medium Planner,50756938465619,Default Title,8.00,,8,False,False
9858965668179,30-large-planner,(£22) Large Planner,50756945215827,Default Title,22.00,,22,False,False
9858975826259,1-95-twine,(£2.95) Twine,50756995613011,Default Title,2.95,,2.95,False,False
9858979135827,4-95-mounting-strips-copy,(£4.95) Mounting Strips,50757012717907,Default Title,4.95,,4.95,False,False
9858983887187,30-large-planner-1,(£30) Large Planner,50757054955859,Default Title,30.00,,30,False,False
9859102343507,5-95-coloured-pens-eraser,(£5.95) Coloured Pens & Eraser,50757392892243,Default Title,5.95,,5.95,False,False
9859543171411,good-friends-pebble-picture,Good Friends Pebble Picture,50758686638419,Default Title,14.95,,,False,False
9859545432403,wedding-pebble-picture,Wedding Pebble Picture,50758691193171,Default Title,14.95,,,False,False
9859662184787,new-baby-pebble-picture,New Baby Pebble Picture,50759094960467,Default Title,14.95,,,False,False
9860754145619,remembrance-pebble-picture,Remembrance Pebble Picture,50763957961043,Default Title,14.95,,,False,False
9860766564691,engagement-pebble-picture,Engagement Pebble Picture,50764001214803,Default Title,14.95,,,False,False
9860774691155,anniversary-pebble-picture,Anniversary Pebble Picture,50764075204947,Default Title,14.95,,,False,False
9860776722771,believe-in-yourself-pebble-picture,Believe in yourself Pebble Picture,50764098502995,Default Title,14.95,,,False,False
9860777345363,teacher-pebble-picture,Personalised Teacher Pebble Picture Gift — Unique End of Year Thank You Teacher Present UK,50764103450963,Default Title,14.95,,,False,False
9860780360019,friendship-pebble-picture,Friendship Pebble Picture,50764122784083,Default Title,14.95,,,False,False
9860781441363,birthday-pebble-picture,Birthday Pebble Picture,50764131795283,Default Title,14.95,,,False,False
9860792090963,9-95-frame,(£9.95) Frame,50764202836307,Default Title,9.95,,9.95,False,False
9860800053587,youre-the-best-pebble-picture,You're the best Pebble Picture,50764262015315,Default Title,14.95,,,False,False
9920878936403,magnetic-strips,Magnetic strips,51038994596179,Default Title,2.95,,,False,False
9926954844499,24-95-incredible-offer-fridge-magnet,(+£7.95) **INCREDIBLE OFFER** Fridge Magnet,51067359330643,Default Title,7.95,,7.95,False,False
9936102883667,6-2x-magnets,(+£4) 2x Magnets,51093138997587,Default Title,4.00,,4,False,False
9936104784211,6-3x-magnets,(+£10) 3x Magnets,51093146370387,Default Title,10.00,,10,False,False
9936107569491,4-4x-magnets,(+£14) 4x Magnets,51093158101331,Default Title,14.00,,14,False,False
9936114712915,4-5x-magnets,(+£18) 5x Magnets,51093189034323,Default Title,18.00,,18,False,False
9936117662035,4-6x-magnets,(+£22) 6x Magnets,51093198405971,Default Title,22.00,,22,False,False
9954318713171,8-95-incredible-offer-bookshelf,(+£8.95) **INCREDIBLE OFFER** Bookshelf,51168165724499,Default Title,8.95,,8.95,False,False
9955871719763,16-95-bundle-offer-bookshelf-x3,(+£21) **Bundle OFFER** Bookshelf x3,51174360777043,Default Title,21.00,38.85,21,False,False
9955874406739,23-95-bundle-offer-bookshelf-x4,(+£29.35) **Bundle OFFER** Bookshelf x4,51174372835667,Default Title,29.35,51.80,29.35,False,True
9955879813459,4-00-incredible-offer-bookshelf,(+£8.55) **INCREDIBLE OFFER** Tealight x2,51174386794835,Default Title,8.55,9.50,8.55,False,True
9955881976147,7-50-incredible-offer-star-token-x3,(+£7.40) **INCREDIBLE OFFER** Star Token x3,51174392529235,Default Title,7.40,8.40,7.40,False,True
9955883221331,10-incredible-offer-star-token-x4,(+£10.75) **INCREDIBLE OFFER** Star Token x4,51174394462547,Default Title,10.75,12.60,10.75,False,True
9955889250643,8-50-incredible-offer-tealight-x2,(+£3.80 **INCREDIBLE OFFER** Star Token x2,51174408061267,Default Title,3.80,4.20,3.80,False,True
9955892068691,16-00-incredible-offer-tealight-x3-copy,(+£24) **INCREDIBLE OFFER** Tealight x4,51174414844243,Default Title,24.00,36.00,24,False,False
9955905601875,16-incredible-offer-tealight-x3,(+£16.65) **INCREDIBLE OFFER** Tealight x3,51174447546707,Default Title,16.65,19.00,16.65,False,True
9955932701011,8-95-incredible-offer-bookshelf-copy,(+£11.65) **INCREDIBLE OFFER** Bookshelf,51174508593491,Default Title,11.65,,11.65,False,True
9956094280019,personalised-teacher-pebble-picture,Personalised Teacher Pebble Picture Bundle — Unique End of Year Thank You Gift UK,51175012434259,Default Title,23.95,29.95,,False,False
9956103487827,13-40-bundle-offer-pebble-picture-x2,(+£13.40) **Bundle OFFER** Pebble picture x2,51175036748115,Default Title,13.40,,13.40,False,True
9956110467411,26-15-bundle-offer-pebble-picture-x3,(+£26.15) **Bundle OFFER** Street sign x3,51175072268627,Default Title,26.15,,26.15,False,True
9956112007507,37-95-bundle-offer-pebble-picture-x4,(+£37.95) **Bundle OFFER** Pebble picture x4,51175076135251,Default Title,37.95,,37.95,False,False
9956325851475,13-40-bundle-offer-street-sign-x2,(+£13.40) **Bundle OFFER** Street sign x2,51175748665683,Default Title,13.40,,13.40,False,True
9956330176851,26-15-bundle-offer-pebble-picture-x3-1,(+£26.15) **Bundle OFFER** Pebble Picture x3,51175763149139,Default Title,26.15,,26.15,False,True
9956332962131,37-95-bundle-offer-street-sign-x4,(+£37.95) **Bundle OFFER** Street sign x4,51175768981843,Default Title,37.95,,37.95,False,False
9956340302163,personalised-teacher-street-sign-bundle,Personalised Teacher Street Sign Gift Bundle — End of Term | Thank You Teacher Present UK,51175788380499,Default Title,23.95,26.55,,False,False
9956444373331,personalised-teacher-street-sign,Personalised Teacher Street Sign Gift — End of Year | Thank You Teacher Present UK,51176105607507,Default Title,11.95,,,False,False
9956478452051,personalised-teacher-pebble-picture-1,Personalised Thank You Teacher Pebble Picture Gift — Unique End of Year Present UK,51176209383763,Default Title,14.95,,,False,False
9959921353043,porcelain-teacher-tea-light-holder-thank-you-for-being-amazing,Porcelain Tea Light Holder — Thank You for Being Amazing,51191140286803,Default Title,10.99,,,False,False
9960692023635,porcelain-believe-in-yourself-flower,Porcelain ‘Believe in yourself’ flower,51194214678867,Default Title,3.95,,,False,False
9960739242323,untitled-jun16_16-55,Teacher Porcelain Follow Your Dreams Cloud Token — Unique End of Year Thank You Gift UK,51194280673619,Default Title,3.95,,,False,False
9961716908371,porcelain-it-s-written-in-the-stars-star-token,Teacher Porcelain Written In The Stars Token — Unique End of Year Thank You Gift UK,51198862131539,Default Title,3.95,,,False,False
9961740599635,porcelain-great-adventures-await-pebble,Porcelain ‘Great Adventures await’ pebble,51198886478163,Default Title,3.95,,,False,False
9961750069587,1-50-gift-bag,£1.95 Gift bag,51198896767315,Default Title,1.95,,1.95,False,False
9961933308243,porcelain-you-can-do-it-pebble,Porcelain 'You can do it' Pebble,51199812895059,Default Title,3.95,,,False,False
9961936879955,porcelain-enjoy-the-little-things-pebble,Porcelain 'Enjoy the little things' Pebble,51199841403219,Default Title,3.95,,,False,False
9961949266259,porcelain-you-rae-pebble,Porcelain 'You are loved ' Pebble,51199906578771,Default Title,3.95,,,False,False
9961960112467,porcelain-the-skys-the-limit-cloud,Teacher Porcelain Sky's The Limit Cloud Token — Unique End of Year Thank You Gift UK,51199983616339,Default Title,3.95,,,False,False
9961962570067,porcelain-everything-is-going-to-be-fine-cloud,Porcelain ‘Everything is going to be fine' Cloud Token,51200004129107,Default Title,3.95,,,False,False
9963715264851,10-95-x3-leavers-signs,(+£5.50)x2 tealights,51209362047315,Default Title,5.50,,5.50,False,False
9963720212819,6-x3-leavers-signs,(+£6) x3 Leavers Signs,51209368764755,Default Title,6.00,,6,False,False
9963721490771,9-x4-leavers-signs,(+£9) x4 Leavers Signs,51209370698067,Default Title,9.00,,9,False,False
9963724931411,12-x5-leavers-signs,(+£12) x5 Leavers Signs,51209381151059,Default Title,12.00,,12,False,False
9963726045523,15-x6-leavers-signs,(+£15) x6 Leavers Signs,51209382658387,Default Title,15.00,,15,False,False
9963727651155,18-x7-leavers-signs,(+£18) x7 Leavers Signs,51209384722771,Default Title,18.00,,18,False,False
9963727913299,21-x8-leavers-signs,(+£21) x8 Leavers Signs,51209387180371,Default Title,21.00,,21,False,False
9963728011603,24-x9-leavers-signs,(+£24) x9 Leavers Signs,51209387639123,Default Title,24.00,,24,False,False
9964109562195,26-x10-leavers-signs,(+£26) x10 Leavers Signs,51210541629779,Default Title,26.00,,26,False,False
9964112576851,40-95-x10-leavers-signs-copy,(+£52.95) x21-30 leavers sign,51210548150611,Default Title,52.95,,52.95,False,False
9964119359827,40-95-x11-20,(+£40.95) x11-20 leavers sign,51210562502995,Default Title,40.95,,40.95,False,False
9964151341395,21-x3-tealights,(+£18.50) x4 tealights,51210649207123,Default Title,18.50,,18.50,False,False
9964154782035,21-x3-tealights-1,(+£11.50)x3 tealights,51210658447699,Default Title,11.50,,11.50,False,False
9966426128723,3-90-mounting-strips,(£3.90) Mounting Strips,51217275584851,Default Title,3.90,,3.90,False,False
9969774330195,5-95-incredible-offer-keyring-copy,Personalised Mr & Mrs Wedding Keyring | Unique Wedding or Newlywed Gift UK,51232219300179,Default Title,14.95,,,False,False
9969776984403,5-95-incredible-offer-coaster-copy,(+£6.95) **INCREDIBLE OFFER** Magnet Wedding,51232231555411,Default Title,6.95,,6.95,False,False
9973482651987,small-luxury-display-stand,Small Luxury Display stand,51253363114323,Default Title,19.95,,,False,False
10001112596819,you-are-bloody-brilliant-tin-candle,'You are bloody brilliant' Tin Candle,51376454173011,Default Title,9.50,,,False,False
10001126850899,matchbox-message-incense-cone-you-are-lovely,Teacher Matchbox Message Incense Cone — You Are Amazing | Unique End of Year Thank You Gift UK,51376571384147,Default Title,3.95,,,False,False
10002460213587,5-65x2-matchboxes,(+£5.65)x2 Matchboxes,51384078795091,Default Title,5.65,,5.65,False,True
10002461491539,10-80x3-matchboxes,(+£10.80)x3 Matchboxes,51384083448147,Default Title,10.80,,10.80,False,True
10002463654227,15-30x4-matchboxes,(+£15.30)x4 Matchboxes,51384090919251,Default Title,15.30,,15.30,False,True
10011583218003,wedding-welcome-board,Personalised Wedding Welcome Board — Riviera Style | Wedding Reception Sign & Venue Decoration,51433232335187,Default Title,5.00,,,False,False
10011600126291,wedding-table-plan-board,Personalised Wedding Table Plan — Riviera Style | Wedding Reception Seating Chart UK,51433304457555,Default Title,5.00,,,False,False
10011612086611,wedding-order-of-the-day-board,Personalised Wedding Order of the Day — Riviera Style | Wedding Reception Stationery UK,51433348694355,Default Title,5.00,,,False,False
10011760066899,15-30x4-matchboxes-copy,(+£33.95)A2 Board,51434115727699,Default Title,33.95,,33.95,False,False
10011772191059,1-50-holes,(+£1.50) Holes,51434177560915,Default Title,1.50,,1.50,False,False
10011784610131,wedding-table-numbers,Personalised A5 Wedding Table Names & Numbers — Riviera Style | Wedding Stationery UK,51434218226003,Default Title,3.50,,,False,False
10011933704531,3-50-x2-table-numbers,(+£3.50) x2 Table numbers,51434812211539,Default Title,3.50,,3.50,False,False
10011934818643,7-x3-table-numbers,(+£7) x3 Table numbers,51434814701907,Default Title,7.00,,7,False,False
10011935736147,10-50-x4-table-numbers-copy,(+£10.50) x4 Table numbers,51434816471379,Default Title,10.50,,10.50,False,False
10011936293203,14-x5-table-numbers,(+£14) x5 Table numbers,51434817847635,Default Title,14.00,,14,False,False
10011937276243,17-50-x6-table-numbers,(+£17.50) x6 Table numbers,51434819125587,Default Title,17.50,,17.50,False,False
10011943567699,21-x7-table-numbers-copy,(+£21) x7 Table numbers,51434845045075,Default Title,21.00,,21,False,False
10011945009491,24-50-x8-table-numbers,(+£24.50) x8 Table numbers,51434851926355,Default Title,24.50,,24.50,False,False
10011947172179,28-x9-table-numbers,(+£28) x9 Table numbers,51434857398611,Default Title,28.00,,28,False,False
10011947958611,31-50-x10-table-numbers,(+£31.50) x10 Table numbers,51434859069779,Default Title,31.50,,31.50,False,False
10011979252051,3-95-x1-easel,(+£3.95) x1 Easel,51434941874515,Default Title,3.95,,3.95,False,False
10011980267859,7-90-x2-easels,(+£7.90) x2 Easels,51434945216851,Default Title,7.90,,7.90,False,False
10011980988755,11-89-x3-easels,(+£11.89) x3 Easels,51434946756947,Default Title,11.85,,11.89,False,True
10011981611347,15-80-x4-easels,(+£15.80) x4 Easels,51434947903827,Default Title,15.80,,15.80,False,True
10011982233939,19-75-x5-easels,(+£19.75) x5 Easels,51434949149011,Default Title,19.75,,19.75,False,True
10011982987603,23-70-x6-easels,(+£23.70) x6 Easels,51434950164819,Default Title,23.70,,23.70,False,True
10011984134483,27-65-x7-easels,(+£27.65) x7 Easels,51434953572691,Default Title,27.65,,27.65,False,True
10011984724307,31-60-x8-easels,(+£31.60) x8 Easels,51434954522963,Default Title,31.60,,31.60,False,True
10011985281363,35-55-x9-easels,(+£35.55) x9 Easels,51434955735379,Default Title,35.55,,35.55,False,True
10011986198867,39-50-x10-easels,(+£39.50) x10 Easels,51434957504851,Default Title,39.50,,39.50,False,False
10011989606739,3-25a2-board-copy,(+£8.99) A2 Size,51434963992915,Default Title,8.99,,8.99,False,False
10016051855699,35-00-x11-table-numbers-copy,(+£38.50) x12 Table numbers,51452543009107,Default Title,38.50,,38.50,False,False
10016054640979,45-50-x13-table-numbers,(+£45.50) x14 Table numbers,51452551299411,Default Title,45.50,,45.50,False,False
10016057295187,45-50-x13-table-numbers-1,(+£42.00) x13 Table numbers,51452565717331,Default Title,42.00,,42.00,False,False
10016058999123,52-50-x15-table-numbers,(+£49.00) x15 Table numbers,51452575154515,Default Title,49.00,,49.00,False,False
10016061194579,35-00-x11-table-numbers,(+£35.00) x11 Table numbers,51452581445971,Default Title,35.00,,35.00,False,False
10016067551571,52-50-x16-table-numbers,(+£52.50) x16 Table numbers,51452601958739,Default Title,52.50,,52.50,False,False
10016086294867,4-50-x1-table-name,(+£4.50) x2 Table names,51452697936211,Default Title,4.50,,4.50,False,False
10016087048531,9-00-x2-table-names,(+£9.00) x3 Table names,51452699345235,Default Title,9.00,,9.00,False,False
10016088162643,9-00-x3-table-names,(+£13.50) x4 Table names,51452701507923,Default Title,13.50,,13.50,False,False
10016090456403,18-00-x4-table-names,(+£18.00) x5 Table names,51452710519123,Default Title,18.00,,18.00,False,False
10016091373907,22-50-x4-table-names-copy,(+£22.50) x6 Table names,51452714975571,Default Title,22.50,,22.50,False,False
10016093569363,27-00-x5-table-names,(+£31.50) x8 Table names,51452720251219,Default Title,31.50,,31.50,False,False
10016095109459,36-00-x7-table-names,(+£36.00) x9 Table names,51452726083923,Default Title,36.00,,36.00,False,False
10016096911699,40-50-x8-table-names,(+£45.00) x11 Table names,51452729885011,Default Title,45.00,,45.00,False,False
10016098025811,45-00-x9-table-names,(+£58.50) x14 Table names,51452740960595,Default Title,58.50,,58.50,False,False
10016123191635,40-50-x8-table-names-1,(+£40.50) x10 Table names,51452820226387,Default Title,40.50,,40.50,False,False
10016131285331,27-00-x6-table-names,(+£27.00) x7 Table names,51452835496275,Default Title,27.00,,27.00,False,False
10016138068307,49-50-x12-table-names,(+£49.50) x12 Table names,51452863512915,Default Title,49.50,,49.50,False,False
10016147439955,54-00-x13-table-names,(+£54.00) x13 Table names,51452889497939,Default Title,54.00,,54.00,False,False
10016148586835,63-00-x15-table-names,(+£63.00) x15 Table names,51452895691091,Default Title,63.00,,63.00,False,False
10016149799251,67-50-x16-table-names,(+£67.50) x16 Table names,51452900737363,Default Title,67.50,,67.50,False,False
10016195182931,11-12-tables,(£7.00+)12 Tables,51453001367891,Default Title,7.00,,7.00,False,False
10016196002131,13-14-tables,(+£14.00)13-14 Tables,51453003465043,Default Title,14.00,,14.00,False,False
10016202522963,21-0015-16-tables,(+£21.00)15-16 Tables,51453013131603,Default Title,21.00,,21.00,False,False
10016240075091,top-table,Top Table,51453072146771,Default Title,3.50,,,False,False
10016364233043,43-45-x11-easels,(+£43.45) x11 Easels,51453389570387,Default Title,43.45,,43.45,False,True
10016364757331,47-40-x12-easels,(+£51.35) x13 Easels,51453391503699,Default Title,51.35,,51.35,False,True
10016365936979,55-30-x14-easels-copy,(+£55.30) x14 Easels,51453396451667,Default Title,55.30,,55.30,False,True
10016367509843,59-25-x15-easels,(+£59.25) x15 Easels,51453401235795,Default Title,59.25,,59.25,False,True
10016368263507,63-20-x16-easels,(+£63.20) x16 Easels,51453403070803,Default Title,63.20,,63.20,False,True
10016391725395,47-40-x12-easels-1,(+£47.40) x12 Easels,51453506683219,Default Title,47.40,,47.40,False,True
10018976563539,tuscany-wedding-welcome-board,Personalised Wedding Welcome Board — Tuscany Style | Wedding Reception Sign & Venue Decoration,51464045953363,Default Title,5.00,,,False,False
10018999107923,tuscany-wedding-table-plan-board,Personalised Wedding Table Plan — Tuscany Style | Wedding Reception Seating Chart UK,51464082096467,Default Title,5.00,,,False,False
10018999730515,tuscany-wedding-order-of-the-day-board,Personalised Wedding Order of the Day — Tuscany Style | Wedding Reception Stationery UK,51464084324691,Default Title,5.00,,,False,False
10019002155347,tuscany-a5-wedding-table-names-numbers,Personalised A5 Wedding Table Names & Numbers — Tuscany Style | Wedding Stationery UK,51464093630803,Default Title,3.50,,,False,False
10019155116371,3-5011-tables,(+£3.50)11 Tables,51465106817363,Default Title,3.50,,3.50,False,False
10019157279059,10-5013-tables,(+£10.50)13 Tables,51465109635411,Default Title,10.50,,10.50,False,False
10019158655315,14-00-14tables,(+£14.00) 14Tables,51465121169747,Default Title,14.00,,14.00,False,False
10019159507283,17-50-15-tables,(+£17.50) 15 Tables,51465124839763,Default Title,17.50,,17.50,False,False
10019160260947,21-00-16-tables,(+£21.00) 16 Tables,51465126150483,Default Title,21.00,,21.00,False,False
10019165241683,2-11-tables-table-plan,(+£2) 11 Tables (Table Plan),51465142108499,Default Title,2.00,,2,False,False
10019165897043,4-12-tables-table-plan,(+£4) 12 Tables (Table Plan),51465143124307,Default Title,4.00,,4,False,False
10019166191955,6-13-tables-table-plan,(+£6) 13 Tables (Table Plan),51465143451987,Default Title,6.00,,6,False,False
10019166552403,8-14-tables-table-plan,(+£8) 14 Tables (Table Plan),51465143910739,Default Title,8.00,,8,False,False
10019166880083,10-15-tables-table-plan,(+£10) 15 Tables (Table Plan),51465144402259,Default Title,10.00,,10,False,False
10019167469907,12-16-tables-table-plan6,(+£12) 16 Tables (Table Plan),51465148137811,Default Title,12.00,,12,False,False
10019890823507,3-holes,(+£3) Holes,51468076417363,Default Title,3.00,,3,False,False
10019957342547,tuscany-wedding-welcome-board-copy,Personalised Wedding Featuring the Groom Board — Tuscany Style | Wedding Reception Sign UK,51468247105875,Default Title,5.00,,,False,False
10020195205459,riviera-wedding-featuring-the-groom-board,Personalised Wedding Featuring the Groom Board — Riviera Style | Wedding Reception Sign UK,51469255278931,Default Title,5.00,,,False,False
10020209885523,tuscany-gifts-cards,Personalised Wedding Gifts & Cards Sign — Tuscany Style | Wedding Reception Décor UK,51469329989971,Default Title,5.95,,,False,False
10020220109139,riviera-gifts-cards,Personalised Wedding Gifts & Cards Sign — Riviera Style | Wedding Reception Décor UK,51469372424531,Default Title,5.95,,,False,False
10020232790355,2-00a4-board,(+£2.00)A4 Board,51469409026387,Default Title,2.00,,2.00,False,False
10043833024851,wonderland-wedding-welcome-board,Personalised Wedding Welcome Board — Wonderland Style | Wedding Reception Sign & Venue Decoration,51590272614739,Default Title,5.00,,,False,False
10043868283219,wonderland-wedding-order-of-the-day-board,Personalised Wedding Order of the Day — Wonderland Style | Wedding Reception Stationery UK,51590310887763,Default Title,5.00,,,False,False
10043870052691,wonderland-wedding-table-plan,Personalised Wedding Table Plan — Wonderland Style | Wedding Reception Seating Chart UK,51590316720467,Default Title,5.00,,,False,False
10043871887699,wonderland-wedding-featuring-the-groom-board,Personalised Wedding Featuring the Groom Board — Wonderland Style | Wedding Reception Sign UK,51590320882003,Default Title,5.00,,,False,False
10043872706899,wonderland-gifts-cards,Personalised Wedding Gifts & Cards Sign — Wonderland Style | Wedding Reception Décor UK,51590321766739,Default Title,5.95,,,False,False
10043873198419,wonderland-a5-wedding-table-names-numbers,Personalised A5 Wedding Table Names & Numbers — Wonderland Style | Wedding Stationery UK,51590322028883,Default Title,3.50,,,False,False
10050199126355,29-95a3-board,(+£29.95)A3 Board,51608340300115,Default Title,29.95,,29.95,False,False
10050199421267,19-95a4-board,(+£19.95)A4 Board,51608341086547,Default Title,19.95,,19.95,False,False
10051009904979,21-95a4-table-plan,(+£21.95)A4 Table plan,51611074330963,Default Title,21.95,,21.95,False,False
10051017998675,31-95a3-table-plan,(+£31.95) A2 Table Plan,51611094253907,Default Title,31.95,,31.95,False,False
10051026190675,34-95a2-table-plan,(+£34.95)A2 Table plan,51611116863827,Default Title,34.95,,34.95,False,False
10054789792083,spooky-kooky-sign,Personalised Halloween Street Sign Gift — Spooky Kooky | Funny Halloween Home Decoration,51623388021075,Small,14.95,0.00,,True,False
10054789792083,spooky-kooky-sign,Personalised Halloween Street Sign Gift — Spooky Kooky | Funny Halloween Home Decoration,54948040933715,Large,17.95,,,False,False
10054823674195,3-large-spooky-kooky-sign,(£3) Large Spooky Kooky Sign,51623516963155,Default Title,3.00,,3,False,False
10054824886611,9-95-incredible-offer-spooky-kooky-sign,(+£9.95) **INCREDIBLE OFFER** Spooky Kooky Sign,51623526138195,Small,9.95,,9.95,False,False
10054824886611,9-95-incredible-offer-spooky-kooky-sign,(+£9.95) **INCREDIBLE OFFER** Spooky Kooky Sign,54948008722771,Large,12.95,,9.95,False,False
10054873022803,personalised-create-your-own-usa-road-sign,Personalised USA Street Sign Gift — Create Your Own Custom Road Sign | American Style Present,51623697514835,Medium,18.95,28.95,,False,False
10054873022803,personalised-create-your-own-usa-road-sign,Personalised USA Street Sign Gift — Create Your Own Custom Road Sign | American Style Present,54948022976851,Large,27.94,,,False,True
10055420379475,19-95-incredible-offer-sign,(+£19.95) **INCREDIBLE OFFER** SIGN,51626634805587,Default Title,19.95,,19.95,False,False
10055421919571,16-95-incredible-offer-sign,(+£16.95) **INCREDIBLE OFFER** SIGN,51626646831443,Default Title,16.95,,16.95,False,False
10055776665939,2-personalisation,(+£2) **CREATE YOUR OWN,51629564264787,Default Title,2.00,,2,False,False
10093071597907,personalised-holiday-usa-style-street-sign,Personalised Holiday Street Sign Gift — Custom Destination Sign | Unique Travel or Holiday Present,51729108173139,Small,18.95,28.95,,False,False
10093071597907,personalised-holiday-usa-style-street-sign,Personalised Holiday Street Sign Gift — Custom Destination Sign | Unique Travel or Holiday Present,54948028252499,Large,27.94,,,False,True
10094300725587,14-95-incredible-offer-sign,(+£14.95) **INCREDIBLE OFFER** SIGN,51733351891283,Default Title,14.95,,14.95,False,False
10107190968659,15-add-black-frame,(+£15) Add BLACK Frame,51775353815379,Default Title,15.00,,15,False,False
10115130884435,5-a3-print,(+£5) A3 Print,51801994887507,Default Title,5.00,,5,False,False
10115443229011,10-95-incredible-offer-fridge-magnet-copy,(+£10.95) **INCREDIBLE OFFER** Fridge Magnet,51802862420307,Default Title,10.95,,10.95,False,False
10117643895123,9-95-incredible-offer-magnet,(+£9.95) **INCREDIBLE OFFER** Magnet,51807183700307,Default Title,9.95,,9.95,False,False
10118975750483,3-00-x2-fridge-magnets,(+£3.00) x2 Fridge Magnets,51811220324691,Default Title,3.00,,3.00,False,False
10118976799059,6-00-x2-fridge-magnets-copy,(+£6.00) x3 Fridge Magnets,51811225796947,Default Title,6.00,,6.00,False,False
10118981583187,9-00-x3-fridge-magnets,(+£9.00) x4 Fridge Magnets,51811247882579,Default Title,9.00,,9.00,False,False
10118982926675,9-00-x4-fridge-magnets-copy,(+£12.00) x5 Fridge Magnets,51811251716435,Default Title,12.00,,12.00,False,False
10118988136787,15-00-x6-fridge-magnets,(+£15.00) x6 Fridge Magnets,51811269116243,Default Title,15.00,,15.00,False,False
10118992200019,3-00-x2-hanging-decorations,(+£3.00) x2 Hanging Decorations,51811283075411,Default Title,3.00,,3.00,False,False
10118993903955,6-00-x3-hanging-decorations,(+£6.00) x3 Hanging Decorations,51811291824467,Default Title,6.00,,6.00,False,False
10118997606739,9-00-x4-hanging-decorations,(+£9.00) x4 Hanging Decorations,51811307487571,Default Title,9.00,,9.00,False,False
10118999212371,12-00-x5-hanging-decorations,(+£12.00) x5 Hanging Decorations,51811312959827,Default Title,12.00,,12.00,False,False
10119000883539,15-00-x6-hanging-decorations,(+£15.00) x6 Hanging Decorations,51811321086291,Default Title,15.00,,15.00,False,False
10119004193107,1-50-x2-fridge-magnets-copy,(+£1.50) x2 Fridge Magnets,51811340648787,Default Title,1.50,,1.50,False,False
10119006585171,3-00-x3-fridge-magnets-copy,(+£3.00) x3 Fridge Magnets,51811350675795,Default Title,3.00,,3.00,False,False
10119010582867,4-50-x4-fridge-magnets-copy,(+£4.50) x4 Fridge Magnets,51811364274515,Default Title,4.50,,4.50,False,False
10119013204307,6-00-x5-fridge-magnet,(+£6.00) x5 Fridge Magnets,51811372630355,Default Title,6.00,,6.00,False,False
10119015039315,7-50-x6-fridge-magnets,(+£7.50) x6 Fridge Magnets,51811378692435,Default Title,7.50,,7.50,False,False
10119061864787,1-50-x2-hanging-decorations-copy,(+£1.50) x2 Hanging Decorations,51811612393811,Default Title,1.50,,1.50,False,False
10119065305427,3-00-x3-hanging-decorations,(+£3.00) x3 Hanging Decorations,51811629826387,Default Title,3.00,,3.00,False,False
10119068713299,4-50-x4-hanging-decorations,(+£4.50) x4 Hanging Decorations,51811650961747,Default Title,4.50,,4.50,False,False
10119075201363,6-00-x5-hanging-decorations,(+£6.00) x5 Hanging Decorations,51811685302611,Default Title,6.00,,6.00,False,False
10119076970835,7-50-x6-hanging-decorations,(+£7.50) x6 Hanging Decorations,51811690676563,Default Title,7.50,,7.50,False,False
10167479730515,porcelain-matchbox-message-lion-be-fearless-you-can-do-it,Porcelain Matchbox Message Lion–Be fearless you can do it,51976011546963,Default Title,3.95,,,False,False
10175331139923,9-small-street-sign,(£7.45) Small Street Sign,52007720485203,Small,7.45,,7.45,False,True
10175331139923,9-small-street-sign,(£7.45) Small Street Sign,54947996467539,Medium,13.44,,7.45,False,True
10175331139923,9-small-street-sign,(£7.45) Small Street Sign,54947996500307,Large,10.45,,7.45,False,True
10222982005075,option-set-1094165-checkbox-11,**INCREDIBLE OFFER** GET A 2ND SIGN FOR £10.95,52226795143507,Default Title,10.95,,10.95,False,False
10222984397139,option-set-1094165-select-3,Size of Street Sign,52226812707155,Large (57x12x0.3cm),0.00,,,False,False
10228306739539,engagement-pebble-picture-copy,Personalised New home Pebble Picture,52248395448659,Default Title,15.95,,,False,False
10228360282451,new-home-mini-pebble-pic-copy,Personalised Family Pebble Picture,52248732860755,Default Title,15.95,,,False,False
10228384989523,personalised-grandchildren-pebble-picture,Personalised Grandchildren Pebble Picture,52248842961235,Default Title,15.95,,,False,False
10228385710419,personalised-couple-pebble-picture,Personalised Couple Pebble Picture,52248846401875,Default Title,15.95,,,False,False
10279272513875,large-street-sign,Large Street Sign,52473824117075,Default Title,8.99,,,False,False
10279277625683,incredible-offer-get-a-2nd-sign-for-9-95,**INCREDIBLE OFFER - GET A 2ND SIGN FOR £9.95,52473837355347,Small,9.95,,9.95,False,False
10279277625683,incredible-offer-get-a-2nd-sign-for-9-95,**INCREDIBLE OFFER - GET A 2ND SIGN FOR £9.95,54864062185811,Medium,15.94,,9.95,False,True
10279277625683,incredible-offer-get-a-2nd-sign-for-9-95,**INCREDIBLE OFFER - GET A 2ND SIGN FOR £9.95,54864062218579,Large,18.94,,9.95,False,True
10406564561235,5-3-4-5-pebbles,(+£5) 3/4/5 Pebbles,52936040218963,Default Title,5.00,,5,False,False
10426355056979,personalised-street-sign-gift,Personalised Mother's Day Street Sign Gift for Mum or Nanny — Personalised Mum Present UK,53015779869011,Small,14.95,28.95,,False,False
10426355056979,personalised-street-sign-gift,Personalised Mother's Day Street Sign Gift for Mum or Nanny — Personalised Mum Present UK,54948041654611,Large,20.95,,,False,False
10496901251411,to-be-named,3D Framed Stag Artwork,53294794146131,Default Title,34.95,34.95,,True,False
10496926810451,3d-framed-stag-artwork-copy,3D Framed Bull Artwork,53294896808275,Default Title,34.95,34.95,,True,False
10496936477011,3d-framed-bull-artwork,3D Framed Bull Artwork,53294939537747,Default Title,34.95,34.95,,True,False
10496944046419,friends-are-like-stars-pebble-picture,Friends are like stars pebble picture,53294957166931,Default Title,34.95,34.95,,True,False
10496958333267,3d-framed-bull-artwork-copy,3D Framed Horse Artwork,53294989508947,Default Title,34.95,34.95,,True,False
10588182741331,personalised-number-plate-sign-gift,Personalised Number Plate Sign Gift,53742205043027,Default Title,11.95,25.95,,False,False
10600061829459,gift-wrapping,Gift Wrap Kit – Ivory & Twine,53802540171603,Single Kit,5.95,,,False,False
10600061829459,gift-wrapping,Gift Wrap Kit – Ivory & Twine,54286416806227,Two Kits,9.99,11.90,,False,False
10600760607059,2-packs-gift-wrapping,2 Packs Gift Wrapping,53804426854739,Default Title,7.90,,,False,False
10602280878419,personalised-laser-cut-acrylic-bbq-grill-sign-gift-copy,Personalised Laser Cut BBQ Sign,53812391543123,Default Title,29.95,49.95,,False,False
10629595562323,wedding-congratulations-card,Gift Note,53938198151507,Default Title,2.95,,,False,False
10654685102419,gift-box-thanks-for-being-amazing,Thank You & Appreciation Gift Boxes,54335860539731,You Make Life Lovely / Small,3.95,,,False,False
10654685102419,gift-box-thanks-for-being-amazing,Thank You & Appreciation Gift Boxes,54335860572499,You Make Life Lovely / Large,4.95,,,False,False
10654685102419,gift-box-thanks-for-being-amazing,Thank You & Appreciation Gift Boxes,54335860474195,Mum - Little Things / Small,3.95,,,False,False
10654685102419,gift-box-thanks-for-being-amazing,Thank You & Appreciation Gift Boxes,54335860506963,Mum - Little Things / Large,4.95,,,False,False
10654685102419,gift-box-thanks-for-being-amazing,Thank You & Appreciation Gift Boxes,54335860605267,Practically Perfect / Small,3.95,,,False,False
10654685102419,gift-box-thanks-for-being-amazing,Thank You & Appreciation Gift Boxes,54335860638035,Practically Perfect / Large,4.95,,,False,False
10654685102419,gift-box-thanks-for-being-amazing,Thank You & Appreciation Gift Boxes,54335860408659,Thank You for Being Amazing / Small,3.95,,,False,False
10654685102419,gift-box-thanks-for-being-amazing,Thank You & Appreciation Gift Boxes,54335860441427,Thank You for Being Amazing / Large,4.95,,,False,False
10654685102419,gift-box-thanks-for-being-amazing,Thank You & Appreciation Gift Boxes,54335860670803,Lovely You / Small,3.95,,,False,False
10654685102419,gift-box-thanks-for-being-amazing,Thank You & Appreciation Gift Boxes,54335860703571,Lovely You / Large,4.95,,,False,False
10660622238035,mounting-strips-two-sign-pack,Mounting Strips - Two Sign Pack,54066025759059,Default Title,3.99,,,False,False
10665257271635,6-medium-street-sign,Size Upgrade — Medium,54100431962451,Default Title,5.99,,,False,False
10665257304403,9-large-street-sign,Size Upgrade — Large,54100431995219,Default Title,8.99,,,False,False
10697617572179,wooden-display-easel,Wooden Display Easel,54200245387603,Single,5.95,,,False,False
10697617572179,wooden-display-easel,Wooden Display Easel,54286416871763,Set of Three,9.99,11.85,,False,False
10708758233427,daisy-maison-picture-cleaning-spray,Daisy Maison Picture Cleaning Spray,54262954754387,Spring/Summer,4.95,,,False,False
10708758233427,daisy-maison-picture-cleaning-spray,Daisy Maison Picture Cleaning Spray,54286376206675,Autumn,4.95,,,False,False
10708758233427,daisy-maison-picture-cleaning-spray,Daisy Maison Picture Cleaning Spray,54286376239443,Winter,4.95,,,False,False
10708758233427,daisy-maison-picture-cleaning-spray,Daisy Maison Picture Cleaning Spray,54286376272211,All-Seasons Kit (3 sprays),8.99,14.85,,False,False
10714700415315,gift-box-add-on-white-kraft,Gift Boxes - White & Kraft,54305234911571,Large White,4.95,,,False,False
10714700415315,gift-box-add-on-white-kraft,Gift Boxes - White & Kraft,54305234944339,Small Kraft Brown,3.95,,,False,False
10714700415315,gift-box-add-on-white-kraft,Gift Boxes - White & Kraft,54305234977107,Small White,3.95,,,False,False
10743147692371,personalised-mr-mrs-reed-diffuser-gift,Personalised Mr & Mrs Reed Diffuser Gift — Wedding or Anniversary Present | Luxe fresh fragrance,54440025915731,Default Title,14.95,19.95,,False,False
10830314701139,7-95-plush-elf-friend,(£7.95) Plush Elf Friend,54848333971795,Twin Pack (one each),13.95,,7.95,False,False
10830612300115,7-95-elf-pyjamas,"Elf Pyjamas for 12"" Elves, Red Elf Print",54847808667987,Red elf print,7.95,,,False,False
10830612300115,7-95-elf-pyjamas,"Elf Pyjamas for 12"" Elves, Red Elf Print",54848335380819,"Red, Twin Pack (one each)",13.95,,,False,False
10830653063507,santa-report-sheets-for-elves-5-pack,"Santa Report Sheets for Elves, 5 Pack",54847925584211,Default Title,4.95,,,False,False
10830653292883,the-elf-night-shift-set,The Elf Night Shift Set,54847925846355,Default Title,9.95,,,False,False
10830728626515,9-95-second-elf-postcard,(£9.95) Second Elf Postcard,54848138936659,Default Title,9.95,,9.95,False,False
10833681088851,personalised-family-reed-diffuser-gift,Personalised Family Reed Diffuser Gift - Personalised Home Fragrance UK,54858250223955,Default Title,14.95,19.95,,False,False
10833681121619,personalised-christmas-reed-diffuser-gift,Personalised Christmas Reed Diffuser Gift | Festive Home Fragrance UK,54858250256723,Default Title,14.95,19.95,,False,False
10833681187155,personalised-friendship-reed-diffuser-gift,Personalised Friendship Reed Diffuser Gift — Thank You For Being Amazing | Best Friend Present UK,54858250289491,Default Title,14.95,19.95,,False,False
10833681219923,diffuser-gift-box,Diffuser Gift Box,54858255270227,Default Title,5.95,,,False,False
10833681252691,second-personalised-reed-diffuser-offer,Second Personalised Reed Diffuser — Offer,54858255335763,Default Title,12.95,,,False,False
10869431271763,christmas-gift-wrap-kit,Gift Wrap Kit – Christmas,55024872980819,Default Title,5.95,,,False,False
10887256899923,gift-wrap-kit-emerald-pampas,Gift Wrap Kit – Emerald & Pampas,55087892562259,Default Title,5.95,,,False,False
10887258046803,gift-wrap-kit-blush-blossom,Gift Wrap Kit – Blush Blossom,55087895904595,Default Title,5.95,,,False,False
10887258505555,gift-wrap-kit-midnight-sparkle,Gift Wrap Kit – Midnight Sparkle,55087897706835,Default Title,5.95,,,False,False
10887789150547,mojito-bath-bomb-set,Mojito Bath Bomb Set,55089744183635,Default Title,12.95,,,False,False
10887808418131,pina-colada-bath-bomb-set,Piña Colada Bath Bomb Set,55089788354899,Default Title,12.95,,,False,False
10887833026899,gin-and-tonic-bath-bomb-set,Gin & Tonic Bath Bomb Set,55089842389331,Default Title,12.95,,,False,False
10887871922515,martini-bath-bomb-set,Martini Bath Bomb Set,55089912742227,Default Title,12.95,,,False,False
10887937392979,muscle-ease-massage-oil,Muscle Ease Massage Oil,55090055938387,Default Title,12.95,,,False,False
10896422830419,thank-you-soap-much-rose-soap,Thank You Soap Much – Rose Soap,55129173229907,Default Title,4.95,,,False,False
10896423059795,soap-proud-of-you-rose-soap,Soap Proud of You – Rose Soap,55129173524819,Default Title,4.95,,,False,False
10896423190867,youre-bloody-soap-erb-sunshine-orange-soap,You're Bloody Soap-erb Sunshine! – Orange Soap,55129173950803,Default Title,4.95,,,False,False
10896423321939,if-you-cant-be-good-at-least-be-clean-orange-soap,"If You Can't Be Good, At Least Be Clean! – Orange Soap",55129174376787,Default Title,4.95,,,False,False
10896423387475,my-one-and-foamy-emerald-truffle-soap,My One and Foamy – Emerald Truffle Soap,55129174475091,Default Title,4.95,,,False,False
10896423453011,for-when-life-gets-a-bit-grubby-emerald-truffle-soap,For When Life Gets a Bit Grubby – Emerald Truffle Soap,55129174540627,Default Title,4.95,,,False,False
10899381322067,soul-soap-handwritten-gift-note,Soul Soap Handwritten Gift Note,55145460007251,Default Title,1.50,,,False,False
10900019151187,personalised-pet-street-sign-no-need-to-knock,Personalised Pet Street Sign — No Need To Knock,55149488701779,Small,14.95,24.95,,False,False
10900019151187,personalised-pet-street-sign-no-need-to-knock,Personalised Pet Street Sign — No Need To Knock,55149488734547,Medium,24.94,,,False,True
10900019151187,personalised-pet-street-sign-no-need-to-knock,Personalised Pet Street Sign — No Need To Knock,55149488767315,Large,27.94,,,False,True
