set_id,option_id,label,value,rich_text,addon_type,variant_id,cached_price,manual_price,actual_price,linked_product,flags,set_name,product_ids
1479929,select-2,,Large (56x11x0.3cm),,manual_product,50706730254675,6.00,,,,linked variant not in active catalogue,Number Plate Sign,10588182741331
1479929,select-1,**INCREDIBLE OFFER** Buy a second one for just £9.95,YES Please,,manual_product,50112897155411,9.95,,9.95,**INCREDIBLE OFFER** Buy a second one for just £9.95,,Number Plate Sign,10588182741331
1479929,checkbox-1,Mounting Strips (Recommended),Yes Please,,manual_product,50706678514003,1.95,,1.99,(£1.99) Mounting Strips,cached variant_price differs,Number Plate Sign,10588182741331
1479929,checkbox-2,Checkbox,Yes Please,,manual_product,51217275584851,3.90,,3.90,(£3.90) Mounting Strips,,Number Plate Sign,10588182741331
1479929,checkbox-5,Gift Wrap Kit?,Yes Please,,manual_product,53802540171603,3.95,,5.95,Gift Wrap Kit – Ivory & Twine,cached variant_price differs,Number Plate Sign,10588182741331
1479929,checkbox-6,2nd Gift Wrap Kit?,Yes Please,,manual_product,53802540171603,3.95,,5.95,Gift Wrap Kit – Ivory & Twine,cached variant_price differs,Number Plate Sign,10588182741331
1395520,select-2,,Large (57x12cm),,manual_product,50706730254675,6.00,,,,linked variant not in active catalogue,Mum/Nanny Street Sign,10426355056979
1395520,checkbox-3,**INCREDIBLE OFFER** GET A 2ND SIGN FOR HALF PRICE!,Yes Please,,manual_product,52007720485203,9.00,,7.45,(£7.45) Small Street Sign,cached variant_price differs,Mum/Nanny Street Sign,10426355056979
1395520,checkbox-4,**INCREDIBLE OFFER** GET A 2ND SIGN FOR HALF PRICE! ,Yes Please,,manual_product,50201180930387,12.45,,10.45,(+£10.45) Large Street Sign,cached variant_price differs,Mum/Nanny Street Sign,10426355056979
1395520,checkbox-1,Mounting Strips?,Yes Please,,manual_product,50706678514003,1.95,,1.99,(£1.99) Mounting Strips,cached variant_price differs,Mum/Nanny Street Sign,10426355056979
1395520,checkbox-2,Mounting Strips?,Yes Please,,manual_product,50706678514003,1.95,,1.99,(£1.99) Mounting Strips,cached variant_price differs,Mum/Nanny Street Sign,10426355056979
1395520,checkbox-5,,Yes Please,,manual_product,50335680889171,6.95,,,,linked variant not in active catalogue,Mum/Nanny Street Sign,10426355056979
1387275,select-2,,Large (57x12cm),,manual_product,50706730254675,6.00,,,,linked variant not in active catalogue,1st Mothers day Street Sign,9436255879507
1387275,checkbox-3,**INCREDIBLE OFFER** GET A 2ND SIGN FOR HALF PRICE!,Yes Please,,manual_product,52007720485203,9.00,,7.45,(£7.45) Small Street Sign,cached variant_price differs,1st Mothers day Street Sign,9436255879507
1387275,checkbox-4,**INCREDIBLE OFFER** GET A 2ND SIGN FOR HALF PRICE! ,Yes Please,,manual_product,50201180930387,12.45,,10.45,(+£10.45) Large Street Sign,cached variant_price differs,1st Mothers day Street Sign,9436255879507
1387275,checkbox-1,Mounting Strips?,Yes Please,,manual_product,50706678514003,1.95,,1.99,(£1.99) Mounting Strips,cached variant_price differs,1st Mothers day Street Sign,9436255879507
1387275,checkbox-2,Mounting Strips?,Yes Please,,manual_product,50706678514003,1.95,,1.99,(£1.99) Mounting Strips,cached variant_price differs,1st Mothers day Street Sign,9436255879507
1387275,checkbox-5,,Yes Please,,manual_product,50335680889171,6.95,,,,linked variant not in active catalogue,1st Mothers day Street Sign,9436255879507
1268576,select-3,,3 (Inc dog/cat),,manual_product,52936040218963,5.00,,5.00,(+£5) 3/4/5 Pebbles,,PICTURE grandchildren are the greatest gift,10228384989523
1268576,select-3,,4 (Inc dog/cat),,manual_product,52936040218963,5.00,,5.00,(+£5) 3/4/5 Pebbles,,PICTURE grandchildren are the greatest gift,10228384989523
1268576,select-3,,5 (Inc dog/cat),,manual_product,52936040218963,5.00,,5.00,(+£5) 3/4/5 Pebbles,,PICTURE grandchildren are the greatest gift,10228384989523
1268576,select-5,Pebble 3,Adult,,manual_product,52936040218963,5.00,,5.00,(+£5) 3/4/5 Pebbles,,PICTURE grandchildren are the greatest gift,10228384989523
1268544,select-3,,3 (Inc dog/cat),,manual_product,52936040218963,5.00,,5.00,(+£5) 3/4/5 Pebbles,,PICTURE perfectly imperfect,10228360282451
1268544,select-3,,4 (Inc dog/cat),,manual_product,52936040218963,5.00,,5.00,(+£5) 3/4/5 Pebbles,,PICTURE perfectly imperfect,10228360282451
1268544,select-3,,5 (Inc dog/cat),,manual_product,52936040218963,5.00,,5.00,(+£5) 3/4/5 Pebbles,,PICTURE perfectly imperfect,10228360282451
1268509,select-3,,3 (Inc dog/cat),,manual_product,52936040218963,5.00,,5.00,(+£5) 3/4/5 Pebbles,,PICTURE NEW New home mini,10228306739539
1268509,select-3,,4 (Inc dog/cat),,manual_product,52936040218963,5.00,,5.00,(+£5) 3/4/5 Pebbles,,PICTURE NEW New home mini,10228306739539
1268509,select-3,,5 (Inc dog/cat),,manual_product,52936040218963,5.00,,5.00,(+£5) 3/4/5 Pebbles,,PICTURE NEW New home mini,10228306739539
1242452,select-4,,Add White frame ,,manual_product,50112985366867,15.00,,15.00,(+£15) Add WHITE Frame,,Watercolour flower print 1,"9436258402643,9436259221843,9436259451219,9436259844435"
1242452,select-4,,Add Grey frame (OUT OF STOCK),,manual_product,50112991887699,15.00,,15.00,(+£15) Add GREY Frame,,Watercolour flower print 1,"9436258402643,9436259221843,9436259451219,9436259844435"
1242452,select-1,**INCREDIBLE OFFER** Buy a second one for just £6.95,YES Please,,manual_product,50206675468627,6.95,,6.95,(+£6.95) **INCREDIBLE OFFER** PRINT,,Watercolour flower print 1,"9436258402643,9436259221843,9436259451219,9436259844435"
1242452,select-5,,Add White frame,,manual_product,50112985366867,15.00,,15.00,(+£15) Add WHITE Frame,,Watercolour flower print 1,"9436258402643,9436259221843,9436259451219,9436259844435"
1242452,select-5,,Add Grey frame (OUT OF STOCK),,manual_product,50112991887699,15.00,,15.00,(+£15) Add GREY Frame,,Watercolour flower print 1,"9436258402643,9436259221843,9436259451219,9436259844435"
1208342,select-6,,2,,manual_product,51811283075411,3.00,,3.00,(+£3.00) x2 Hanging Decorations,,First Day of School Picture Decoration,10115140550995
1208342,select-6,,3,,manual_product,51811291824467,6.00,,6.00,(+£6.00) x3 Hanging Decorations,,First Day of School Picture Decoration,10115140550995
1208342,select-6,,4,,manual_product,51811307487571,9.00,,9.00,(+£9.00) x4 Hanging Decorations,,First Day of School Picture Decoration,10115140550995
1208342,select-6,,5,,manual_product,51811312959827,12.00,,12.00,(+£12.00) x5 Hanging Decorations,,First Day of School Picture Decoration,10115140550995
1208342,select-6,,6,,manual_product,51811321086291,15.00,,15.00,(+£15.00) x6 Hanging Decorations,,First Day of School Picture Decoration,10115140550995
1208342,select-1,*INCREDIBLE OFFER* Add another child for JUST £9.95?,Yes Please,,manual_product,51807183700307,9.95,,9.95,(+£9.95) **INCREDIBLE OFFER** Magnet,,First Day of School Picture Decoration,10115140550995
1208342,select-7,,2,,manual_product,51811612393811,1.50,,1.50,(+£1.50) x2 Hanging Decorations,,First Day of School Picture Decoration,10115140550995
1208342,select-7,,3,,manual_product,51811629826387,3.00,,3.00,(+£3.00) x3 Hanging Decorations,,First Day of School Picture Decoration,10115140550995
1208342,select-7,,4,,manual_product,51811650961747,4.50,,4.50,(+£4.50) x4 Hanging Decorations,,First Day of School Picture Decoration,10115140550995
1208342,select-7,,5,,manual_product,51811685302611,6.00,,6.00,(+£6.00) x5 Hanging Decorations,,First Day of School Picture Decoration,10115140550995
1208342,select-7,,6,,manual_product,51811690676563,7.50,,7.50,(+£7.50) x6 Hanging Decorations,,First Day of School Picture Decoration,10115140550995
1208289,select-6,,2,,manual_product,51811220324691,3.00,,3.00,(+£3.00) x2 Fridge Magnets,,First Day of School Picture Magnet,10115134816595
1208289,select-6,,3,,manual_product,51811225796947,6.00,,6.00,(+£6.00) x3 Fridge Magnets,,First Day of School Picture Magnet,10115134816595
1208289,select-6,,4,,manual_product,51811247882579,9.00,,9.00,(+£9.00) x4 Fridge Magnets,,First Day of School Picture Magnet,10115134816595
1208289,select-6,,5,,manual_product,51811251716435,12.00,,12.00,(+£12.00) x5 Fridge Magnets,,First Day of School Picture Magnet,10115134816595
1208289,select-6,,6,,manual_product,51811269116243,15.00,,15.00,(+£15.00) x6 Fridge Magnets,,First Day of School Picture Magnet,10115134816595
1208289,select-1,*INCREDIBLE OFFER* Add another child for JUST £9.95,Yes Please,,manual_product,51807183700307,9.95,,9.95,(+£9.95) **INCREDIBLE OFFER** Magnet,,First Day of School Picture Magnet,10115134816595
1208289,select-7,,2,,manual_product,51811340648787,1.50,,1.50,(+£1.50) x2 Fridge Magnets,,First Day of School Picture Magnet,10115134816595
1208289,select-7,,3,,manual_product,51811220324691,3.00,,3.00,(+£3.00) x2 Fridge Magnets,,First Day of School Picture Magnet,10115134816595
1208289,select-7,,4,,manual_product,51811364274515,4.50,,4.50,(+£4.50) x4 Fridge Magnets,,First Day of School Picture Magnet,10115134816595
1208289,select-7,,5,,manual_product,51811372630355,6.00,,6.00,(+£6.00) x5 Fridge Magnets,,First Day of School Picture Magnet,10115134816595
1208289,select-7,,6,,manual_product,51811378692435,7.50,,7.50,(+£7.50) x6 Fridge Magnets,,First Day of School Picture Magnet,10115134816595
1196844,select-2,,Large (57x12x0.3cm),,manual_product,50706730254675,6.00,,,,linked variant not in active catalogue,Holiday Road Sign,10093071597907
1196844,checkbox-4,**INCREDIBLE OFFER** GET A 2ND SIGN FOR HALF PRICE!,Yes Please,,manual_product,52007720485203,9.00,,7.45,(£7.45) Small Street Sign,cached variant_price differs,Holiday Road Sign,10093071597907
1196844,checkbox-5,**INCREDIBLE OFFER** GET A 2ND SIGN FOR HALF PRICE!,Yes Please,,manual_product,50201180930387,12.45,,10.45,(+£10.45) Large Street Sign,cached variant_price differs,Holiday Road Sign,10093071597907
1196844,checkbox-1,Mounting Strips?,Yes Please,,manual_product,50706678514003,1.95,,1.99,(£1.99) Mounting Strips,cached variant_price differs,Holiday Road Sign,10093071597907
1196844,checkbox-2,Mounting Strips?,Yes Please,,manual_product,51217275584851,3.90,,3.90,(£3.90) Mounting Strips,,Holiday Road Sign,10093071597907
1196844,checkbox-3,Add &#039;Great Adventures Await&#039; porcelain pebble?,Yes Please,,manual_product,51198886478163,4.95,,3.95,Porcelain ‘Great Adventures await’ pebble,cached variant_price differs,Holiday Road Sign,10093071597907
1187443,select-2,,Large (57x12x0.3cm),,manual_product,50201180930387,6.00,,10.45,(+£10.45) Large Street Sign,cached variant_price differs,"USA Road Signs, non personalised","10055407796563,10055406846291,10055405306195,10055411401043,10055412285779,10055405797715,10055410843987,10055407272275"
1187443,select-1,**INCREDIBLE OFFER** GET A 2ND SIGN FOR £16.95!,YES Please,,manual_product,51626646831443,16.95,,16.95,(+£16.95) **INCREDIBLE OFFER** SIGN,,"USA Road Signs, non personalised","10055407796563,10055406846291,10055405306195,10055411401043,10055412285779,10055405797715,10055410843987,10055407272275"
1187443,select-3,,Large (57x12x0.3cm),,manual_product,50201180930387,6.00,,10.45,(+£10.45) Large Street Sign,cached variant_price differs,"USA Road Signs, non personalised","10055407796563,10055406846291,10055405306195,10055411401043,10055412285779,10055405797715,10055410843987,10055407272275"
1187443,select-4,Select design for 2nd sign,CREATE YOUR OWN,,manual_product,51629564264787,2.00,,2.00,(+£2) **CREATE YOUR OWN,,"USA Road Signs, non personalised","10055407796563,10055406846291,10055405306195,10055411401043,10055412285779,10055405797715,10055410843987,10055407272275"
1187443,checkbox-1,Mounting Strips?,Yes Please,,manual_product,50706678514003,1.95,,1.99,(£1.99) Mounting Strips,cached variant_price differs,"USA Road Signs, non personalised","10055407796563,10055406846291,10055405306195,10055411401043,10055412285779,10055405797715,10055410843987,10055407272275"
1187443,checkbox-2,Mounting Strips?,Yes Please,,manual_product,51217275584851,3.90,,3.90,(£3.90) Mounting Strips,,"USA Road Signs, non personalised","10055407796563,10055406846291,10055405306195,10055411401043,10055412285779,10055405797715,10055410843987,10055407272275"
1187430,select-2,,Large (57x12x0.3cm),,manual_product,50706730254675,6.00,,,,linked variant not in active catalogue,USA Road Sign,10054873022803
1187430,select-1,**INCREDIBLE OFFER** GET A 2ND SIGN FOR HALF PRICE!,YES Please,,manual_product,50201180930387,12.45,,10.45,(+£10.45) Large Street Sign,cached variant_price differs,USA Road Sign,10054873022803
1187430,select-4,**INCREDIBLE OFFER** GET A 2ND SIGN FOR HALF PRICE!,YES Please,,manual_product,52007720485203,9.00,,7.45,(£7.45) Small Street Sign,cached variant_price differs,USA Road Sign,10054873022803
1187430,checkbox-1,Mounting Strips?,Yes Please,,manual_product,50706678514003,1.95,,1.99,(£1.99) Mounting Strips,cached variant_price differs,USA Road Sign,10054873022803
1187430,checkbox-2,Mounting Strips?,Yes Please,,manual_product,51217275584851,3.90,,3.90,(£3.90) Mounting Strips,,USA Road Sign,10054873022803
1186965,checkbox-1,Add an Easel to your order?,Yes Please,,manual_product,51434941874515,3.95,,3.95,(+£3.95) x1 Easel,,Riviera QR CODE,10051788439891
1186954,checkbox-1,Add an Easel to your order?,Yes Please,,manual_product,51434941874515,3.95,,3.95,(+£3.95) x1 Easel,,Tuscany QR CODE,10051788505427
1186861,select-4,,Large (60x21x0.3cm),,manual_product,51623516963155,3.00,,3.00,(£3) Large Spooky Kooky Sign,,Spooky Kooky Sign,10054789792083
1186861,select-1,**INCREDIBLE OFFER** GET A 2ND SIGN FOR £9.95,YES Please,,manual_product,51623526138195,9.95,,9.95,(+£9.95) **INCREDIBLE OFFER** Spooky Kooky Sign,,Spooky Kooky Sign,10054789792083
1186861,select-3,,Large (60x21x0.3cm),,manual_product,51623516963155,3.00,,3.00,(£3) Large Spooky Kooky Sign,,Spooky Kooky Sign,10054789792083
1186861,checkbox-1,Mounting Strips?,Yes Please,,manual_product,50706678514003,1.95,,1.99,(£1.99) Mounting Strips,cached variant_price differs,Spooky Kooky Sign,10054789792083
1186861,checkbox-2,Mounting Strips?,Yes Please,,manual_product,51217275584851,3.90,,3.90,(£3.90) Mounting Strips,,Spooky Kooky Sign,10054789792083
1186848,select-1,,A4,,manual_product,51469409026387,2.00,,2.00,(+£2.00)A4 Board,,Wonderland QR,10052790288723
1186848,checkbox-1,Add an Easel to your order?,Yes Please,,manual_product,51434941874515,3.95,,3.95,(+£3.95) x1 Easel,,Wonderland QR,10052790288723
1186847,select-1,,A4,,manual_product,51469409026387,2.00,,2.00,(+£2.00)A4 Board,,Wild flowers QR,10051787718995
1186847,checkbox-1,Add an Easel to your order?,Yes Please,,manual_product,51434941874515,3.95,,3.95,(+£3.95) x1 Easel,,Wild flowers QR,10051787718995
1183653,select-1,,A4,,manual_product,51469409026387,2.00,,2.00,(+£2.00)A4 Board,,Wild flowers Gifts & Cards,"10043872706899,10043876737363"
1183653,checkbox-1,Add an Easel to your order?,Yes Please,,manual_product,51434941874515,3.95,,3.95,(+£3.95) x1 Easel,,Wild flowers Gifts & Cards,"10043872706899,10043876737363"
1182385,select-1,,A4,,manual_product,51608341086547,19.95,,19.95,(+£19.95)A4 Board,,Wonderland Featuring Board,10043871887699
1182385,select-1,,A3 ,,manual_product,51608340300115,29.95,,29.95,(+£29.95)A3 Board,,Wonderland Featuring Board,10043871887699
1182385,select-1,,A2,,manual_product,51434115727699,33.95,,33.95,(+£33.95)A2 Board,,Wonderland Featuring Board,10043871887699
1182385,select-4,,2 holes at the top centre,,manual_product,51434177560915,1.50,,1.50,(+£1.50) Holes,,Wonderland Featuring Board,10043871887699
1182385,select-4,,2 holes in top corners,,manual_product,51434177560915,1.50,,1.50,(+£1.50) Holes,,Wonderland Featuring Board,10043871887699
1182385,select-4,,1 in each of 4 corners,,manual_product,51468076417363,3.00,,3.00,(+£3) Holes,,Wonderland Featuring Board,10043871887699
1182385,checkbox-1,* Colour will be the same as sign above,Yes Please,,manual_product,51590310887763,5.00,,5.00,Personalised Wedding Order of the Day — Wonderland Style | Wedding Reception Stationery UK,,Wonderland Featuring Board,10043871887699
1182385,select-13,,A4,,manual_product,51608341086547,19.95,,19.95,(+£19.95)A4 Board,,Wonderland Featuring Board,10043871887699
1182385,select-13,,A3 ,,manual_product,51608340300115,29.95,,29.95,(+£29.95)A3 Board,,Wonderland Featuring Board,10043871887699
1182385,select-13,,A2,,manual_product,51434115727699,33.95,,33.95,(+£33.95)A2 Board,,Wonderland Featuring Board,10043871887699
1182385,select-7,,2 holes at the top centre,,manual_product,51434177560915,1.50,,1.50,(+£1.50) Holes,,Wonderland Featuring Board,10043871887699
1182385,select-7,,2 holes in top corners,,manual_product,51434177560915,1.50,,1.50,(+£1.50) Holes,,Wonderland Featuring Board,10043871887699
1182385,select-7,,1 in each of 4 corners,,manual_product,51468076417363,3.00,,3.00,(+£3) Holes,,Wonderland Featuring Board,10043871887699
1182385,checkbox-2, * Colour &amp; names will be the same as sign above,Yes Please,,manual_product,51590316720467,5.00,,5.00,Personalised Wedding Table Plan — Wonderland Style | Wedding Reception Seating Chart UK,,Wonderland Featuring Board,10043871887699
1182385,select-14,,A4,,manual_product,51608341086547,19.95,,19.95,(+£19.95)A4 Board,,Wonderland Featuring Board,10043871887699
1182385,select-14,,A3 ,,manual_product,51608340300115,29.95,,29.95,(+£29.95)A3 Board,,Wonderland Featuring Board,10043871887699
1182385,select-14,,A2,,manual_product,51434115727699,33.95,,33.95,(+£33.95)A2 Board,,Wonderland Featuring Board,10043871887699
1182385,select-11,,11,,manual_product,51465142108499,2.00,,2.00,(+£2) 11 Tables (Table Plan),,Wonderland Featuring Board,10043871887699
1182385,select-11,,12,,manual_product,51465143124307,4.00,,4.00,(+£4) 12 Tables (Table Plan),,Wonderland Featuring Board,10043871887699
1182385,select-11,,13,,manual_product,51465143451987,6.00,,6.00,(+£6) 13 Tables (Table Plan),,Wonderland Featuring Board,10043871887699
1182385,select-11,,14,,manual_product,51465143910739,8.00,,8.00,(+£8) 14 Tables (Table Plan),,Wonderland Featuring Board,10043871887699
1182385,select-11,,15,,manual_product,51465144402259,10.00,,10.00,(+£10) 15 Tables (Table Plan),,Wonderland Featuring Board,10043871887699
1182385,select-11,,16,,manual_product,51465148137811,12.00,,12.00,(+£12) 16 Tables (Table Plan),,Wonderland Featuring Board,10043871887699
1182385,select-10,,2 holes at the top centre,,manual_product,51434177560915,1.50,,1.50,(+£1.50) Holes,,Wonderland Featuring Board,10043871887699
1182385,select-10,,2 holes in top corners,,manual_product,51434177560915,1.50,,1.50,(+£1.50) Holes,,Wonderland Featuring Board,10043871887699
1182385,select-10,,1 in each of 4 corners,,manual_product,51468076417363,3.00,,3.00,(+£3) Holes,,Wonderland Featuring Board,10043871887699
1182380,select-14,,2,,manual_product,51434812211539,3.50,,3.50,(+£3.50) x2 Table numbers,,Wonderland Table numbers/ names,10043873198419
1182380,select-14,,3,,manual_product,51434814701907,7.00,,7.00,(+£7) x3 Table numbers,,Wonderland Table numbers/ names,10043873198419
1182380,select-14,,4,,manual_product,51434816471379,10.50,,10.50,(+£10.50) x4 Table numbers,,Wonderland Table numbers/ names,10043873198419
1182380,select-14,,5,,manual_product,51434817847635,14.00,,14.00,(+£14) x5 Table numbers,,Wonderland Table numbers/ names,10043873198419
1182380,select-14,,6,,manual_product,51434819125587,17.50,,17.50,(+£17.50) x6 Table numbers,,Wonderland Table numbers/ names,10043873198419
1182380,select-14,,7,,manual_product,51434845045075,21.00,,21.00,(+£21) x7 Table numbers,,Wonderland Table numbers/ names,10043873198419
1182380,select-14,,8,,manual_product,51434851926355,24.50,,24.50,(+£24.50) x8 Table numbers,,Wonderland Table numbers/ names,10043873198419
1182380,select-14,,9,,manual_product,51434857398611,28.00,,28.00,(+£28) x9 Table numbers,,Wonderland Table numbers/ names,10043873198419
1182380,select-14,,10,,manual_product,51434859069779,31.50,,31.50,(+£31.50) x10 Table numbers,,Wonderland Table numbers/ names,10043873198419
1182380,select-14,,11,,manual_product,51452581445971,35.00,,35.00,(+£35.00) x11 Table numbers,,Wonderland Table numbers/ names,10043873198419
1182380,select-14,,12,,manual_product,51452543009107,38.50,,38.50,(+£38.50) x12 Table numbers,,Wonderland Table numbers/ names,10043873198419
1182380,select-14,,13,,manual_product,51452565717331,42.00,,42.00,(+£42.00) x13 Table numbers,,Wonderland Table numbers/ names,10043873198419
1182380,select-14,,14,,manual_product,51452551299411,45.50,,45.50,(+£45.50) x14 Table numbers,,Wonderland Table numbers/ names,10043873198419
1182380,select-14,,15,,manual_product,51452575154515,49.00,,49.00,(+£49.00) x15 Table numbers,,Wonderland Table numbers/ names,10043873198419
1182380,select-14,,16,,manual_product,51452601958739,52.50,,52.50,(+£52.50) x16 Table numbers,,Wonderland Table numbers/ names,10043873198419
1182380,select-16,Quantity of Easels,1,,manual_product,51434941874515,3.95,,3.95,(+£3.95) x1 Easel,,Wonderland Table numbers/ names,10043873198419
1182380,select-16,,2,,manual_product,51434945216851,7.90,,7.90,(+£7.90) x2 Easels,,Wonderland Table numbers/ names,10043873198419
1182380,select-16,,3,,manual_product,51434946756947,11.85,,11.85,(+£11.89) x3 Easels,,Wonderland Table numbers/ names,10043873198419
1182380,select-16,,4,,manual_product,51434947903827,15.80,,15.80,(+£15.80) x4 Easels,,Wonderland Table numbers/ names,10043873198419
1182380,select-16,,5,,manual_product,51434949149011,19.75,,19.75,(+£19.75) x5 Easels,,Wonderland Table numbers/ names,10043873198419
1182380,select-16,,6,,manual_product,51434950164819,23.70,,23.70,(+£23.70) x6 Easels,,Wonderland Table numbers/ names,10043873198419
1182380,select-16,,7,,manual_product,51434953572691,27.65,,27.65,(+£27.65) x7 Easels,,Wonderland Table numbers/ names,10043873198419
1182380,select-16,,8,,manual_product,51434954522963,31.60,,31.60,(+£31.60) x8 Easels,,Wonderland Table numbers/ names,10043873198419
1182380,select-16,,9,,manual_product,51434955735379,35.55,,35.55,(+£35.55) x9 Easels,,Wonderland Table numbers/ names,10043873198419
1182380,select-16,,10,,manual_product,51434957504851,39.50,,39.50,(+£39.50) x10 Easels,,Wonderland Table numbers/ names,10043873198419
1182380,select-16,,11,,manual_product,51453389570387,43.45,,43.45,(+£43.45) x11 Easels,,Wonderland Table numbers/ names,10043873198419
1182380,select-16,,12,,manual_product,51453506683219,47.40,,47.40,(+£47.40) x12 Easels,,Wonderland Table numbers/ names,10043873198419
1182380,select-16,,13,,manual_product,51453391503699,51.35,,51.35,(+£51.35) x13 Easels,,Wonderland Table numbers/ names,10043873198419
1182380,select-16,,14,,manual_product,51453396451667,55.30,,55.30,(+£55.30) x14 Easels,,Wonderland Table numbers/ names,10043873198419
1182380,select-16,,15,,manual_product,51453401235795,59.25,,59.25,(+£59.25) x15 Easels,,Wonderland Table numbers/ names,10043873198419
1182380,select-16,,16,,manual_product,51453403070803,63.20,,63.20,(+£63.20) x16 Easels,,Wonderland Table numbers/ names,10043873198419
1182366,select-1,,A4,,manual_product,51611074330963,21.95,,21.95,(+£21.95)A4 Table plan,,Wonderland Table plan,10043870052691
1182366,select-1,,A3 ,,manual_product,51611094253907,31.95,,31.95,(+£31.95) A2 Table Plan,,Wonderland Table plan,10043870052691
1182366,select-1,,A2,,manual_product,51611116863827,34.95,,34.95,(+£34.95)A2 Table plan,,Wonderland Table plan,10043870052691
1182366,select-11,,11,,manual_product,51465142108499,2.00,,2.00,(+£2) 11 Tables (Table Plan),,Wonderland Table plan,10043870052691
1182366,select-11,,12,,manual_product,51465143124307,4.00,,4.00,(+£4) 12 Tables (Table Plan),,Wonderland Table plan,10043870052691
1182366,select-11,,13,,manual_product,51465143451987,6.00,,6.00,(+£6) 13 Tables (Table Plan),,Wonderland Table plan,10043870052691
1182366,select-11,,14,,manual_product,51465143910739,8.00,,8.00,(+£8) 14 Tables (Table Plan),,Wonderland Table plan,10043870052691
1182366,select-11,,15,,manual_product,51465144402259,10.00,,10.00,(+£10) 15 Tables (Table Plan),,Wonderland Table plan,10043870052691
1182366,select-11,,16,,manual_product,51465148137811,12.00,,12.00,(+£12) 16 Tables (Table Plan),,Wonderland Table plan,10043870052691
1182366,select-4,,2 holes at the top centre,,manual_product,51434177560915,1.50,,1.50,(+£1.50) Holes,,Wonderland Table plan,10043870052691
1182366,select-4,,2 holes in top corners,,manual_product,51434177560915,1.50,,1.50,(+£1.50) Holes,,Wonderland Table plan,10043870052691
1182366,select-4,,1 in each of 4 corners,,manual_product,51468076417363,3.00,,3.00,(+£3) Holes,,Wonderland Table plan,10043870052691
1182366,checkbox-1,* Colour will be the same as sign above,Yes Please,,manual_product,51590272614739,5.00,,5.00,Personalised Wedding Welcome Board — Wonderland Style | Wedding Reception Sign & Venue Decoration,,Wonderland Table plan,10043870052691
1182366,select-13,,A4,,manual_product,51608341086547,19.95,,19.95,(+£19.95)A4 Board,,Wonderland Table plan,10043870052691
1182366,select-13,,A3 ,,manual_product,51608340300115,29.95,,29.95,(+£29.95)A3 Board,,Wonderland Table plan,10043870052691
1182366,select-13,,A2,,manual_product,51434115727699,33.95,,33.95,(+£33.95)A2 Board,,Wonderland Table plan,10043870052691
1182366,select-7,,2 holes at the top centre,,manual_product,51434177560915,1.50,,1.50,(+£1.50) Holes,,Wonderland Table plan,10043870052691
1182366,select-7,,2 holes in top corners,,manual_product,51434177560915,1.50,,1.50,(+£1.50) Holes,,Wonderland Table plan,10043870052691
1182366,select-7,,1 in each of 4 corners,,manual_product,51468076417363,3.00,,3.00,(+£3) Holes,,Wonderland Table plan,10043870052691
1182366,checkbox-2, * Colour will be the same as sign above,Yes Please,,manual_product,51590310887763,5.00,,5.00,Personalised Wedding Order of the Day — Wonderland Style | Wedding Reception Stationery UK,,Wonderland Table plan,10043870052691
1182366,select-16,,A4,,manual_product,51608341086547,19.95,,19.95,(+£19.95)A4 Board,,Wonderland Table plan,10043870052691
1182366,select-16,,A3 ,,manual_product,51608340300115,29.95,,29.95,(+£29.95)A3 Board,,Wonderland Table plan,10043870052691
1182366,select-16,,A2,,manual_product,51434115727699,33.95,,33.95,(+£33.95)A2 Board,,Wonderland Table plan,10043870052691
1182366,select-10,,2 holes at the top centre,,manual_product,51434177560915,1.50,,1.50,(+£1.50) Holes,,Wonderland Table plan,10043870052691
1182366,select-10,,2 holes in top corners,,manual_product,51434177560915,1.50,,1.50,(+£1.50) Holes,,Wonderland Table plan,10043870052691
1182366,select-10,,1 in each of 4 corners,,manual_product,51468076417363,3.00,,3.00,(+£3) Holes,,Wonderland Table plan,10043870052691
1182358,select-1,,A4,,manual_product,51608341086547,19.95,,19.95,(+£19.95)A4 Board,,Wonderland Order of the day Board,10043868283219
1182358,select-1,,A3 ,,manual_product,51608340300115,29.95,,29.95,(+£29.95)A3 Board,,Wonderland Order of the day Board,10043868283219
1182358,select-1,,A2,,manual_product,51434115727699,33.95,,33.95,(+£33.95)A2 Board,,Wonderland Order of the day Board,10043868283219
1182358,select-4,,2 holes at the top centre,,manual_product,51434177560915,1.50,,1.50,(+£1.50) Holes,,Wonderland Order of the day Board,10043868283219
1182358,select-4,,2 holes in top corners,,manual_product,51434177560915,1.50,,1.50,(+£1.50) Holes,,Wonderland Order of the day Board,10043868283219
1182358,select-4,,1 in each of 4 corners,,manual_product,51468076417363,3.00,,3.00,(+£3) Holes,,Wonderland Order of the day Board,10043868283219
1182358,checkbox-1,* Colour will be the same as sign above,Yes Please,,manual_product,51590272614739,5.00,,5.00,Personalised Wedding Welcome Board — Wonderland Style | Wedding Reception Sign & Venue Decoration,,Wonderland Order of the day Board,10043868283219
1182358,select-13,,A4,,manual_product,51608341086547,19.95,,19.95,(+£19.95)A4 Board,,Wonderland Order of the day Board,10043868283219
1182358,select-13,,A3 ,,manual_product,51608340300115,29.95,,29.95,(+£29.95)A3 Board,,Wonderland Order of the day Board,10043868283219
1182358,select-13,,A2,,manual_product,51434115727699,33.95,,33.95,(+£33.95)A2 Board,,Wonderland Order of the day Board,10043868283219
1182358,select-7,,2 holes at the top centre,,manual_product,51434177560915,1.50,,1.50,(+£1.50) Holes,,Wonderland Order of the day Board,10043868283219
1182358,select-7,,2 holes in top corners,,manual_product,51434177560915,1.50,,1.50,(+£1.50) Holes,,Wonderland Order of the day Board,10043868283219
1182358,select-7,,1 in each of 4 corners,,manual_product,51468076417363,3.00,,3.00,(+£3) Holes,,Wonderland Order of the day Board,10043868283219
1182358,checkbox-2, * Colour will be the same as sign above,Yes Please,,manual_product,51590316720467,5.00,,5.00,Personalised Wedding Table Plan — Wonderland Style | Wedding Reception Seating Chart UK,,Wonderland Order of the day Board,10043868283219
1182358,select-14,,A4,,manual_product,51611074330963,21.95,,21.95,(+£21.95)A4 Table plan,,Wonderland Order of the day Board,10043868283219
1182358,select-14,,A3 ,,manual_product,51611094253907,31.95,,31.95,(+£31.95) A2 Table Plan,,Wonderland Order of the day Board,10043868283219
1182358,select-14,,A2,,manual_product,51611116863827,34.95,,34.95,(+£34.95)A2 Table plan,,Wonderland Order of the day Board,10043868283219
1182358,select-11,,11,,manual_product,51465142108499,2.00,,2.00,(+£2) 11 Tables (Table Plan),,Wonderland Order of the day Board,10043868283219
1182358,select-11,,12,,manual_product,51465143124307,4.00,,4.00,(+£4) 12 Tables (Table Plan),,Wonderland Order of the day Board,10043868283219
1182358,select-11,,13,,manual_product,51465143451987,6.00,,6.00,(+£6) 13 Tables (Table Plan),,Wonderland Order of the day Board,10043868283219
1182358,select-11,,14,,manual_product,51465143910739,8.00,,8.00,(+£8) 14 Tables (Table Plan),,Wonderland Order of the day Board,10043868283219
1182358,select-11,,15,,manual_product,51465144402259,10.00,,10.00,(+£10) 15 Tables (Table Plan),,Wonderland Order of the day Board,10043868283219
1182358,select-11,,16,,manual_product,51465148137811,12.00,,12.00,(+£12) 16 Tables (Table Plan),,Wonderland Order of the day Board,10043868283219
1182358,select-10,,2 holes at the top centre,,manual_product,51434177560915,1.50,,1.50,(+£1.50) Holes,,Wonderland Order of the day Board,10043868283219
1182358,select-10,,2 holes in top corners,,manual_product,51434177560915,1.50,,1.50,(+£1.50) Holes,,Wonderland Order of the day Board,10043868283219
1182358,select-10,,1 in each of 4 corners,,manual_product,51468076417363,3.00,,3.00,(+£3) Holes,,Wonderland Order of the day Board,10043868283219
1182354,select-1,,A4,,manual_product,51608341086547,19.95,,19.95,(+£19.95)A4 Board,,Wonderland Welcome Board,10043833024851
1182354,select-1,,A3 ,,manual_product,51608340300115,29.95,,29.95,(+£29.95)A3 Board,,Wonderland Welcome Board,10043833024851
1182354,select-1,,A2,,manual_product,51434115727699,33.95,,33.95,(+£33.95)A2 Board,,Wonderland Welcome Board,10043833024851
1182354,select-4,,2 holes at the top centre,,manual_product,51434177560915,1.50,,1.50,(+£1.50) Holes,,Wonderland Welcome Board,10043833024851
1182354,select-4,,2 holes in top corners,,manual_product,51434177560915,1.50,,1.50,(+£1.50) Holes,,Wonderland Welcome Board,10043833024851
1182354,select-4,,1 in each of 4 corners,,manual_product,51468076417363,3.00,,3.00,(+£3) Holes,,Wonderland Welcome Board,10043833024851
1182354,checkbox-1,* Colour will be the same as sign above,Yes Please,,manual_product,51590310887763,5.00,,5.00,Personalised Wedding Order of the Day — Wonderland Style | Wedding Reception Stationery UK,,Wonderland Welcome Board,10043833024851
1182354,select-13,,A4,,manual_product,51608341086547,19.95,,19.95,(+£19.95)A4 Board,,Wonderland Welcome Board,10043833024851
1182354,select-13,,A3 ,,manual_product,51608340300115,29.95,,29.95,(+£29.95)A3 Board,,Wonderland Welcome Board,10043833024851
1182354,select-13,,A2,,manual_product,51434115727699,33.95,,33.95,(+£33.95)A2 Board,,Wonderland Welcome Board,10043833024851
1182354,select-7,,2 holes at the top centre,,manual_product,51434177560915,1.50,,1.50,(+£1.50) Holes,,Wonderland Welcome Board,10043833024851
1182354,select-7,,2 holes in top corners,,manual_product,51434177560915,1.50,,1.50,(+£1.50) Holes,,Wonderland Welcome Board,10043833024851
1182354,select-7,,1 in each of 4 corners,,manual_product,51468076417363,3.00,,3.00,(+£3) Holes,,Wonderland Welcome Board,10043833024851
1182354,checkbox-2, * Colour will be the same as sign above,Yes Please,,manual_product,51590316720467,5.00,,5.00,Personalised Wedding Table Plan — Wonderland Style | Wedding Reception Seating Chart UK,,Wonderland Welcome Board,10043833024851
1182354,select-12,,A4,,manual_product,51611074330963,21.95,,21.95,(+£21.95)A4 Table plan,,Wonderland Welcome Board,10043833024851
1182354,select-12,,A3 ,,manual_product,51611094253907,31.95,,31.95,(+£31.95) A2 Table Plan,,Wonderland Welcome Board,10043833024851
1182354,select-12,,A2,,manual_product,51611116863827,34.95,,34.95,(+£34.95)A2 Table plan,,Wonderland Welcome Board,10043833024851
1182354,select-11,,11,,manual_product,51465142108499,2.00,,2.00,(+£2) 11 Tables (Table Plan),,Wonderland Welcome Board,10043833024851
1182354,select-11,,12,,manual_product,51465143124307,4.00,,4.00,(+£4) 12 Tables (Table Plan),,Wonderland Welcome Board,10043833024851
1182354,select-11,,13,,manual_product,51465143451987,6.00,,6.00,(+£6) 13 Tables (Table Plan),,Wonderland Welcome Board,10043833024851
1182354,select-11,,14,,manual_product,51465143910739,8.00,,8.00,(+£8) 14 Tables (Table Plan),,Wonderland Welcome Board,10043833024851
1182354,select-11,,15,,manual_product,51465144402259,10.00,,10.00,(+£10) 15 Tables (Table Plan),,Wonderland Welcome Board,10043833024851
1182354,select-11,,16,,manual_product,51465148137811,12.00,,12.00,(+£12) 16 Tables (Table Plan),,Wonderland Welcome Board,10043833024851
1182354,select-10,,2 holes at the top centre,,manual_product,51434177560915,1.50,,1.50,(+£1.50) Holes,,Wonderland Welcome Board,10043833024851
1182354,select-10,,2 holes in top corners,,manual_product,51434177560915,1.50,,1.50,(+£1.50) Holes,,Wonderland Welcome Board,10043833024851
1182354,select-10,,1 in each of 4 corners,,manual_product,51468076417363,3.00,,3.00,(+£3) Holes,,Wonderland Welcome Board,10043833024851
1182349,select-1,,A4,,manual_product,51608341086547,19.95,,19.95,(+£19.95)A4 Board,,Wild flowers Featuring Board,10043876409683
1182349,select-1,,A3 ,,manual_product,51608340300115,29.95,,29.95,(+£29.95)A3 Board,,Wild flowers Featuring Board,10043876409683
1182349,select-1,,A2,,manual_product,51434115727699,33.95,,33.95,(+£33.95)A2 Board,,Wild flowers Featuring Board,10043876409683
1182349,select-4,,2 holes at the top centre,,manual_product,51434177560915,1.50,,1.50,(+£1.50) Holes,,Wild flowers Featuring Board,10043876409683
1182349,select-4,,2 holes in top corners,,manual_product,51434177560915,1.50,,1.50,(+£1.50) Holes,,Wild flowers Featuring Board,10043876409683
1182349,select-4,,1 in each of 4 corners,,manual_product,51468076417363,3.00,,3.00,(+£3) Holes,,Wild flowers Featuring Board,10043876409683
1182349,checkbox-1,,Yes Please,,manual_product,51590325010771,5.00,,,,linked variant not in active catalogue,Wild flowers Featuring Board,10043876409683
1182349,select-12,,A4,,manual_product,51608341086547,19.95,,19.95,(+£19.95)A4 Board,,Wild flowers Featuring Board,10043876409683
1182349,select-12,,A3 ,,manual_product,51608340300115,29.95,,29.95,(+£29.95)A3 Board,,Wild flowers Featuring Board,10043876409683
1182349,select-12,,A2,,manual_product,51434115727699,33.95,,33.95,(+£33.95)A2 Board,,Wild flowers Featuring Board,10043876409683
1182349,select-7,,2 holes at the top centre,,manual_product,51434177560915,1.50,,1.50,(+£1.50) Holes,,Wild flowers Featuring Board,10043876409683
1182349,select-7,,2 holes in top corners,,manual_product,51434177560915,1.50,,1.50,(+£1.50) Holes,,Wild flowers Featuring Board,10043876409683
1182349,select-7,,1 in each of 4 corners,,manual_product,51468076417363,3.00,,3.00,(+£3) Holes,,Wild flowers Featuring Board,10043876409683
1182349,checkbox-2,,Yes Please,,manual_product,51590329729363,5.00,,,,linked variant not in active catalogue,Wild flowers Featuring Board,10043876409683
1182349,select-13,,A4,,manual_product,51611074330963,21.95,,21.95,(+£21.95)A4 Table plan,,Wild flowers Featuring Board,10043876409683
1182349,select-13,,A3 ,,manual_product,51611094253907,31.95,,31.95,(+£31.95) A2 Table Plan,,Wild flowers Featuring Board,10043876409683
1182349,select-13,,A2,,manual_product,51611116863827,34.95,,34.95,(+£34.95)A2 Table plan,,Wild flowers Featuring Board,10043876409683
1182349,select-11,,11,,manual_product,51465142108499,2.00,,2.00,(+£2) 11 Tables (Table Plan),,Wild flowers Featuring Board,10043876409683
1182349,select-11,,12,,manual_product,51465143124307,4.00,,4.00,(+£4) 12 Tables (Table Plan),,Wild flowers Featuring Board,10043876409683
1182349,select-11,,13,,manual_product,51465143451987,6.00,,6.00,(+£6) 13 Tables (Table Plan),,Wild flowers Featuring Board,10043876409683
1182349,select-11,,14,,manual_product,51465143910739,8.00,,8.00,(+£8) 14 Tables (Table Plan),,Wild flowers Featuring Board,10043876409683
1182349,select-11,,15,,manual_product,51465144402259,10.00,,10.00,(+£10) 15 Tables (Table Plan),,Wild flowers Featuring Board,10043876409683
1182349,select-11,,16,,manual_product,51465148137811,12.00,,12.00,(+£12) 16 Tables (Table Plan),,Wild flowers Featuring Board,10043876409683
1182349,select-10,,2 holes at the top centre,,manual_product,51434177560915,1.50,,1.50,(+£1.50) Holes,,Wild flowers Featuring Board,10043876409683
1182349,select-10,,2 holes in top corners,,manual_product,51434177560915,1.50,,1.50,(+£1.50) Holes,,Wild flowers Featuring Board,10043876409683
1182349,select-10,,1 in each of 4 corners,,manual_product,51468076417363,3.00,,3.00,(+£3) Holes,,Wild flowers Featuring Board,10043876409683
1182335,select-14,,2,,manual_product,51434812211539,3.50,,3.50,(+£3.50) x2 Table numbers,,Wild Flowers Table numbers/ names,10043876901203
1182335,select-14,,3,,manual_product,51434814701907,7.00,,7.00,(+£7) x3 Table numbers,,Wild Flowers Table numbers/ names,10043876901203
1182335,select-14,,4,,manual_product,51434816471379,10.50,,10.50,(+£10.50) x4 Table numbers,,Wild Flowers Table numbers/ names,10043876901203
1182335,select-14,,5,,manual_product,51434817847635,14.00,,14.00,(+£14) x5 Table numbers,,Wild Flowers Table numbers/ names,10043876901203
1182335,select-14,,6,,manual_product,51434819125587,17.50,,17.50,(+£17.50) x6 Table numbers,,Wild Flowers Table numbers/ names,10043876901203
1182335,select-14,,7,,manual_product,51434845045075,21.00,,21.00,(+£21) x7 Table numbers,,Wild Flowers Table numbers/ names,10043876901203
1182335,select-14,,8,,manual_product,51434851926355,24.50,,24.50,(+£24.50) x8 Table numbers,,Wild Flowers Table numbers/ names,10043876901203
1182335,select-14,,9,,manual_product,51434857398611,28.00,,28.00,(+£28) x9 Table numbers,,Wild Flowers Table numbers/ names,10043876901203
1182335,select-14,,10,,manual_product,51434859069779,31.50,,31.50,(+£31.50) x10 Table numbers,,Wild Flowers Table numbers/ names,10043876901203
1182335,select-14,,11,,manual_product,51452581445971,35.00,,35.00,(+£35.00) x11 Table numbers,,Wild Flowers Table numbers/ names,10043876901203
1182335,select-14,,12,,manual_product,51452543009107,38.50,,38.50,(+£38.50) x12 Table numbers,,Wild Flowers Table numbers/ names,10043876901203
1182335,select-14,,13,,manual_product,51452565717331,42.00,,42.00,(+£42.00) x13 Table numbers,,Wild Flowers Table numbers/ names,10043876901203
1182335,select-14,,14,,manual_product,51452551299411,45.50,,45.50,(+£45.50) x14 Table numbers,,Wild Flowers Table numbers/ names,10043876901203
1182335,select-14,,15,,manual_product,51452575154515,49.00,,49.00,(+£49.00) x15 Table numbers,,Wild Flowers Table numbers/ names,10043876901203
1182335,select-14,,16,,manual_product,51452601958739,52.50,,52.50,(+£52.50) x16 Table numbers,,Wild Flowers Table numbers/ names,10043876901203
1182335,select-15,Quantity of Easels?,1,,manual_product,51434941874515,3.95,,3.95,(+£3.95) x1 Easel,,Wild Flowers Table numbers/ names,10043876901203
1182335,select-15,,2,,manual_product,51434945216851,7.90,,7.90,(+£7.90) x2 Easels,,Wild Flowers Table numbers/ names,10043876901203
1182335,select-15,,3,,manual_product,51434946756947,11.85,,11.85,(+£11.89) x3 Easels,,Wild Flowers Table numbers/ names,10043876901203
1182335,select-15,,4,,manual_product,51434947903827,15.80,,15.80,(+£15.80) x4 Easels,,Wild Flowers Table numbers/ names,10043876901203
1182335,select-15,,5,,manual_product,51434949149011,19.75,,19.75,(+£19.75) x5 Easels,,Wild Flowers Table numbers/ names,10043876901203
1182335,select-15,,6,,manual_product,51434950164819,23.70,,23.70,(+£23.70) x6 Easels,,Wild Flowers Table numbers/ names,10043876901203
1182335,select-15,,7,,manual_product,51434953572691,27.65,,27.65,(+£27.65) x7 Easels,,Wild Flowers Table numbers/ names,10043876901203
1182335,select-15,,8,,manual_product,51434954522963,31.60,,31.60,(+£31.60) x8 Easels,,Wild Flowers Table numbers/ names,10043876901203
1182335,select-15,,9,,manual_product,51434955735379,35.55,,35.55,(+£35.55) x9 Easels,,Wild Flowers Table numbers/ names,10043876901203
1182335,select-15,,10,,manual_product,51434957504851,39.50,,39.50,(+£39.50) x10 Easels,,Wild Flowers Table numbers/ names,10043876901203
1182335,select-15,,11,,manual_product,51453389570387,43.45,,43.45,(+£43.45) x11 Easels,,Wild Flowers Table numbers/ names,10043876901203
1182335,select-15,,12,,manual_product,51453506683219,47.40,,47.40,(+£47.40) x12 Easels,,Wild Flowers Table numbers/ names,10043876901203
1182335,select-15,,13,,manual_product,51453391503699,51.35,,51.35,(+£51.35) x13 Easels,,Wild Flowers Table numbers/ names,10043876901203
1182335,select-15,,14,,manual_product,51453396451667,55.30,,55.30,(+£55.30) x14 Easels,,Wild Flowers Table numbers/ names,10043876901203
1182335,select-15,,15,,manual_product,51453401235795,59.25,,59.25,(+£59.25) x15 Easels,,Wild Flowers Table numbers/ names,10043876901203
1182335,select-15,,16,,manual_product,51453403070803,63.20,,63.20,(+£63.20) x16 Easels,,Wild Flowers Table numbers/ names,10043876901203
1182331,select-1,,A4,,manual_product,51611074330963,21.95,,21.95,(+£21.95)A4 Table plan,,Wild Flowers Table plan,10043876049235
1182331,select-1,,A3 ,,manual_product,51611094253907,31.95,,31.95,(+£31.95) A2 Table Plan,,Wild Flowers Table plan,10043876049235
1182331,select-1,,A2,,manual_product,51611116863827,34.95,,34.95,(+£34.95)A2 Table plan,,Wild Flowers Table plan,10043876049235
1182331,select-4,,2 holes at the top centre,,manual_product,51434177560915,1.50,,1.50,(+£1.50) Holes,,Wild Flowers Table plan,10043876049235
1182331,select-4,,2 holes in top corners,,manual_product,51434177560915,1.50,,1.50,(+£1.50) Holes,,Wild Flowers Table plan,10043876049235
1182331,select-4,,1 in each of 4 corners,,manual_product,51468076417363,3.00,,3.00,(+£3) Holes,,Wild Flowers Table plan,10043876049235
1182331,select-11,,11,,manual_product,51465142108499,2.00,,2.00,(+£2) 11 Tables (Table Plan),,Wild Flowers Table plan,10043876049235
1182331,select-11,,12,,manual_product,51465143124307,4.00,,4.00,(+£4) 12 Tables (Table Plan),,Wild Flowers Table plan,10043876049235
1182331,select-11,,13,,manual_product,51465143451987,6.00,,6.00,(+£6) 13 Tables (Table Plan),,Wild Flowers Table plan,10043876049235
1182331,select-11,,14,,manual_product,51465143910739,8.00,,8.00,(+£8) 14 Tables (Table Plan),,Wild Flowers Table plan,10043876049235
1182331,select-11,,15,,manual_product,51465144402259,10.00,,10.00,(+£10) 15 Tables (Table Plan),,Wild Flowers Table plan,10043876049235
1182331,select-11,,16,,manual_product,51465148137811,12.00,,12.00,(+£12) 16 Tables (Table Plan),,Wild Flowers Table plan,10043876049235
1182331,checkbox-1,,Yes Please,,manual_product,51590324289875,5.00,,,,linked variant not in active catalogue,Wild Flowers Table plan,10043876049235
1182331,select-12,,A4,,manual_product,51608341086547,19.95,,19.95,(+£19.95)A4 Board,,Wild Flowers Table plan,10043876049235
1182331,select-12,,A3 ,,manual_product,51608340300115,29.95,,29.95,(+£29.95)A3 Board,,Wild Flowers Table plan,10043876049235
1182331,select-12,,A2,,manual_product,51434115727699,33.95,,33.95,(+£33.95)A2 Board,,Wild Flowers Table plan,10043876049235
1182331,select-7,,2 holes at the top centre,,manual_product,51434177560915,1.50,,1.50,(+£1.50) Holes,,Wild Flowers Table plan,10043876049235
1182331,select-7,,2 holes in top corners,,manual_product,51434177560915,1.50,,1.50,(+£1.50) Holes,,Wild Flowers Table plan,10043876049235
1182331,select-7,,1 in each of 4 corners,,manual_product,51468076417363,3.00,,3.00,(+£3) Holes,,Wild Flowers Table plan,10043876049235
1182331,checkbox-2,,Yes Please,,manual_product,51590325010771,5.00,,,,linked variant not in active catalogue,Wild Flowers Table plan,10043876049235
1182331,select-13,,A4,,manual_product,51611074330963,21.95,,21.95,(+£21.95)A4 Table plan,,Wild Flowers Table plan,10043876049235
1182331,select-13,,A3 ,,manual_product,51611094253907,31.95,,31.95,(+£31.95) A2 Table Plan,,Wild Flowers Table plan,10043876049235
1182331,select-13,,A2,,manual_product,51611116863827,34.95,,34.95,(+£34.95)A2 Table plan,,Wild Flowers Table plan,10043876049235
1182331,select-10,,2 holes at the top centre,,manual_product,51434177560915,1.50,,1.50,(+£1.50) Holes,,Wild Flowers Table plan,10043876049235
1182331,select-10,,2 holes in top corners,,manual_product,51434177560915,1.50,,1.50,(+£1.50) Holes,,Wild Flowers Table plan,10043876049235
1182331,select-10,,1 in each of 4 corners,,manual_product,51468076417363,3.00,,3.00,(+£3) Holes,,Wild Flowers Table plan,10043876049235
1182327,select-1,,A4,,manual_product,51608341086547,19.95,,19.95,(+£19.95)A4 Board,,Wild Flowers Order of the day Board,10043874967891
1182327,select-1,,A3 ,,manual_product,51608340300115,29.95,,29.95,(+£29.95)A3 Board,,Wild Flowers Order of the day Board,10043874967891
1182327,select-1,,A2,,manual_product,51434115727699,33.95,,33.95,(+£33.95)A2 Board,,Wild Flowers Order of the day Board,10043874967891
1182327,select-4,,2 holes at the top centre,,manual_product,51434177560915,1.50,,1.50,(+£1.50) Holes,,Wild Flowers Order of the day Board,10043874967891
1182327,select-4,,2 holes in top corners,,manual_product,51434177560915,1.50,,1.50,(+£1.50) Holes,,Wild Flowers Order of the day Board,10043874967891
1182327,select-4,,1 in each of 4 corners,,manual_product,51468076417363,3.00,,3.00,(+£3) Holes,,Wild Flowers Order of the day Board,10043874967891
1182327,checkbox-1,,Yes Please,,manual_product,51590324289875,5.00,,,,linked variant not in active catalogue,Wild Flowers Order of the day Board,10043874967891
1182327,select-12,,A4,,manual_product,51608341086547,19.95,,19.95,(+£19.95)A4 Board,,Wild Flowers Order of the day Board,10043874967891
1182327,select-12,,A3 ,,manual_product,51608340300115,29.95,,29.95,(+£29.95)A3 Board,,Wild Flowers Order of the day Board,10043874967891
1182327,select-12,,A2,,manual_product,51434115727699,33.95,,33.95,(+£33.95)A2 Board,,Wild Flowers Order of the day Board,10043874967891
1182327,select-7,,2 holes at the top centre,,manual_product,51434177560915,1.50,,1.50,(+£1.50) Holes,,Wild Flowers Order of the day Board,10043874967891
1182327,select-7,,2 holes in top corners,,manual_product,51434177560915,1.50,,1.50,(+£1.50) Holes,,Wild Flowers Order of the day Board,10043874967891
1182327,select-7,,1 in each of 4 corners,,manual_product,51468076417363,3.00,,3.00,(+£3) Holes,,Wild Flowers Order of the day Board,10043874967891
1182327,checkbox-2,,Yes Please,,manual_product,51590329729363,5.00,,,,linked variant not in active catalogue,Wild Flowers Order of the day Board,10043874967891
1182327,select-13,,A4,,manual_product,51611074330963,21.95,,21.95,(+£21.95)A4 Table plan,,Wild Flowers Order of the day Board,10043874967891
1182327,select-13,,A3 ,,manual_product,51611094253907,31.95,,31.95,(+£31.95) A2 Table Plan,,Wild Flowers Order of the day Board,10043874967891
1182327,select-13,,A2,,manual_product,51611116863827,34.95,,34.95,(+£34.95)A2 Table plan,,Wild Flowers Order of the day Board,10043874967891
1182327,select-11,,11,,manual_product,51465142108499,2.00,,2.00,(+£2) 11 Tables (Table Plan),,Wild Flowers Order of the day Board,10043874967891
1182327,select-11,,12,,manual_product,51465143124307,4.00,,4.00,(+£4) 12 Tables (Table Plan),,Wild Flowers Order of the day Board,10043874967891
1182327,select-11,,13,,manual_product,51465143451987,6.00,,6.00,(+£6) 13 Tables (Table Plan),,Wild Flowers Order of the day Board,10043874967891
1182327,select-11,,14,,manual_product,51465143910739,8.00,,8.00,(+£8) 14 Tables (Table Plan),,Wild Flowers Order of the day Board,10043874967891
1182327,select-11,,15,,manual_product,51465144402259,10.00,,10.00,(+£10) 15 Tables (Table Plan),,Wild Flowers Order of the day Board,10043874967891
1182327,select-11,,16,,manual_product,51465148137811,12.00,,12.00,(+£12) 16 Tables (Table Plan),,Wild Flowers Order of the day Board,10043874967891
1182327,select-10,,2 holes at the top centre,,manual_product,51434177560915,1.50,,1.50,(+£1.50) Holes,,Wild Flowers Order of the day Board,10043874967891
1182327,select-10,,2 holes in top corners,,manual_product,51434177560915,1.50,,1.50,(+£1.50) Holes,,Wild Flowers Order of the day Board,10043874967891
1182327,select-10,,1 in each of 4 corners,,manual_product,51468076417363,3.00,,3.00,(+£3) Holes,,Wild Flowers Order of the day Board,10043874967891
1182315,select-1,,A4,,manual_product,51608341086547,19.95,,19.95,(+£19.95)A4 Board,,Wild Flowers Welcome Board,10043874378067
1182315,select-1,,A3 ,,manual_product,51608340300115,29.95,,29.95,(+£29.95)A3 Board,,Wild Flowers Welcome Board,10043874378067
1182315,select-1,,A2,,manual_product,51434115727699,33.95,,33.95,(+£33.95)A2 Board,,Wild Flowers Welcome Board,10043874378067
1182315,select-4,,2 holes at the top centre,,manual_product,51434177560915,1.50,,1.50,(+£1.50) Holes,,Wild Flowers Welcome Board,10043874378067
1182315,select-4,,2 holes in top corners,,manual_product,51434177560915,1.50,,1.50,(+£1.50) Holes,,Wild Flowers Welcome Board,10043874378067
1182315,select-4,,1 in each of 4 corners,,manual_product,51468076417363,3.00,,3.00,(+£3) Holes,,Wild Flowers Welcome Board,10043874378067
1182315,checkbox-2,,Yes Please,,manual_product,51590325010771,5.00,,,,linked variant not in active catalogue,Wild Flowers Welcome Board,10043874378067
1182315,select-12,,A4,,manual_product,51608341086547,19.95,,19.95,(+£19.95)A4 Board,,Wild Flowers Welcome Board,10043874378067
1182315,select-12,,A3 ,,manual_product,51608340300115,29.95,,29.95,(+£29.95)A3 Board,,Wild Flowers Welcome Board,10043874378067
1182315,select-12,,A2,,manual_product,51434115727699,33.95,,33.95,(+£33.95)A2 Board,,Wild Flowers Welcome Board,10043874378067
1182315,select-7,,2 holes at the top centre,,manual_product,51434177560915,1.50,,1.50,(+£1.50) Holes,,Wild Flowers Welcome Board,10043874378067
1182315,select-7,,2 holes in top corners,,manual_product,51434177560915,1.50,,1.50,(+£1.50) Holes,,Wild Flowers Welcome Board,10043874378067
1182315,select-7,,1 in each of 4 corners,,manual_product,51468076417363,3.00,,3.00,(+£3) Holes,,Wild Flowers Welcome Board,10043874378067
1182315,checkbox-1,,Yes Please,,manual_product,51590329729363,5.00,,,,linked variant not in active catalogue,Wild Flowers Welcome Board,10043874378067
1182315,select-13,,A4,,manual_product,51611074330963,21.95,,21.95,(+£21.95)A4 Table plan,,Wild Flowers Welcome Board,10043874378067
1182315,select-13,,A3 ,,manual_product,51611094253907,31.95,,31.95,(+£31.95) A2 Table Plan,,Wild Flowers Welcome Board,10043874378067
1182315,select-13,,A2,,manual_product,51611116863827,34.95,,34.95,(+£34.95)A2 Table plan,,Wild Flowers Welcome Board,10043874378067
1182315,select-11,,11,,manual_product,51465142108499,2.00,,2.00,(+£2) 11 Tables (Table Plan),,Wild Flowers Welcome Board,10043874378067
1182315,select-11,,12,,manual_product,51465143124307,4.00,,4.00,(+£4) 12 Tables (Table Plan),,Wild Flowers Welcome Board,10043874378067
1182315,select-11,,13,,manual_product,51465143451987,6.00,,6.00,(+£6) 13 Tables (Table Plan),,Wild Flowers Welcome Board,10043874378067
1182315,select-11,,14,,manual_product,51465143910739,8.00,,8.00,(+£8) 14 Tables (Table Plan),,Wild Flowers Welcome Board,10043874378067
1182315,select-11,,15,,manual_product,51465144402259,10.00,,10.00,(+£10) 15 Tables (Table Plan),,Wild Flowers Welcome Board,10043874378067
1182315,select-11,,16,,manual_product,51465148137811,12.00,,12.00,(+£12) 16 Tables (Table Plan),,Wild Flowers Welcome Board,10043874378067
1182315,select-10,,2 holes at the top centre,,manual_product,51434177560915,1.50,,1.50,(+£1.50) Holes,,Wild Flowers Welcome Board,10043874378067
1182315,select-10,,2 holes in top corners,,manual_product,51434177560915,1.50,,1.50,(+£1.50) Holes,,Wild Flowers Welcome Board,10043874378067
1182315,select-10,,1 in each of 4 corners,,manual_product,51468076417363,3.00,,3.00,(+£3) Holes,,Wild Flowers Welcome Board,10043874378067
1182281,select-14,,2,,manual_product,51434812211539,3.50,,3.50,(+£3.50) x2 Table numbers,,New Riviera Table names and numbers,10011784610131
1182281,select-14,,3,,manual_product,51434814701907,7.00,,7.00,(+£7) x3 Table numbers,,New Riviera Table names and numbers,10011784610131
1182281,select-14,,4,,manual_product,51434816471379,10.50,,10.50,(+£10.50) x4 Table numbers,,New Riviera Table names and numbers,10011784610131
1182281,select-14,,5,,manual_product,51434817847635,14.00,,14.00,(+£14) x5 Table numbers,,New Riviera Table names and numbers,10011784610131
1182281,select-14,,6,,manual_product,51434819125587,17.50,,17.50,(+£17.50) x6 Table numbers,,New Riviera Table names and numbers,10011784610131
1182281,select-14,,7,,manual_product,51434845045075,21.00,,21.00,(+£21) x7 Table numbers,,New Riviera Table names and numbers,10011784610131
1182281,select-14,,8,,manual_product,51434851926355,24.50,,24.50,(+£24.50) x8 Table numbers,,New Riviera Table names and numbers,10011784610131
1182281,select-14,,9,,manual_product,51434857398611,28.00,,28.00,(+£28) x9 Table numbers,,New Riviera Table names and numbers,10011784610131
1182281,select-14,,10,,manual_product,51434859069779,31.50,,31.50,(+£31.50) x10 Table numbers,,New Riviera Table names and numbers,10011784610131
1182281,select-14,,11,,manual_product,51452581445971,35.00,,35.00,(+£35.00) x11 Table numbers,,New Riviera Table names and numbers,10011784610131
1182281,select-14,,12,,manual_product,51452543009107,38.50,,38.50,(+£38.50) x12 Table numbers,,New Riviera Table names and numbers,10011784610131
1182281,select-14,,13,,manual_product,51452565717331,42.00,,42.00,(+£42.00) x13 Table numbers,,New Riviera Table names and numbers,10011784610131
1182281,select-14,,14,,manual_product,51452551299411,45.50,,45.50,(+£45.50) x14 Table numbers,,New Riviera Table names and numbers,10011784610131
1182281,select-14,,15,,manual_product,51452575154515,49.00,,49.00,(+£49.00) x15 Table numbers,,New Riviera Table names and numbers,10011784610131
1182281,select-14,,16,,manual_product,51452601958739,52.50,,52.50,(+£52.50) x16 Table numbers,,New Riviera Table names and numbers,10011784610131
1182281,select-16,Quantity of Easels?,1,,manual_product,51434941874515,3.95,,3.95,(+£3.95) x1 Easel,,New Riviera Table names and numbers,10011784610131
1182281,select-16,,2,,manual_product,51434945216851,7.90,,7.90,(+£7.90) x2 Easels,,New Riviera Table names and numbers,10011784610131
1182281,select-16,,3,,manual_product,51434946756947,11.85,,11.85,(+£11.89) x3 Easels,,New Riviera Table names and numbers,10011784610131
1182281,select-16,,4,,manual_product,51434947903827,15.80,,15.80,(+£15.80) x4 Easels,,New Riviera Table names and numbers,10011784610131
1182281,select-16,,5,,manual_product,51434949149011,19.75,,19.75,(+£19.75) x5 Easels,,New Riviera Table names and numbers,10011784610131
1182281,select-16,,6,,manual_product,51434950164819,23.70,,23.70,(+£23.70) x6 Easels,,New Riviera Table names and numbers,10011784610131
1182281,select-16,,7,,manual_product,51434953572691,27.65,,27.65,(+£27.65) x7 Easels,,New Riviera Table names and numbers,10011784610131
1182281,select-16,,8,,manual_product,51434954522963,31.60,,31.60,(+£31.60) x8 Easels,,New Riviera Table names and numbers,10011784610131
1182281,select-16,,9,,manual_product,51434955735379,35.55,,35.55,(+£35.55) x9 Easels,,New Riviera Table names and numbers,10011784610131
1182281,select-16,,10,,manual_product,51434957504851,39.50,,39.50,(+£39.50) x10 Easels,,New Riviera Table names and numbers,10011784610131
1182281,select-16,,11,,manual_product,51453389570387,43.45,,43.45,(+£43.45) x11 Easels,,New Riviera Table names and numbers,10011784610131
1182281,select-16,,12,,manual_product,51453506683219,47.40,,47.40,(+£47.40) x12 Easels,,New Riviera Table names and numbers,10011784610131
1182281,select-16,,13,,manual_product,51453391503699,51.35,,51.35,(+£51.35) x13 Easels,,New Riviera Table names and numbers,10011784610131
1182281,select-16,,14,,manual_product,51453396451667,55.30,,55.30,(+£55.30) x14 Easels,,New Riviera Table names and numbers,10011784610131
1182281,select-16,,15,,manual_product,51453401235795,59.25,,59.25,(+£59.25) x15 Easels,,New Riviera Table names and numbers,10011784610131
1182281,select-16,,16,,manual_product,51453403070803,63.20,,63.20,(+£63.20) x16 Easels,,New Riviera Table names and numbers,10011784610131
1182264,select-1,,A4,,manual_product,51608341086547,19.95,,19.95,(+£19.95)A4 Board,,New Tuscany Featuring Board,10019957342547
1182264,select-1,,A3 ,,manual_product,51608340300115,29.95,,29.95,(+£29.95)A3 Board,,New Tuscany Featuring Board,10019957342547
1182264,select-1,,A2,,manual_product,51434115727699,33.95,,33.95,(+£33.95)A2 Board,,New Tuscany Featuring Board,10019957342547
1182264,select-4,,2 holes at the top centre,,manual_product,51434177560915,1.50,,1.50,(+£1.50) Holes,,New Tuscany Featuring Board,10019957342547
1182264,select-4,,2 holes in top corners,,manual_product,51434177560915,1.50,,1.50,(+£1.50) Holes,,New Tuscany Featuring Board,10019957342547
1182264,select-4,,1 in each of 4 corners,,manual_product,51468076417363,3.00,,3.00,(+£3) Holes,,New Tuscany Featuring Board,10019957342547
1182264,checkbox-1,* Colour &amp; names will be the same as sign above,Yes Please,,manual_product,51464084324691,5.00,,5.00,Personalised Wedding Order of the Day — Tuscany Style | Wedding Reception Stationery UK,,New Tuscany Featuring Board,10019957342547
1182264,select-12,,A4,,manual_product,51608341086547,19.95,,19.95,(+£19.95)A4 Board,,New Tuscany Featuring Board,10019957342547
1182264,select-12,,A3 ,,manual_product,51608340300115,29.95,,29.95,(+£29.95)A3 Board,,New Tuscany Featuring Board,10019957342547
1182264,select-12,,A2,,manual_product,51434115727699,33.95,,33.95,(+£33.95)A2 Board,,New Tuscany Featuring Board,10019957342547
1182264,select-7,,2 holes at the top centre,,manual_product,51434177560915,1.50,,1.50,(+£1.50) Holes,,New Tuscany Featuring Board,10019957342547
1182264,select-7,,2 holes in top corners,,manual_product,51434177560915,1.50,,1.50,(+£1.50) Holes,,New Tuscany Featuring Board,10019957342547
1182264,select-7,,1 in each of 4 corners,,manual_product,51468076417363,3.00,,3.00,(+£3) Holes,,New Tuscany Featuring Board,10019957342547
1182264,checkbox-2, * Colour &amp; names will be the same as sign above,Yes Please,,manual_product,51464082096467,5.00,,5.00,Personalised Wedding Table Plan — Tuscany Style | Wedding Reception Seating Chart UK,,New Tuscany Featuring Board,10019957342547
1182264,select-13,,A4,,manual_product,51611074330963,21.95,,21.95,(+£21.95)A4 Table plan,,New Tuscany Featuring Board,10019957342547
1182264,select-13,,A3 ,,manual_product,51611094253907,31.95,,31.95,(+£31.95) A2 Table Plan,,New Tuscany Featuring Board,10019957342547
1182264,select-13,,A2,,manual_product,51611116863827,34.95,,34.95,(+£34.95)A2 Table plan,,New Tuscany Featuring Board,10019957342547
1182264,select-11,,11,,manual_product,51465142108499,2.00,,2.00,(+£2) 11 Tables (Table Plan),,New Tuscany Featuring Board,10019957342547
1182264,select-11,,12,,manual_product,51465143124307,4.00,,4.00,(+£4) 12 Tables (Table Plan),,New Tuscany Featuring Board,10019957342547
1182264,select-11,,13,,manual_product,51465143451987,6.00,,6.00,(+£6) 13 Tables (Table Plan),,New Tuscany Featuring Board,10019957342547
1182264,select-11,,14,,manual_product,51465143910739,8.00,,8.00,(+£8) 14 Tables (Table Plan),,New Tuscany Featuring Board,10019957342547
1182264,select-11,,15,,manual_product,51465144402259,10.00,,10.00,(+£10) 15 Tables (Table Plan),,New Tuscany Featuring Board,10019957342547
1182264,select-11,,16,,manual_product,51465148137811,12.00,,12.00,(+£12) 16 Tables (Table Plan),,New Tuscany Featuring Board,10019957342547
1182264,select-10,,2 holes at the top centre,,manual_product,51434177560915,1.50,,1.50,(+£1.50) Holes,,New Tuscany Featuring Board,10019957342547
1182264,select-10,,2 holes in top corners,,manual_product,51434177560915,1.50,,1.50,(+£1.50) Holes,,New Tuscany Featuring Board,10019957342547
1182264,select-10,,1 in each of 4 corners,,manual_product,51468076417363,3.00,,3.00,(+£3) Holes,,New Tuscany Featuring Board,10019957342547
1182255,select-1,,A4,,manual_product,51608341086547,19.95,,19.95,(+£19.95)A4 Board,,New Riviera Featuring Board,10020195205459
1182255,select-1,,A3 ,,manual_product,51608340300115,29.95,,29.95,(+£29.95)A3 Board,,New Riviera Featuring Board,10020195205459
1182255,select-1,,A2,,manual_product,51434115727699,33.95,,33.95,(+£33.95)A2 Board,,New Riviera Featuring Board,10020195205459
1182255,select-4,,2 holes at the top centre,,manual_product,51434177560915,1.50,,1.50,(+£1.50) Holes,,New Riviera Featuring Board,10020195205459
1182255,select-4,,2 holes in top corners,,manual_product,51434177560915,1.50,,1.50,(+£1.50) Holes,,New Riviera Featuring Board,10020195205459
1182255,select-4,,1 in each of 4 corners,,manual_product,51468076417363,3.00,,3.00,(+£3) Holes,,New Riviera Featuring Board,10020195205459
1182255,checkbox-1,* Colour  will be the same as sign above,Yes Please,,manual_product,51433348694355,5.00,,5.00,Personalised Wedding Order of the Day — Riviera Style | Wedding Reception Stationery UK,,New Riviera Featuring Board,10020195205459
1182255,select-12,,A4,,manual_product,51608341086547,19.95,,19.95,(+£19.95)A4 Board,,New Riviera Featuring Board,10020195205459
1182255,select-12,,A3 ,,manual_product,51608340300115,29.95,,29.95,(+£29.95)A3 Board,,New Riviera Featuring Board,10020195205459
1182255,select-12,,A2,,manual_product,51434115727699,33.95,,33.95,(+£33.95)A2 Board,,New Riviera Featuring Board,10020195205459
1182255,select-7,,2 holes at the top centre,,manual_product,51434177560915,1.50,,1.50,(+£1.50) Holes,,New Riviera Featuring Board,10020195205459
1182255,select-7,,2 holes in top corners,,manual_product,51434177560915,1.50,,1.50,(+£1.50) Holes,,New Riviera Featuring Board,10020195205459
1182255,select-7,,1 in each of 4 corners,,manual_product,51468076417363,3.00,,3.00,(+£3) Holes,,New Riviera Featuring Board,10020195205459
1182255,checkbox-2, * Colour will be the same as sign above,Yes Please,,manual_product,51433304457555,5.00,,5.00,Personalised Wedding Table Plan — Riviera Style | Wedding Reception Seating Chart UK,,New Riviera Featuring Board,10020195205459
1182255,select-13,,A4,,manual_product,51608341086547,19.95,,19.95,(+£19.95)A4 Board,,New Riviera Featuring Board,10020195205459
1182255,select-13,,A3 ,,manual_product,51608340300115,29.95,,29.95,(+£29.95)A3 Board,,New Riviera Featuring Board,10020195205459
1182255,select-13,,A2,,manual_product,51434115727699,33.95,,33.95,(+£33.95)A2 Board,,New Riviera Featuring Board,10020195205459
1182255,select-11,,11,,manual_product,51465142108499,2.00,,2.00,(+£2) 11 Tables (Table Plan),,New Riviera Featuring Board,10020195205459
1182255,select-11,,12,,manual_product,51465143124307,4.00,,4.00,(+£4) 12 Tables (Table Plan),,New Riviera Featuring Board,10020195205459
1182255,select-11,,13,,manual_product,51465143451987,6.00,,6.00,(+£6) 13 Tables (Table Plan),,New Riviera Featuring Board,10020195205459
1182255,select-11,,14,,manual_product,51465143910739,8.00,,8.00,(+£8) 14 Tables (Table Plan),,New Riviera Featuring Board,10020195205459
1182255,select-11,,15,,manual_product,51465144402259,10.00,,10.00,(+£10) 15 Tables (Table Plan),,New Riviera Featuring Board,10020195205459
1182255,select-11,,16,,manual_product,51465148137811,12.00,,12.00,(+£12) 16 Tables (Table Plan),,New Riviera Featuring Board,10020195205459
1182255,select-10,,2 holes at the top centre,,manual_product,51434177560915,1.50,,1.50,(+£1.50) Holes,,New Riviera Featuring Board,10020195205459
1182255,select-10,,2 holes in top corners,,manual_product,51434177560915,1.50,,1.50,(+£1.50) Holes,,New Riviera Featuring Board,10020195205459
1182255,select-10,,1 in each of 4 corners,,manual_product,51468076417363,3.00,,3.00,(+£3) Holes,,New Riviera Featuring Board,10020195205459
1182251,select-1,,A4,,manual_product,51608341086547,19.95,,19.95,(+£19.95)A4 Board,,New Riviera Table Plan,10011600126291
1182251,select-1,,A3 ,,manual_product,51608340300115,29.95,,29.95,(+£29.95)A3 Board,,New Riviera Table Plan,10011600126291
1182251,select-1,,A2,,manual_product,51434115727699,33.95,,33.95,(+£33.95)A2 Board,,New Riviera Table Plan,10011600126291
1182251,select-11,,11,,manual_product,51465142108499,2.00,,2.00,(+£2) 11 Tables (Table Plan),,New Riviera Table Plan,10011600126291
1182251,select-11,,12,,manual_product,51465143124307,4.00,,4.00,(+£4) 12 Tables (Table Plan),,New Riviera Table Plan,10011600126291
1182251,select-11,,13,,manual_product,51465143451987,6.00,,6.00,(+£6) 13 Tables (Table Plan),,New Riviera Table Plan,10011600126291
1182251,select-11,,14,,manual_product,51465143910739,8.00,,8.00,(+£8) 14 Tables (Table Plan),,New Riviera Table Plan,10011600126291
1182251,select-11,,15,,manual_product,51465144402259,10.00,,10.00,(+£10) 15 Tables (Table Plan),,New Riviera Table Plan,10011600126291
1182251,select-11,,16,,manual_product,51465148137811,12.00,,12.00,(+£12) 16 Tables (Table Plan),,New Riviera Table Plan,10011600126291
1182251,select-4,,2 holes at the top centre,,manual_product,51434177560915,1.50,,1.50,(+£1.50) Holes,,New Riviera Table Plan,10011600126291
1182251,select-4,,2 holes in top corners,,manual_product,51434177560915,1.50,,1.50,(+£1.50) Holes,,New Riviera Table Plan,10011600126291
1182251,select-4,,1 in each of 4 corners,,manual_product,51468076417363,3.00,,3.00,(+£3) Holes,,New Riviera Table Plan,10011600126291
1182251,checkbox-1,* Colour  will be the same as sign above,Yes Please,,manual_product,51433232335187,5.00,,5.00,Personalised Wedding Welcome Board — Riviera Style | Wedding Reception Sign & Venue Decoration,,New Riviera Table Plan,10011600126291
1182251,select-12,,A4,,manual_product,51608341086547,19.95,,19.95,(+£19.95)A4 Board,,New Riviera Table Plan,10011600126291
1182251,select-12,,A3 ,,manual_product,51608340300115,29.95,,29.95,(+£29.95)A3 Board,,New Riviera Table Plan,10011600126291
1182251,select-12,,A2,,manual_product,51434115727699,33.95,,33.95,(+£33.95)A2 Board,,New Riviera Table Plan,10011600126291
1182251,select-7,,2 holes at the top centre,,manual_product,51434177560915,1.50,,1.50,(+£1.50) Holes,,New Riviera Table Plan,10011600126291
1182251,select-7,,2 holes in top corners,,manual_product,51434177560915,1.50,,1.50,(+£1.50) Holes,,New Riviera Table Plan,10011600126291
1182251,select-7,,1 in each of 4 corners,,manual_product,51468076417363,3.00,,3.00,(+£3) Holes,,New Riviera Table Plan,10011600126291
1182251,checkbox-2," * Colour, names &amp; initials will be the same as sign above",Yes Please,,manual_product,51433304457555,5.00,,5.00,Personalised Wedding Table Plan — Riviera Style | Wedding Reception Seating Chart UK,,New Riviera Table Plan,10011600126291
1182251,select-13,,A4,,manual_product,51608341086547,19.95,,19.95,(+£19.95)A4 Board,,New Riviera Table Plan,10011600126291
1182251,select-13,,A3 ,,manual_product,51608340300115,29.95,,29.95,(+£29.95)A3 Board,,New Riviera Table Plan,10011600126291
1182251,select-13,,A2,,manual_product,51434115727699,33.95,,33.95,(+£33.95)A2 Board,,New Riviera Table Plan,10011600126291
1182251,select-10,,2 holes at the top centre,,manual_product,51434177560915,1.50,,1.50,(+£1.50) Holes,,New Riviera Table Plan,10011600126291
1182251,select-10,,2 holes in top corners,,manual_product,51434177560915,1.50,,1.50,(+£1.50) Holes,,New Riviera Table Plan,10011600126291
1182251,select-10,,1 in each of 4 corners,,manual_product,51468076417363,3.00,,3.00,(+£3) Holes,,New Riviera Table Plan,10011600126291
1182233,select-1,,A4,,manual_product,51608341086547,19.95,,19.95,(+£19.95)A4 Board,,New Riviera Order of the day,10011612086611
1182233,select-1,,A3 ,,manual_product,51608340300115,29.95,,29.95,(+£29.95)A3 Board,,New Riviera Order of the day,10011612086611
1182233,select-1,,A2,,manual_product,51434115727699,33.95,,33.95,(+£33.95)A2 Board,,New Riviera Order of the day,10011612086611
1182233,select-4,,2 holes at the top centre,,manual_product,51434177560915,1.50,,1.50,(+£1.50) Holes,,New Riviera Order of the day,10011612086611
1182233,select-4,,2 holes in top corners,,manual_product,51434177560915,1.50,,1.50,(+£1.50) Holes,,New Riviera Order of the day,10011612086611
1182233,select-4,,1 in each of 4 corners,,manual_product,51468076417363,3.00,,3.00,(+£3) Holes,,New Riviera Order of the day,10011612086611
1182233,checkbox-1,* Colour  will be the same as sign above,Yes Please,,manual_product,51433232335187,5.00,,5.00,Personalised Wedding Welcome Board — Riviera Style | Wedding Reception Sign & Venue Decoration,,New Riviera Order of the day,10011612086611
1182233,select-12,,A4,,manual_product,51608341086547,19.95,,19.95,(+£19.95)A4 Board,,New Riviera Order of the day,10011612086611
1182233,select-12,,A3 ,,manual_product,51608340300115,29.95,,29.95,(+£29.95)A3 Board,,New Riviera Order of the day,10011612086611
1182233,select-12,,A2,,manual_product,51434115727699,33.95,,33.95,(+£33.95)A2 Board,,New Riviera Order of the day,10011612086611
1182233,select-7,,2 holes at the top centre,,manual_product,51434177560915,1.50,,1.50,(+£1.50) Holes,,New Riviera Order of the day,10011612086611
1182233,select-7,,2 holes in top corners,,manual_product,51434177560915,1.50,,1.50,(+£1.50) Holes,,New Riviera Order of the day,10011612086611
1182233,select-7,,1 in each of 4 corners,,manual_product,51468076417363,3.00,,3.00,(+£3) Holes,,New Riviera Order of the day,10011612086611
1182233,checkbox-2," * Colour, name &amp; initials will be the same as sign above",Yes Please,,manual_product,51433304457555,5.00,,5.00,Personalised Wedding Table Plan — Riviera Style | Wedding Reception Seating Chart UK,,New Riviera Order of the day,10011612086611
1182233,select-13,,A4,,manual_product,51608341086547,19.95,,19.95,(+£19.95)A4 Board,,New Riviera Order of the day,10011612086611
1182233,select-13,,A3 ,,manual_product,51608340300115,29.95,,29.95,(+£29.95)A3 Board,,New Riviera Order of the day,10011612086611
1182233,select-13,,A2,,manual_product,51434115727699,33.95,,33.95,(+£33.95)A2 Board,,New Riviera Order of the day,10011612086611
1182233,select-11,,11,,manual_product,51465142108499,2.00,,2.00,(+£2) 11 Tables (Table Plan),,New Riviera Order of the day,10011612086611
1182233,select-11,,12,,manual_product,51465143124307,4.00,,4.00,(+£4) 12 Tables (Table Plan),,New Riviera Order of the day,10011612086611
1182233,select-11,,13,,manual_product,51465143451987,6.00,,6.00,(+£6) 13 Tables (Table Plan),,New Riviera Order of the day,10011612086611
1182233,select-11,,14,,manual_product,51465143910739,8.00,,8.00,(+£8) 14 Tables (Table Plan),,New Riviera Order of the day,10011612086611
1182233,select-11,,15,,manual_product,51465144402259,10.00,,10.00,(+£10) 15 Tables (Table Plan),,New Riviera Order of the day,10011612086611
1182233,select-11,,16,,manual_product,51465148137811,12.00,,12.00,(+£12) 16 Tables (Table Plan),,New Riviera Order of the day,10011612086611
1182233,select-10,,2 holes at the top centre,,manual_product,51434177560915,1.50,,1.50,(+£1.50) Holes,,New Riviera Order of the day,10011612086611
1182233,select-10,,2 holes in top corners,,manual_product,51434177560915,1.50,,1.50,(+£1.50) Holes,,New Riviera Order of the day,10011612086611
1182233,select-10,,1 in each of 4 corners,,manual_product,51468076417363,3.00,,3.00,(+£3) Holes,,New Riviera Order of the day,10011612086611
1182160,select-1,,A4,,manual_product,51608341086547,19.95,,19.95,(+£19.95)A4 Board,,New Riviera Welcome Board,10011583218003
1182160,select-1,,A3 ,,manual_product,51608340300115,29.95,,29.95,(+£29.95)A3 Board,,New Riviera Welcome Board,10011583218003
1182160,select-1,,A2,,manual_product,51434115727699,33.95,,33.95,(+£33.95)A2 Board,,New Riviera Welcome Board,10011583218003
1182160,select-4,,2 holes at the top centre,,manual_product,51434177560915,1.50,,1.50,(+£1.50) Holes,,New Riviera Welcome Board,10011583218003
1182160,select-4,,2 holes in top corners,,manual_product,51434177560915,1.50,,1.50,(+£1.50) Holes,,New Riviera Welcome Board,10011583218003
1182160,select-4,,1 in each of 4 corners,,manual_product,51468076417363,3.00,,3.00,(+£3) Holes,,New Riviera Welcome Board,10011583218003
1182160,checkbox-1,* Colour  will be the same as sign above,Yes Please,,manual_product,51433348694355,5.00,,5.00,Personalised Wedding Order of the Day — Riviera Style | Wedding Reception Stationery UK,,New Riviera Welcome Board,10011583218003
1182160,select-12,,A4,,manual_product,51608341086547,19.95,,19.95,(+£19.95)A4 Board,,New Riviera Welcome Board,10011583218003
1182160,select-12,,A3 ,,manual_product,51608340300115,29.95,,29.95,(+£29.95)A3 Board,,New Riviera Welcome Board,10011583218003
1182160,select-12,,A2,,manual_product,51434115727699,33.95,,33.95,(+£33.95)A2 Board,,New Riviera Welcome Board,10011583218003
1182160,select-7,,2 holes at the top centre,,manual_product,51434177560915,1.50,,1.50,(+£1.50) Holes,,New Riviera Welcome Board,10011583218003
1182160,select-7,,2 holes in top corners,,manual_product,51434177560915,1.50,,1.50,(+£1.50) Holes,,New Riviera Welcome Board,10011583218003
1182160,select-7,,1 in each of 4 corners,,manual_product,51468076417363,3.00,,3.00,(+£3) Holes,,New Riviera Welcome Board,10011583218003
1182160,checkbox-2, * Colour will be the same as sign above,Yes Please,,manual_product,51433304457555,5.00,,5.00,Personalised Wedding Table Plan — Riviera Style | Wedding Reception Seating Chart UK,,New Riviera Welcome Board,10011583218003
1182160,select-13,,A4,,manual_product,51608341086547,19.95,,19.95,(+£19.95)A4 Board,,New Riviera Welcome Board,10011583218003
1182160,select-13,,A3 ,,manual_product,51608340300115,29.95,,29.95,(+£29.95)A3 Board,,New Riviera Welcome Board,10011583218003
1182160,select-13,,A2,,manual_product,51434115727699,33.95,,33.95,(+£33.95)A2 Board,,New Riviera Welcome Board,10011583218003
1182160,select-11,,11,,manual_product,51465142108499,2.00,,2.00,(+£2) 11 Tables (Table Plan),,New Riviera Welcome Board,10011583218003
1182160,select-11,,12,,manual_product,51465143124307,4.00,,4.00,(+£4) 12 Tables (Table Plan),,New Riviera Welcome Board,10011583218003
1182160,select-11,,13,,manual_product,51465143451987,6.00,,6.00,(+£6) 13 Tables (Table Plan),,New Riviera Welcome Board,10011583218003
1182160,select-11,,14,,manual_product,51465143910739,8.00,,8.00,(+£8) 14 Tables (Table Plan),,New Riviera Welcome Board,10011583218003
1182160,select-11,,15,,manual_product,51465144402259,10.00,,10.00,(+£10) 15 Tables (Table Plan),,New Riviera Welcome Board,10011583218003
1182160,select-11,,16,,manual_product,51465148137811,12.00,,12.00,(+£12) 16 Tables (Table Plan),,New Riviera Welcome Board,10011583218003
1182160,select-10,,2 holes at the top centre,,manual_product,51434177560915,1.50,,1.50,(+£1.50) Holes,,New Riviera Welcome Board,10011583218003
1182160,select-10,,2 holes in top corners,,manual_product,51434177560915,1.50,,1.50,(+£1.50) Holes,,New Riviera Welcome Board,10011583218003
1182160,select-10,,1 in each of 4 corners,,manual_product,51468076417363,3.00,,3.00,(+£3) Holes,,New Riviera Welcome Board,10011583218003
1181804,select-14,,2,,manual_product,51434812211539,3.50,,3.50,(+£3.50) x2 Table numbers,,New Tuscany Table numbers/ names,10019002155347
1181804,select-14,,3,,manual_product,51434814701907,7.00,,7.00,(+£7) x3 Table numbers,,New Tuscany Table numbers/ names,10019002155347
1181804,select-14,,4,,manual_product,51434816471379,10.50,,10.50,(+£10.50) x4 Table numbers,,New Tuscany Table numbers/ names,10019002155347
1181804,select-14,,5,,manual_product,51434817847635,14.00,,14.00,(+£14) x5 Table numbers,,New Tuscany Table numbers/ names,10019002155347
1181804,select-14,,6,,manual_product,51434819125587,17.50,,17.50,(+£17.50) x6 Table numbers,,New Tuscany Table numbers/ names,10019002155347
1181804,select-14,,7,,manual_product,51434845045075,21.00,,21.00,(+£21) x7 Table numbers,,New Tuscany Table numbers/ names,10019002155347
1181804,select-14,,8,,manual_product,51434851926355,24.50,,24.50,(+£24.50) x8 Table numbers,,New Tuscany Table numbers/ names,10019002155347
1181804,select-14,,9,,manual_product,51434857398611,28.00,,28.00,(+£28) x9 Table numbers,,New Tuscany Table numbers/ names,10019002155347
1181804,select-14,,10,,manual_product,51434859069779,31.50,,31.50,(+£31.50) x10 Table numbers,,New Tuscany Table numbers/ names,10019002155347
1181804,select-14,,11,,manual_product,51452581445971,35.00,,35.00,(+£35.00) x11 Table numbers,,New Tuscany Table numbers/ names,10019002155347
1181804,select-14,,12,,manual_product,51452543009107,38.50,,38.50,(+£38.50) x12 Table numbers,,New Tuscany Table numbers/ names,10019002155347
1181804,select-14,,13,,manual_product,51452565717331,42.00,,42.00,(+£42.00) x13 Table numbers,,New Tuscany Table numbers/ names,10019002155347
1181804,select-14,,14,,manual_product,51452551299411,45.50,,45.50,(+£45.50) x14 Table numbers,,New Tuscany Table numbers/ names,10019002155347
1181804,select-14,,15,,manual_product,51452575154515,49.00,,49.00,(+£49.00) x15 Table numbers,,New Tuscany Table numbers/ names,10019002155347
1181804,select-14,,16,,manual_product,51452601958739,52.50,,52.50,(+£52.50) x16 Table numbers,,New Tuscany Table numbers/ names,10019002155347
1181804,select-16,Quantity of Easels,1,,manual_product,51434941874515,3.95,,3.95,(+£3.95) x1 Easel,,New Tuscany Table numbers/ names,10019002155347
1181804,select-16,,2,,manual_product,51434945216851,7.90,,7.90,(+£7.90) x2 Easels,,New Tuscany Table numbers/ names,10019002155347
1181804,select-16,,3,,manual_product,51434946756947,11.85,,11.85,(+£11.89) x3 Easels,,New Tuscany Table numbers/ names,10019002155347
1181804,select-16,,4,,manual_product,51434947903827,15.80,,15.80,(+£15.80) x4 Easels,,New Tuscany Table numbers/ names,10019002155347
1181804,select-16,,5,,manual_product,51434949149011,19.75,,19.75,(+£19.75) x5 Easels,,New Tuscany Table numbers/ names,10019002155347
1181804,select-16,,6,,manual_product,51434950164819,23.70,,23.70,(+£23.70) x6 Easels,,New Tuscany Table numbers/ names,10019002155347
1181804,select-16,,7,,manual_product,51434953572691,27.65,,27.65,(+£27.65) x7 Easels,,New Tuscany Table numbers/ names,10019002155347
1181804,select-16,,8,,manual_product,51434954522963,31.60,,31.60,(+£31.60) x8 Easels,,New Tuscany Table numbers/ names,10019002155347
1181804,select-16,,9,,manual_product,51434955735379,35.55,,35.55,(+£35.55) x9 Easels,,New Tuscany Table numbers/ names,10019002155347
1181804,select-16,,10,,manual_product,51434957504851,39.50,,39.50,(+£39.50) x10 Easels,,New Tuscany Table numbers/ names,10019002155347
1181804,select-16,,11,,manual_product,51453389570387,43.45,,43.45,(+£43.45) x11 Easels,,New Tuscany Table numbers/ names,10019002155347
1181804,select-16,,12,,manual_product,51453506683219,47.40,,47.40,(+£47.40) x12 Easels,,New Tuscany Table numbers/ names,10019002155347
1181804,select-16,,13,,manual_product,51453391503699,51.35,,51.35,(+£51.35) x13 Easels,,New Tuscany Table numbers/ names,10019002155347
1181804,select-16,,14,,manual_product,51453396451667,55.30,,55.30,(+£55.30) x14 Easels,,New Tuscany Table numbers/ names,10019002155347
1181804,select-16,,15,,manual_product,51453401235795,59.25,,59.25,(+£59.25) x15 Easels,,New Tuscany Table numbers/ names,10019002155347
1181804,select-16,,16,,manual_product,51453403070803,63.20,,63.20,(+£63.20) x16 Easels,,New Tuscany Table numbers/ names,10019002155347
1181697,select-1,,A4,,manual_product,51611074330963,21.95,,21.95,(+£21.95)A4 Table plan,,New Tuscany Table plan,10018999107923
1181697,select-1,,A3 ,,manual_product,51611094253907,31.95,,31.95,(+£31.95) A2 Table Plan,,New Tuscany Table plan,10018999107923
1181697,select-1,,A2,,manual_product,51611116863827,34.95,,34.95,(+£34.95)A2 Table plan,,New Tuscany Table plan,10018999107923
1181697,select-11,,11,,manual_product,51465142108499,2.00,,2.00,(+£2) 11 Tables (Table Plan),,New Tuscany Table plan,10018999107923
1181697,select-11,,12,,manual_product,51465143124307,4.00,,4.00,(+£4) 12 Tables (Table Plan),,New Tuscany Table plan,10018999107923
1181697,select-11,,13,,manual_product,51465143451987,6.00,,6.00,(+£6) 13 Tables (Table Plan),,New Tuscany Table plan,10018999107923
1181697,select-11,,14,,manual_product,51465143910739,8.00,,8.00,(+£8) 14 Tables (Table Plan),,New Tuscany Table plan,10018999107923
1181697,select-11,,15,,manual_product,51465144402259,10.00,,10.00,(+£10) 15 Tables (Table Plan),,New Tuscany Table plan,10018999107923
1181697,select-11,,16,,manual_product,51465148137811,12.00,,12.00,(+£12) 16 Tables (Table Plan),,New Tuscany Table plan,10018999107923
1181697,select-4,,2 holes at the top centre,,manual_product,51434177560915,1.50,,1.50,(+£1.50) Holes,,New Tuscany Table plan,10018999107923
1181697,select-4,,2 holes in top corners,,manual_product,51434177560915,1.50,,1.50,(+£1.50) Holes,,New Tuscany Table plan,10018999107923
1181697,select-4,,1 in each of 4 corners,,manual_product,51468076417363,3.00,,3.00,(+£3) Holes,,New Tuscany Table plan,10018999107923
1181697,checkbox-1,* Colour &amp; initials will be the same as sign above,Yes Please,,manual_product,51464045953363,5.00,,5.00,Personalised Wedding Welcome Board — Tuscany Style | Wedding Reception Sign & Venue Decoration,,New Tuscany Table plan,10018999107923
1181697,select-13,,A4,,manual_product,51608341086547,19.95,,19.95,(+£19.95)A4 Board,,New Tuscany Table plan,10018999107923
1181697,select-13,,A3 ,,manual_product,51608340300115,29.95,,29.95,(+£29.95)A3 Board,,New Tuscany Table plan,10018999107923
1181697,select-13,,A2,,manual_product,51434115727699,33.95,,33.95,(+£33.95)A2 Board,,New Tuscany Table plan,10018999107923
1181697,select-7,,2 holes at the top centre,,manual_product,51434177560915,1.50,,1.50,(+£1.50) Holes,,New Tuscany Table plan,10018999107923
1181697,select-7,,2 holes in top corners,,manual_product,51434177560915,1.50,,1.50,(+£1.50) Holes,,New Tuscany Table plan,10018999107923
1181697,select-7,,1 in each of 4 corners,,manual_product,51468076417363,3.00,,3.00,(+£3) Holes,,New Tuscany Table plan,10018999107923
1181697,checkbox-2," * Colour, names &amp; initials will be the same as sign above",Yes Please,,manual_product,51464082096467,5.00,,5.00,Personalised Wedding Table Plan — Tuscany Style | Wedding Reception Seating Chart UK,,New Tuscany Table plan,10018999107923
1181697,select-12,,A4,,manual_product,51608341086547,19.95,,19.95,(+£19.95)A4 Board,,New Tuscany Table plan,10018999107923
1181697,select-12,,A3 ,,manual_product,51608340300115,29.95,,29.95,(+£29.95)A3 Board,,New Tuscany Table plan,10018999107923
1181697,select-12,,A2,,manual_product,51434115727699,33.95,,33.95,(+£33.95)A2 Board,,New Tuscany Table plan,10018999107923
1181697,select-10,,2 holes at the top centre,,manual_product,51434177560915,1.50,,1.50,(+£1.50) Holes,,New Tuscany Table plan,10018999107923
1181697,select-10,,2 holes in top corners,,manual_product,51434177560915,1.50,,1.50,(+£1.50) Holes,,New Tuscany Table plan,10018999107923
1181697,select-10,,1 in each of 4 corners,,manual_product,51468076417363,3.00,,3.00,(+£3) Holes,,New Tuscany Table plan,10018999107923
1181692,select-1,,A4,,manual_product,51608341086547,19.95,,19.95,(+£19.95)A4 Board,,New Tuscany Order of the day Board,10018999730515
1181692,select-1,,A3 ,,manual_product,51608340300115,29.95,,29.95,(+£29.95)A3 Board,,New Tuscany Order of the day Board,10018999730515
1181692,select-1,,A2,,manual_product,51434115727699,33.95,,33.95,(+£33.95)A2 Board,,New Tuscany Order of the day Board,10018999730515
1181692,select-4,,2 holes at the top centre,,manual_product,51434177560915,1.50,,1.50,(+£1.50) Holes,,New Tuscany Order of the day Board,10018999730515
1181692,select-4,,2 holes in top corners,,manual_product,51434177560915,1.50,,1.50,(+£1.50) Holes,,New Tuscany Order of the day Board,10018999730515
1181692,select-4,,1 in each of 4 corners,,manual_product,51468076417363,3.00,,3.00,(+£3) Holes,,New Tuscany Order of the day Board,10018999730515
1181692,checkbox-1,"* Colour, names &amp; initials will be the same as sign above",Yes Please,,manual_product,51464045953363,5.00,,5.00,Personalised Wedding Welcome Board — Tuscany Style | Wedding Reception Sign & Venue Decoration,,New Tuscany Order of the day Board,10018999730515
1181692,select-13,,A4,,manual_product,51608341086547,19.95,,19.95,(+£19.95)A4 Board,,New Tuscany Order of the day Board,10018999730515
1181692,select-13,,A3 ,,manual_product,51608340300115,29.95,,29.95,(+£29.95)A3 Board,,New Tuscany Order of the day Board,10018999730515
1181692,select-13,,A2,,manual_product,51434115727699,33.95,,33.95,(+£33.95)A2 Board,,New Tuscany Order of the day Board,10018999730515
1181692,select-7,,2 holes at the top centre,,manual_product,51434177560915,1.50,,1.50,(+£1.50) Holes,,New Tuscany Order of the day Board,10018999730515
1181692,select-7,,2 holes in top corners,,manual_product,51434177560915,1.50,,1.50,(+£1.50) Holes,,New Tuscany Order of the day Board,10018999730515
1181692,select-7,,1 in each of 4 corners,,manual_product,51468076417363,3.00,,3.00,(+£3) Holes,,New Tuscany Order of the day Board,10018999730515
1181692,checkbox-2," * Colour, names &amp; initials will be the same as sign above",Yes Please,,manual_product,51464082096467,5.00,,5.00,Personalised Wedding Table Plan — Tuscany Style | Wedding Reception Seating Chart UK,,New Tuscany Order of the day Board,10018999730515
1181692,select-12,,A4,,manual_product,51611074330963,21.95,,21.95,(+£21.95)A4 Table plan,,New Tuscany Order of the day Board,10018999730515
1181692,select-12,,A3 ,,manual_product,51611094253907,31.95,,31.95,(+£31.95) A2 Table Plan,,New Tuscany Order of the day Board,10018999730515
1181692,select-12,,A2,,manual_product,51611116863827,34.95,,34.95,(+£34.95)A2 Table plan,,New Tuscany Order of the day Board,10018999730515
1181692,select-11,,11,,manual_product,51465142108499,2.00,,2.00,(+£2) 11 Tables (Table Plan),,New Tuscany Order of the day Board,10018999730515
1181692,select-11,,12,,manual_product,51465143124307,4.00,,4.00,(+£4) 12 Tables (Table Plan),,New Tuscany Order of the day Board,10018999730515
1181692,select-11,,13,,manual_product,51465143451987,6.00,,6.00,(+£6) 13 Tables (Table Plan),,New Tuscany Order of the day Board,10018999730515
1181692,select-11,,14,,manual_product,51465143910739,8.00,,8.00,(+£8) 14 Tables (Table Plan),,New Tuscany Order of the day Board,10018999730515
1181692,select-11,,15,,manual_product,51465144402259,10.00,,10.00,(+£10) 15 Tables (Table Plan),,New Tuscany Order of the day Board,10018999730515
1181692,select-11,,16,,manual_product,51465148137811,12.00,,12.00,(+£12) 16 Tables (Table Plan),,New Tuscany Order of the day Board,10018999730515
1181692,select-10,,2 holes at the top centre,,manual_product,51434177560915,1.50,,1.50,(+£1.50) Holes,,New Tuscany Order of the day Board,10018999730515
1181692,select-10,,2 holes in top corners,,manual_product,51434177560915,1.50,,1.50,(+£1.50) Holes,,New Tuscany Order of the day Board,10018999730515
1181692,select-10,,1 in each of 4 corners,,manual_product,51468076417363,3.00,,3.00,(+£3) Holes,,New Tuscany Order of the day Board,10018999730515
1178638,select-1,,A4,,manual_product,51608341086547,19.95,,19.95,(+£19.95)A4 Board,,New Tuscany Welcome Board,10018976563539
1178638,select-1,,A3 ,,manual_product,51608340300115,29.95,,29.95,(+£29.95)A3 Board,,New Tuscany Welcome Board,10018976563539
1178638,select-1,,A2,,manual_product,51434115727699,33.95,,33.95,(+£33.95)A2 Board,,New Tuscany Welcome Board,10018976563539
1178638,select-4,,2 holes at the top centre,,manual_product,51434177560915,1.50,,1.50,(+£1.50) Holes,,New Tuscany Welcome Board,10018976563539
1178638,select-4,,2 holes in top corners,,manual_product,51434177560915,1.50,,1.50,(+£1.50) Holes,,New Tuscany Welcome Board,10018976563539
1178638,select-4,,1 in each of 4 corners,,manual_product,51468076417363,3.00,,3.00,(+£3) Holes,,New Tuscany Welcome Board,10018976563539
1178638,checkbox-1,"* Colour, name &amp; initials will be the same as sign above",Yes Please,,manual_product,51464084324691,5.00,,5.00,Personalised Wedding Order of the Day — Tuscany Style | Wedding Reception Stationery UK,,New Tuscany Welcome Board,10018976563539
1178638,select-12,,A4,,manual_product,51608341086547,19.95,,19.95,(+£19.95)A4 Board,,New Tuscany Welcome Board,10018976563539
1178638,select-12,,A3 ,,manual_product,51608340300115,29.95,,29.95,(+£29.95)A3 Board,,New Tuscany Welcome Board,10018976563539
1178638,select-12,,A2,,manual_product,51434115727699,33.95,,33.95,(+£33.95)A2 Board,,New Tuscany Welcome Board,10018976563539
1178638,select-7,,2 holes at the top centre,,manual_product,51434177560915,1.50,,1.50,(+£1.50) Holes,,New Tuscany Welcome Board,10018976563539
1178638,select-7,,2 holes in top corners,,manual_product,51434177560915,1.50,,1.50,(+£1.50) Holes,,New Tuscany Welcome Board,10018976563539
1178638,select-7,,1 in each of 4 corners,,manual_product,51468076417363,3.00,,3.00,(+£3) Holes,,New Tuscany Welcome Board,10018976563539
1178638,checkbox-2," * Colour, names &amp; initials will be the same as sign above",Yes Please,,manual_product,51464082096467,5.00,,5.00,Personalised Wedding Table Plan — Tuscany Style | Wedding Reception Seating Chart UK,,New Tuscany Welcome Board,10018976563539
1178638,select-13,,A4,,manual_product,51611074330963,21.95,,21.95,(+£21.95)A4 Table plan,,New Tuscany Welcome Board,10018976563539
1178638,select-13,,A3 ,,manual_product,51611094253907,31.95,,31.95,(+£31.95) A2 Table Plan,,New Tuscany Welcome Board,10018976563539
1178638,select-13,,A2,,manual_product,51611116863827,34.95,,34.95,(+£34.95)A2 Table plan,,New Tuscany Welcome Board,10018976563539
1178638,select-11,,11,,manual_product,51465142108499,2.00,,2.00,(+£2) 11 Tables (Table Plan),,New Tuscany Welcome Board,10018976563539
1178638,select-11,,12,,manual_product,51465143124307,4.00,,4.00,(+£4) 12 Tables (Table Plan),,New Tuscany Welcome Board,10018976563539
1178638,select-11,,13,,manual_product,51465143451987,6.00,,6.00,(+£6) 13 Tables (Table Plan),,New Tuscany Welcome Board,10018976563539
1178638,select-11,,14,,manual_product,51465143910739,8.00,,8.00,(+£8) 14 Tables (Table Plan),,New Tuscany Welcome Board,10018976563539
1178638,select-11,,15,,manual_product,51465144402259,10.00,,10.00,(+£10) 15 Tables (Table Plan),,New Tuscany Welcome Board,10018976563539
1178638,select-11,,16,,manual_product,51465148137811,12.00,,12.00,(+£12) 16 Tables (Table Plan),,New Tuscany Welcome Board,10018976563539
1178638,select-10,,2 holes at the top centre,,manual_product,51434177560915,1.50,,1.50,(+£1.50) Holes,,New Tuscany Welcome Board,10018976563539
1178638,select-10,,2 holes in top corners,,manual_product,51434177560915,1.50,,1.50,(+£1.50) Holes,,New Tuscany Welcome Board,10018976563539
1178638,select-10,,1 in each of 4 corners,,manual_product,51468076417363,3.00,,3.00,(+£3) Holes,,New Tuscany Welcome Board,10018976563539
1168058,select-1,,A4,,manual_product,51469409026387,2.00,,2.00,(+£2.00)A4 Board,,Riviera Gifts & Cards,10020220109139
1168058,checkbox-1,Add an Easel to your order?,Yes Please,,manual_product,51434941874515,3.95,,3.95,(+£3.95) x1 Easel,,Riviera Gifts & Cards,10020220109139
1168051,select-1,,A4,,manual_product,51469409026387,2.00,,2.00,(+£2.00)A4 Board,,Tuscany Gifts & Cards,10020209885523
1168051,checkbox-1,Add an Easel to your order?,Yes Please,,manual_product,51434941874515,3.95,,3.95,(+£3.95) x1 Easel,,Tuscany Gifts & Cards,10020209885523
1168027,select-1,,A2 ,,manual_product,51434115727699,3.25,,33.95,(+£33.95)A2 Board,cached variant_price differs,Riviera Featuring board,10020195205459
1168027,select-4,,2 hole at the top centre,,manual_product,51434177560915,1.50,,1.50,(+£1.50) Holes,,Riviera Featuring board,10020195205459
1168027,select-4,,2 holes in the top corners,,manual_product,51434177560915,1.50,,1.50,(+£1.50) Holes,,Riviera Featuring board,10020195205459
1168027,select-4,,1 in each of 4 corners,,manual_product,51468076417363,3.00,,3.00,(+£3) Holes,,Riviera Featuring board,10020195205459
1167875,select-1,,A2,,manual_product,51434115727699,3.25,,33.95,(+£33.95)A2 Board,cached variant_price differs,Tuscany Featuring board,9436227043667
1167875,select-4,,2 hole at the top centre,,manual_product,51434177560915,1.50,,1.50,(+£1.50) Holes,,Tuscany Featuring board,9436227043667
1167875,select-4,,2 holes in the top corners,,manual_product,51434177560915,1.50,,1.50,(+£1.50) Holes,,Tuscany Featuring board,9436227043667
1167875,select-4,,1 in each of 4 corners,,manual_product,51468076417363,3.00,,3.00,(+£3) Holes,,Tuscany Featuring board,9436227043667
1167088,select-4,,A2,,manual_product,51434963992915,8.99,,8.99,(+£8.99) A2 Size,,Tuscany Wedding Bundle,10019003695443
1167088,checkbox-1,Add Holes in Large Boards?,YES Please (2 in Top Centre),,manual_product,51434177560915,1.50,,1.50,(+£1.50) Holes,,Tuscany Wedding Bundle,10019003695443
1167088,checkbox-1,,YES Please (2 in Top Corners),,manual_product,51434177560915,1.50,,1.50,(+£1.50) Holes,,Tuscany Wedding Bundle,10019003695443
1167088,checkbox-1,,YES Please (One in each of 4 corners),,manual_product,51468076417363,3.00,,3.00,(+£3) Holes,,Tuscany Wedding Bundle,10019003695443
1167088,checkbox-2,Add Mini Easels for Table Numbers (£3.95 Each),YES Please,,manual_product,51434941874515,3.95,,3.95,(+£3.95) x1 Easel,,Tuscany Wedding Bundle,10019003695443
1167088,checkbox-3,Add Mini Easels for Table Numbers (£3.95 Each),YES Please,,manual_product,51434945216851,7.90,,7.90,(+£7.90) x2 Easels,label amount differs; inspect total/increment semantics,Tuscany Wedding Bundle,10019003695443
1167088,checkbox-4,Add Mini Easels for Table Numbers (£3.95 Each),YES Please,,manual_product,51434946756947,11.85,,11.85,(+£11.89) x3 Easels,label amount differs; inspect total/increment semantics,Tuscany Wedding Bundle,10019003695443
1167088,checkbox-5,Add Mini Easels for Table Numbers (£3.95 Each),YES Please,,manual_product,51434947903827,15.80,,15.80,(+£15.80) x4 Easels,label amount differs; inspect total/increment semantics,Tuscany Wedding Bundle,10019003695443
1167088,checkbox-6,Add Mini Easels for Table Numbers (£3.95 Each),YES Please,,manual_product,51434949149011,19.75,,19.75,(+£19.75) x5 Easels,label amount differs; inspect total/increment semantics,Tuscany Wedding Bundle,10019003695443
1167088,checkbox-7,Add Mini Easels for Table Numbers (£3.95 Each),YES Please,,manual_product,51093198405971,22.00,,22.00,(+£22) 6x Magnets,label amount differs; inspect total/increment semantics,Tuscany Wedding Bundle,10019003695443
1167088,checkbox-8,Add Mini Easels for Table Numbers (£3.95 Each),YES Please,,manual_product,51434953572691,27.65,,27.65,(+£27.65) x7 Easels,label amount differs; inspect total/increment semantics,Tuscany Wedding Bundle,10019003695443
1167088,checkbox-9,Add Mini Easels for Table Numbers (£3.95 Each),YES Please,,manual_product,51434954522963,31.60,,31.60,(+£31.60) x8 Easels,label amount differs; inspect total/increment semantics,Tuscany Wedding Bundle,10019003695443
1167088,checkbox-10,Add Mini Easels for Table Numbers (£3.95 Each),YES Please,,manual_product,51434955735379,35.55,,35.55,(+£35.55) x9 Easels,label amount differs; inspect total/increment semantics,Tuscany Wedding Bundle,10019003695443
1167088,checkbox-11,Add Mini Easels for Table Numbers (£3.95 Each),YES Please,,manual_product,51434957504851,39.50,,39.50,(+£39.50) x10 Easels,label amount differs; inspect total/increment semantics,Tuscany Wedding Bundle,10019003695443
1167062,select-5,,2,,manual_product,51434812211539,3.50,,3.50,(+£3.50) x2 Table numbers,,Tuscany Table Numbers/ Names,10019002155347
1167062,select-5,,3,,manual_product,51434814701907,7.00,,7.00,(+£7) x3 Table numbers,,Tuscany Table Numbers/ Names,10019002155347
1167062,select-5,,4,,manual_product,51434816471379,10.50,,10.50,(+£10.50) x4 Table numbers,,Tuscany Table Numbers/ Names,10019002155347
1167062,select-5,,5,,manual_product,51434817847635,14.00,,14.00,(+£14) x5 Table numbers,,Tuscany Table Numbers/ Names,10019002155347
1167062,select-5,,6,,manual_product,51434819125587,17.50,,17.50,(+£17.50) x6 Table numbers,,Tuscany Table Numbers/ Names,10019002155347
1167062,select-5,,7,,manual_product,51434845045075,21.00,,21.00,(+£21) x7 Table numbers,,Tuscany Table Numbers/ Names,10019002155347
1167062,select-5,,8,,manual_product,51434851926355,24.50,,24.50,(+£24.50) x8 Table numbers,,Tuscany Table Numbers/ Names,10019002155347
1167062,select-5,,9,,manual_product,51434857398611,28.00,,28.00,(+£28) x9 Table numbers,,Tuscany Table Numbers/ Names,10019002155347
1167062,select-5,,10,,manual_product,51434859069779,31.50,,31.50,(+£31.50) x10 Table numbers,,Tuscany Table Numbers/ Names,10019002155347
1167062,select-5,,11,,manual_product,51452581445971,35.00,,35.00,(+£35.00) x11 Table numbers,,Tuscany Table Numbers/ Names,10019002155347
1167062,select-5,,12,,manual_product,51452543009107,38.50,,38.50,(+£38.50) x12 Table numbers,,Tuscany Table Numbers/ Names,10019002155347
1167062,select-5,,13,,manual_product,51452565717331,42.00,,42.00,(+£42.00) x13 Table numbers,,Tuscany Table Numbers/ Names,10019002155347
1167062,select-5,,14,,manual_product,51452551299411,45.50,,45.50,(+£45.50) x14 Table numbers,,Tuscany Table Numbers/ Names,10019002155347
1167062,select-5,,15,,manual_product,51452575154515,49.00,,49.00,(+£49.00) x15 Table numbers,,Tuscany Table Numbers/ Names,10019002155347
1167062,select-5,,16,,manual_product,51452601958739,52.50,,52.50,(+£52.50) x16 Table numbers,,Tuscany Table Numbers/ Names,10019002155347
1167062,select-6,,2,,manual_product,51452697936211,4.50,,4.50,(+£4.50) x2 Table names,,Tuscany Table Numbers/ Names,10019002155347
1167062,select-6,,3,,manual_product,51452699345235,9.00,,9.00,(+£9.00) x3 Table names,,Tuscany Table Numbers/ Names,10019002155347
1167062,select-6,,4,,manual_product,51452701507923,13.50,,13.50,(+£13.50) x4 Table names,,Tuscany Table Numbers/ Names,10019002155347
1167062,select-6,,5,,manual_product,51452710519123,18.00,,18.00,(+£18.00) x5 Table names,,Tuscany Table Numbers/ Names,10019002155347
1167062,select-6,,6,,manual_product,51452714975571,22.50,,22.50,(+£22.50) x6 Table names,,Tuscany Table Numbers/ Names,10019002155347
1167062,select-6,,7,,manual_product,51452835496275,27.00,,27.00,(+£27.00) x7 Table names,,Tuscany Table Numbers/ Names,10019002155347
1167062,select-6,,8,,manual_product,51452720251219,31.50,,31.50,(+£31.50) x8 Table names,,Tuscany Table Numbers/ Names,10019002155347
1167062,select-6,,9,,manual_product,51452726083923,36.00,,36.00,(+£36.00) x9 Table names,,Tuscany Table Numbers/ Names,10019002155347
1167062,select-6,,10,,manual_product,51452820226387,40.50,,40.50,(+£40.50) x10 Table names,,Tuscany Table Numbers/ Names,10019002155347
1167062,select-6,,11,,manual_product,51452729885011,45.00,,45.00,(+£45.00) x11 Table names,,Tuscany Table Numbers/ Names,10019002155347
1167062,select-6,,12,,manual_product,51452863512915,49.50,,49.50,(+£49.50) x12 Table names,,Tuscany Table Numbers/ Names,10019002155347
1167062,select-6,,13,,manual_product,51452889497939,54.00,,54.00,(+£54.00) x13 Table names,,Tuscany Table Numbers/ Names,10019002155347
1167062,select-6,,14,,manual_product,51452740960595,58.50,,58.50,(+£58.50) x14 Table names,,Tuscany Table Numbers/ Names,10019002155347
1167062,select-6,,15,,manual_product,51452895691091,63.00,,63.00,(+£63.00) x15 Table names,,Tuscany Table Numbers/ Names,10019002155347
1167062,select-6,,16,,manual_product,51452900737363,67.50,,67.50,(+£67.50) x16 Table names,,Tuscany Table Numbers/ Names,10019002155347
1167062,checkbox-1,,Yes Please,,manual_product,51434941874515,3.95,,3.95,(+£3.95) x1 Easel,,Tuscany Table Numbers/ Names,10019002155347
1167062,checkbox-2,,Yes Please,,manual_product,51434945216851,7.90,,7.90,(+£7.90) x2 Easels,,Tuscany Table Numbers/ Names,10019002155347
1167062,checkbox-3,,Yes Please,,manual_product,51434946756947,11.85,,11.85,(+£11.89) x3 Easels,,Tuscany Table Numbers/ Names,10019002155347
1167062,checkbox-4,,Yes Please,,manual_product,51434947903827,15.80,,15.80,(+£15.80) x4 Easels,,Tuscany Table Numbers/ Names,10019002155347
1167062,checkbox-5,,Yes Please,,manual_product,51434949149011,19.75,,19.75,(+£19.75) x5 Easels,,Tuscany Table Numbers/ Names,10019002155347
1167062,checkbox-6,,Yes Please,,manual_product,51434950164819,23.70,,23.70,(+£23.70) x6 Easels,,Tuscany Table Numbers/ Names,10019002155347
1167062,checkbox-7,,Yes Please,,manual_product,51434953572691,27.65,,27.65,(+£27.65) x7 Easels,,Tuscany Table Numbers/ Names,10019002155347
1167062,checkbox-8,,Yes Please,,manual_product,51434954522963,31.60,,31.60,(+£31.60) x8 Easels,,Tuscany Table Numbers/ Names,10019002155347
1167062,checkbox-9,,Yes Please,,manual_product,51434955735379,35.55,,35.55,(+£35.55) x9 Easels,,Tuscany Table Numbers/ Names,10019002155347
1167062,checkbox-10,,Yes Please,,manual_product,51434957504851,39.50,,39.50,(+£39.50) x10 Easels,,Tuscany Table Numbers/ Names,10019002155347
1167062,checkbox-13,,Yes Please,,manual_product,51453389570387,43.45,,43.45,(+£43.45) x11 Easels,,Tuscany Table Numbers/ Names,10019002155347
1167062,checkbox-14,,Yes Please,,manual_product,51453506683219,47.40,,47.40,(+£47.40) x12 Easels,,Tuscany Table Numbers/ Names,10019002155347
1167062,checkbox-15,,Yes Please,,manual_product,51453391503699,51.35,,51.35,(+£51.35) x13 Easels,,Tuscany Table Numbers/ Names,10019002155347
1167062,checkbox-16,,Yes Please,,manual_product,51453396451667,55.30,,55.30,(+£55.30) x14 Easels,,Tuscany Table Numbers/ Names,10019002155347
1167062,checkbox-17,,Yes Please,,manual_product,51453401235795,59.25,,59.25,(+£59.25) x15 Easels,,Tuscany Table Numbers/ Names,10019002155347
1167062,checkbox-18,,Yes Please,,manual_product,51453403070803,63.20,,63.20,(+£63.20) x16 Easels,,Tuscany Table Numbers/ Names,10019002155347
1167062,checkbox-12,Add a card for your top table?,Yes Please,,manual_product,51453072146771,3.50,,3.50,Top Table,,Tuscany Table Numbers/ Names,10019002155347
1167062,checkbox-19,,Yes Please,,manual_product,51434941874515,3.95,,3.95,(+£3.95) x1 Easel,,Tuscany Table Numbers/ Names,10019002155347
1167062,checkbox-20,,Yes Please,,manual_product,51434945216851,7.90,,7.90,(+£7.90) x2 Easels,,Tuscany Table Numbers/ Names,10019002155347
1167062,checkbox-21,,Yes Please,,manual_product,51434946756947,11.85,,11.85,(+£11.89) x3 Easels,,Tuscany Table Numbers/ Names,10019002155347
1167062,checkbox-22,,Yes Please,,manual_product,51434947903827,15.80,,15.80,(+£15.80) x4 Easels,,Tuscany Table Numbers/ Names,10019002155347
1167062,checkbox-23,,Yes Please,,manual_product,51434949149011,19.75,,19.75,(+£19.75) x5 Easels,,Tuscany Table Numbers/ Names,10019002155347
1167062,checkbox-24,,Yes Please,,manual_product,51434950164819,23.70,,23.70,(+£23.70) x6 Easels,,Tuscany Table Numbers/ Names,10019002155347
1167062,checkbox-25,,Yes Please,,manual_product,51434953572691,27.65,,27.65,(+£27.65) x7 Easels,,Tuscany Table Numbers/ Names,10019002155347
1167062,checkbox-26,,Yes Please,,manual_product,51434954522963,31.60,,31.60,(+£31.60) x8 Easels,,Tuscany Table Numbers/ Names,10019002155347
1167062,checkbox-27,,Yes Please,,manual_product,51434955735379,35.55,,35.55,(+£35.55) x9 Easels,,Tuscany Table Numbers/ Names,10019002155347
1167062,checkbox-28,,Yes Please,,manual_product,51434957504851,39.50,,39.50,(+£39.50) x10 Easels,,Tuscany Table Numbers/ Names,10019002155347
1167062,checkbox-29,,Yes Please,,manual_product,51453389570387,43.45,,43.45,(+£43.45) x11 Easels,,Tuscany Table Numbers/ Names,10019002155347
1167062,checkbox-30,,Yes Please,,manual_product,51453506683219,47.40,,47.40,(+£47.40) x12 Easels,,Tuscany Table Numbers/ Names,10019002155347
1167062,checkbox-31,,Yes Please,,manual_product,51453391503699,51.35,,51.35,(+£51.35) x13 Easels,,Tuscany Table Numbers/ Names,10019002155347
1167062,checkbox-32,,Yes Please,,manual_product,51453396451667,55.30,,55.30,(+£55.30) x14 Easels,,Tuscany Table Numbers/ Names,10019002155347
1167062,checkbox-33,,Yes Please,,manual_product,51453401235795,59.25,,59.25,(+£59.25) x15 Easels,,Tuscany Table Numbers/ Names,10019002155347
1167062,checkbox-34,,Yes Please,,manual_product,51453403070803,63.20,,63.20,(+£63.20) x16 Easels,,Tuscany Table Numbers/ Names,10019002155347
1167039,select-1,,A2 ,,manual_product,51434115727699,3.25,,33.95,(+£33.95)A2 Board,cached variant_price differs,Tuscany Table Plan,10018999107923
1167039,select-5,,11,,manual_product,51465142108499,2.00,,2.00,(+£2) 11 Tables (Table Plan),,Tuscany Table Plan,10018999107923
1167039,select-5,,12,,manual_product,51465143124307,4.00,,4.00,(+£4) 12 Tables (Table Plan),,Tuscany Table Plan,10018999107923
1167039,select-5,,13,,manual_product,51465143451987,6.00,,6.00,(+£6) 13 Tables (Table Plan),,Tuscany Table Plan,10018999107923
1167039,select-5,,14,,manual_product,51465143910739,8.00,,8.00,(+£8) 14 Tables (Table Plan),,Tuscany Table Plan,10018999107923
1167039,select-5,,15,,manual_product,51465144402259,10.00,,10.00,(+£10) 15 Tables (Table Plan),,Tuscany Table Plan,10018999107923
1167039,select-5,,16,,manual_product,51465148137811,12.00,,12.00,(+£12) 16 Tables (Table Plan),,Tuscany Table Plan,10018999107923
1167039,select-4,,2 holes at the top centre,,manual_product,51434177560915,1.50,,1.50,(+£1.50) Holes,,Tuscany Table Plan,10018999107923
1167039,select-4,,2 holes in top corners,,manual_product,51434177560915,1.50,,1.50,(+£1.50) Holes,,Tuscany Table Plan,10018999107923
1167039,select-4,,1 in each of 4 corners,,manual_product,51468076417363,3.00,,3.00,(+£3) Holes,,Tuscany Table Plan,10018999107923
1167034,select-1,,A2,,manual_product,51434115727699,3.25,,33.95,(+£33.95)A2 Board,cached variant_price differs,Tuscany Welcome Board,10018976563539
1167034,select-4,,2 holes at the top centre,,manual_product,51434177560915,1.50,,1.50,(+£1.50) Holes,,Tuscany Welcome Board,10018976563539
1167034,select-4,,2 holes in top corners,,manual_product,51434177560915,1.50,,1.50,(+£1.50) Holes,,Tuscany Welcome Board,10018976563539
1167034,select-4,,1 in each of 4 corners,,manual_product,51468076417363,3.00,,3.00,(+£3) Holes,,Tuscany Welcome Board,10018976563539
1167032,select-1,,A2,,manual_product,51434115727699,3.25,,33.95,(+£33.95)A2 Board,cached variant_price differs,Tuscany Order of the day Board,10018999730515
1167032,select-4,,2 holes at the top centre,,manual_product,51434177560915,1.50,,1.50,(+£1.50) Holes,,Tuscany Order of the day Board,10018999730515
1167032,select-4,,2 holes in the top corners,,manual_product,51434177560915,1.50,,1.50,(+£1.50) Holes,,Tuscany Order of the day Board,10018999730515
1167032,select-4,,1 in each of 4 corners,,manual_product,51468076417363,3.00,,3.00,(+£3) Holes,,Tuscany Order of the day Board,10018999730515
1156087,select-1,,A2,,manual_product,51434115727699,3.25,,33.95,(+£33.95)A2 Board,cached variant_price differs,RIVIERA Table Plan,10011600126291
1156087,select-5,,11,,manual_product,51465142108499,2.00,,2.00,(+£2) 11 Tables (Table Plan),,RIVIERA Table Plan,10011600126291
1156087,select-5,,12,,manual_product,51465143124307,4.00,,4.00,(+£4) 12 Tables (Table Plan),,RIVIERA Table Plan,10011600126291
1156087,select-5,,13,,manual_product,51465143451987,6.00,,6.00,(+£6) 13 Tables (Table Plan),,RIVIERA Table Plan,10011600126291
1156087,select-5,,14,,manual_product,51465143910739,8.00,,8.00,(+£8) 14 Tables (Table Plan),,RIVIERA Table Plan,10011600126291
1156087,select-5,,15,,manual_product,51465144402259,10.00,,10.00,(+£10) 15 Tables (Table Plan),,RIVIERA Table Plan,10011600126291
1156087,select-5,,16,,manual_product,51465148137811,12.00,,12.00,(+£12) 16 Tables (Table Plan),,RIVIERA Table Plan,10011600126291
1156087,select-4,,1 holes at the top centre,,manual_product,51434177560915,1.50,,1.50,(+£1.50) Holes,,RIVIERA Table Plan,10011600126291
1156087,select-4,,2 holes in the top corners,,manual_product,51434177560915,1.50,,1.50,(+£1.50) Holes,,RIVIERA Table Plan,10011600126291
1156087,select-4,,1 in each of 4 corners,,manual_product,51468076417363,3.00,,3.00,(+£3) Holes,,RIVIERA Table Plan,10011600126291
1156061,select-4,,A2,,manual_product,51434963992915,8.99,,8.99,(+£8.99) A2 Size,,RIVIERA Wedding Bundle,10011850506579
1156061,checkbox-1,Add Holes in Large Boards?,YES Please (Top Centre),,manual_product,51434177560915,1.50,,1.50,(+£1.50) Holes,,RIVIERA Wedding Bundle,10011850506579
1156061,checkbox-1,,YES Please (Top Corners),,manual_product,51434177560915,1.50,,1.50,(+£1.50) Holes,,RIVIERA Wedding Bundle,10011850506579
1156061,checkbox-1,,YES Please (One in Top Centre),,manual_product,51434177560915,1.50,,1.50,(+£1.50) Holes,,RIVIERA Wedding Bundle,10011850506579
1156061,select-5,,11,,manual_product,51465106817363,3.50,,3.50,(+£3.50)11 Tables,,RIVIERA Wedding Bundle,10011850506579
1156061,select-5,,12,,manual_product,51453001367891,7.00,,7.00,(£7.00+)12 Tables,,RIVIERA Wedding Bundle,10011850506579
1156061,select-5,,13,,manual_product,51465109635411,10.50,,10.50,(+£10.50)13 Tables,,RIVIERA Wedding Bundle,10011850506579
1156061,select-5,,14,,manual_product,51465121169747,14.00,,14.00,(+£14.00) 14Tables,,RIVIERA Wedding Bundle,10011850506579
1156061,select-5,,15,,manual_product,51465124839763,17.50,,17.50,(+£17.50) 15 Tables,,RIVIERA Wedding Bundle,10011850506579
1156061,select-5,,16,,manual_product,51465126150483,21.00,,21.00,(+£21.00) 16 Tables,,RIVIERA Wedding Bundle,10011850506579
1156061,checkbox-2,Add Mini Easels for Table Numbers (£3.95 Each),YES Please,,manual_product,51434941874515,3.95,,3.95,(+£3.95) x1 Easel,,RIVIERA Wedding Bundle,10011850506579
1156061,checkbox-3,Add Mini Easels for Table Numbers (£3.95 Each),YES Please,,manual_product,51434945216851,7.90,,7.90,(+£7.90) x2 Easels,label amount differs; inspect total/increment semantics,RIVIERA Wedding Bundle,10011850506579
1156061,checkbox-4,Add Mini Easels for Table Numbers (£3.95 Each),YES Please,,manual_product,51434946756947,11.85,,11.85,(+£11.89) x3 Easels,label amount differs; inspect total/increment semantics,RIVIERA Wedding Bundle,10011850506579
1156061,checkbox-5,Add Mini Easels for Table Numbers (£3.95 Each),YES Please,,manual_product,51434947903827,15.80,,15.80,(+£15.80) x4 Easels,label amount differs; inspect total/increment semantics,RIVIERA Wedding Bundle,10011850506579
1156061,checkbox-6,Add Mini Easels for Table Numbers (£3.95 Each),YES Please,,manual_product,51434949149011,19.75,,19.75,(+£19.75) x5 Easels,label amount differs; inspect total/increment semantics,RIVIERA Wedding Bundle,10011850506579
1156061,checkbox-7,Add Mini Easels for Table Numbers (£3.95 Each),YES Please,,manual_product,51093198405971,22.00,,22.00,(+£22) 6x Magnets,label amount differs; inspect total/increment semantics,RIVIERA Wedding Bundle,10011850506579
1156061,checkbox-8,Add Mini Easels for Table Numbers (£3.95 Each),YES Please,,manual_product,51434953572691,27.65,,27.65,(+£27.65) x7 Easels,label amount differs; inspect total/increment semantics,RIVIERA Wedding Bundle,10011850506579
1156061,checkbox-9,Add Mini Easels for Table Numbers (£3.95 Each),YES Please,,manual_product,51434954522963,31.60,,31.60,(+£31.60) x8 Easels,label amount differs; inspect total/increment semantics,RIVIERA Wedding Bundle,10011850506579
1156061,checkbox-10,Add Mini Easels for Table Numbers (£3.95 Each),YES Please,,manual_product,51434955735379,35.55,,35.55,(+£35.55) x9 Easels,label amount differs; inspect total/increment semantics,RIVIERA Wedding Bundle,10011850506579
1156061,checkbox-11,Add Mini Easels for Table Numbers (£3.95 Each),YES Please,,manual_product,51434957504851,39.50,,39.50,(+£39.50) x10 Easels,label amount differs; inspect total/increment semantics,RIVIERA Wedding Bundle,10011850506579
1156058,select-5,,2,,manual_product,51434812211539,3.50,,3.50,(+£3.50) x2 Table numbers,,Table Numbers,10011784610131
1156058,select-5,,3,,manual_product,51434814701907,7.00,,7.00,(+£7) x3 Table numbers,,Table Numbers,10011784610131
1156058,select-5,,4,,manual_product,51434816471379,10.50,,10.50,(+£10.50) x4 Table numbers,,Table Numbers,10011784610131
1156058,select-5,,5,,manual_product,51434817847635,14.00,,14.00,(+£14) x5 Table numbers,,Table Numbers,10011784610131
1156058,select-5,,6,,manual_product,51434819125587,17.50,,17.50,(+£17.50) x6 Table numbers,,Table Numbers,10011784610131
1156058,select-5,,7,,manual_product,51434845045075,21.00,,21.00,(+£21) x7 Table numbers,,Table Numbers,10011784610131
1156058,select-5,,8,,manual_product,51434851926355,24.50,,24.50,(+£24.50) x8 Table numbers,,Table Numbers,10011784610131
1156058,select-5,,9,,manual_product,51434857398611,28.00,,28.00,(+£28) x9 Table numbers,,Table Numbers,10011784610131
1156058,select-5,,10,,manual_product,51434859069779,31.50,,31.50,(+£31.50) x10 Table numbers,,Table Numbers,10011784610131
1156058,select-5,,11,,manual_product,51452581445971,35.00,,35.00,(+£35.00) x11 Table numbers,,Table Numbers,10011784610131
1156058,select-5,,12,,manual_product,51452543009107,38.50,,38.50,(+£38.50) x12 Table numbers,,Table Numbers,10011784610131
1156058,select-5,,13,,manual_product,51452565717331,42.00,,42.00,(+£42.00) x13 Table numbers,,Table Numbers,10011784610131
1156058,select-5,,14,,manual_product,51452551299411,45.50,,45.50,(+£45.50) x14 Table numbers,,Table Numbers,10011784610131
1156058,select-5,,15,,manual_product,51452575154515,49.00,,49.00,(+£49.00) x15 Table numbers,,Table Numbers,10011784610131
1156058,select-5,,16,,manual_product,51452601958739,52.50,,52.50,(+£52.50) x16 Table numbers,,Table Numbers,10011784610131
1156058,select-6,,2,,manual_product,51452697936211,4.50,,4.50,(+£4.50) x2 Table names,,Table Numbers,10011784610131
1156058,select-6,,3,,manual_product,51452699345235,9.00,,9.00,(+£9.00) x3 Table names,,Table Numbers,10011784610131
1156058,select-6,,4,,manual_product,51452701507923,13.50,,13.50,(+£13.50) x4 Table names,,Table Numbers,10011784610131
1156058,select-6,,5,,manual_product,51452710519123,18.00,,18.00,(+£18.00) x5 Table names,,Table Numbers,10011784610131
1156058,select-6,,6,,manual_product,51452714975571,22.50,,22.50,(+£22.50) x6 Table names,,Table Numbers,10011784610131
1156058,select-6,,7,,manual_product,51452835496275,27.00,,27.00,(+£27.00) x7 Table names,,Table Numbers,10011784610131
1156058,select-6,,8,,manual_product,51452720251219,31.50,,31.50,(+£31.50) x8 Table names,,Table Numbers,10011784610131
1156058,select-6,,9,,manual_product,51452726083923,36.00,,36.00,(+£36.00) x9 Table names,,Table Numbers,10011784610131
1156058,select-6,,10,,manual_product,51452820226387,40.50,,40.50,(+£40.50) x10 Table names,,Table Numbers,10011784610131
1156058,select-6,,11,,manual_product,51452729885011,45.00,,45.00,(+£45.00) x11 Table names,,Table Numbers,10011784610131
1156058,select-6,,12,,manual_product,51452863512915,49.50,,49.50,(+£49.50) x12 Table names,,Table Numbers,10011784610131
1156058,select-6,,13,,manual_product,51452889497939,54.00,,54.00,(+£54.00) x13 Table names,,Table Numbers,10011784610131
1156058,select-6,,14,,manual_product,51452740960595,58.50,,58.50,(+£58.50) x14 Table names,,Table Numbers,10011784610131
1156058,select-6,,15,,manual_product,51452895691091,63.00,,63.00,(+£63.00) x15 Table names,,Table Numbers,10011784610131
1156058,select-6,,16,,manual_product,51452900737363,67.50,,67.50,(+£67.50) x16 Table names,,Table Numbers,10011784610131
1156058,checkbox-1,,Yes Please,,manual_product,51434941874515,3.95,,3.95,(+£3.95) x1 Easel,,Table Numbers,10011784610131
1156058,checkbox-2,,Yes Please,,manual_product,51434945216851,7.90,,7.90,(+£7.90) x2 Easels,,Table Numbers,10011784610131
1156058,checkbox-3,,Yes Please,,manual_product,51434946756947,11.85,,11.85,(+£11.89) x3 Easels,,Table Numbers,10011784610131
1156058,checkbox-4,,Yes Please,,manual_product,51434947903827,15.80,,15.80,(+£15.80) x4 Easels,,Table Numbers,10011784610131
1156058,checkbox-5,,Yes Please,,manual_product,51434949149011,19.75,,19.75,(+£19.75) x5 Easels,,Table Numbers,10011784610131
1156058,checkbox-6,,Yes Please,,manual_product,51434950164819,23.70,,23.70,(+£23.70) x6 Easels,,Table Numbers,10011784610131
1156058,checkbox-7,,Yes Please,,manual_product,51434953572691,27.65,,27.65,(+£27.65) x7 Easels,,Table Numbers,10011784610131
1156058,checkbox-8,,Yes Please,,manual_product,51434954522963,31.60,,31.60,(+£31.60) x8 Easels,,Table Numbers,10011784610131
1156058,checkbox-9,,Yes Please,,manual_product,51434955735379,35.55,,35.55,(+£35.55) x9 Easels,,Table Numbers,10011784610131
1156058,checkbox-10,,Yes Please,,manual_product,51434957504851,39.50,,39.50,(+£39.50) x10 Easels,,Table Numbers,10011784610131
1156058,checkbox-13,,Yes Please,,manual_product,51453389570387,43.45,,43.45,(+£43.45) x11 Easels,,Table Numbers,10011784610131
1156058,checkbox-14,,Yes Please,,manual_product,51453506683219,47.40,,47.40,(+£47.40) x12 Easels,,Table Numbers,10011784610131
1156058,checkbox-15,,Yes Please,,manual_product,51453391503699,51.35,,51.35,(+£51.35) x13 Easels,,Table Numbers,10011784610131
1156058,checkbox-16,,Yes Please,,manual_product,51453396451667,55.30,,55.30,(+£55.30) x14 Easels,,Table Numbers,10011784610131
1156058,checkbox-17,,Yes Please,,manual_product,51453401235795,59.25,,59.25,(+£59.25) x15 Easels,,Table Numbers,10011784610131
1156058,checkbox-18,,Yes Please,,manual_product,51453403070803,63.20,,63.20,(+£63.20) x16 Easels,,Table Numbers,10011784610131
1156058,checkbox-12,Add a card for your top table?,Yes Please,,manual_product,51453072146771,3.50,,3.50,Top Table,,Table Numbers,10011784610131
1156058,checkbox-19,,Yes Please,,manual_product,51434941874515,3.95,,3.95,(+£3.95) x1 Easel,,Table Numbers,10011784610131
1156058,checkbox-20,,Yes Please,,manual_product,51434945216851,7.90,,7.90,(+£7.90) x2 Easels,,Table Numbers,10011784610131
1156058,checkbox-21,,Yes Please,,manual_product,51434946756947,11.85,,11.85,(+£11.89) x3 Easels,,Table Numbers,10011784610131
1156058,checkbox-22,,Yes Please,,manual_product,51434947903827,15.80,,15.80,(+£15.80) x4 Easels,,Table Numbers,10011784610131
1156058,checkbox-23,,Yes Please,,manual_product,51434949149011,19.75,,19.75,(+£19.75) x5 Easels,,Table Numbers,10011784610131
1156058,checkbox-24,,Yes Please,,manual_product,51434950164819,23.70,,23.70,(+£23.70) x6 Easels,,Table Numbers,10011784610131
1156058,checkbox-25,,Yes Please,,manual_product,51434953572691,27.65,,27.65,(+£27.65) x7 Easels,,Table Numbers,10011784610131
1156058,checkbox-26,,Yes Please,,manual_product,51434954522963,31.60,,31.60,(+£31.60) x8 Easels,,Table Numbers,10011784610131
1156058,checkbox-27,,Yes Please,,manual_product,51434955735379,35.55,,35.55,(+£35.55) x9 Easels,,Table Numbers,10011784610131
1156058,checkbox-28,,Yes Please,,manual_product,51434957504851,39.50,,39.50,(+£39.50) x10 Easels,,Table Numbers,10011784610131
1156058,checkbox-29,,Yes Please,,manual_product,51453389570387,43.45,,43.45,(+£43.45) x11 Easels,,Table Numbers,10011784610131
1156058,checkbox-30,,Yes Please,,manual_product,51453506683219,47.40,,47.40,(+£47.40) x12 Easels,,Table Numbers,10011784610131
1156058,checkbox-31,,Yes Please,,manual_product,51453391503699,51.35,,51.35,(+£51.35) x13 Easels,,Table Numbers,10011784610131
1156058,checkbox-32,,Yes Please,,manual_product,51453396451667,55.30,,55.30,(+£55.30) x14 Easels,,Table Numbers,10011784610131
1156058,checkbox-33,,Yes Please,,manual_product,51453401235795,59.25,,59.25,(+£59.25) x15 Easels,,Table Numbers,10011784610131
1156058,checkbox-34,,Yes Please,,manual_product,51453403070803,63.20,,63.20,(+£63.20) x16 Easels,,Table Numbers,10011784610131
1156041,select-1,,A2,,manual_product,51434115727699,3.25,,33.95,(+£33.95)A2 Board,cached variant_price differs,RIVIERA Welcome Board,10011583218003
1156041,select-4,,2 hole at the top centre,,manual_product,51434177560915,1.50,,1.50,(+£1.50) Holes,,RIVIERA Welcome Board,10011583218003
1156041,select-4,,2 holes in the top corners,,manual_product,51434177560915,1.50,,1.50,(+£1.50) Holes,,RIVIERA Welcome Board,10011583218003
1156041,select-4,,1 in each of 4 corners,,manual_product,51468076417363,3.00,,3.00,(+£3) Holes,,RIVIERA Welcome Board,10011583218003
1156040,select-1,,A2,,manual_product,51434115727699,3.25,,33.95,(+£33.95)A2 Board,cached variant_price differs,RIVIERA Order of the day Board,10011612086611
1156040,select-4,,2 holes at the top centre,,manual_product,51434177560915,1.50,,1.50,(+£1.50) Holes,,RIVIERA Order of the day Board,10011612086611
1156040,select-4,,2 holes in the top corners,,manual_product,51434177560915,1.50,,1.50,(+£1.50) Holes,,RIVIERA Order of the day Board,10011612086611
1156040,select-4,,1 in each of 4 corners,,manual_product,51468076417363,3.00,,3.00,(+£3) Holes,,RIVIERA Order of the day Board,10011612086611
1155333,checkbox-1,Candle?,Yes Please,,manual_product,51376454173011,9.50,,9.50,'You are bloody brilliant' Tin Candle,,Good friends w/ Bloody Brilliant,"9747229016403,9747226034515,9747218334035"
1155194,select-1,,2,,manual_product,51384078795091,5.65,,5.65,(+£5.65)x2 Matchboxes,,Matchbox w/ Star,"9747199820115,9747211256147"
1155194,select-1,,3,,manual_product,51384083448147,10.80,,10.80,(+£10.80)x3 Matchboxes,,Matchbox w/ Star,"9747199820115,9747211256147"
1155194,select-1,,4,,manual_product,51384090919251,15.30,,15.30,(+£15.30)x4 Matchboxes,,Matchbox w/ Star,"9747199820115,9747211256147"
1155194,checkbox-1,Porcelain Star?,Yes please,,manual_product,51198862131539,4.95,,3.95,Teacher Porcelain Written In The Stars Token — Unique End of Year Thank You Gift UK,cached variant_price differs,Matchbox w/ Star,"9747199820115,9747211256147"
1155191,select-1,,2,,manual_product,51384078795091,5.65,,5.65,(+£5.65)x2 Matchboxes,,Matchbox w/ Believe Flower,"9747233046867,9436281340243,9436281405779,9436281078099"
1155191,select-1,,3,,manual_product,51384083448147,10.80,,10.80,(+£10.80)x3 Matchboxes,,Matchbox w/ Believe Flower,"9747233046867,9436281340243,9436281405779,9436281078099"
1155191,select-1,,4,,manual_product,51384090919251,15.30,,15.30,(+£15.30)x4 Matchboxes,,Matchbox w/ Believe Flower,"9747233046867,9436281340243,9436281405779,9436281078099"
1155191,checkbox-1,Porcelain Flower?,Yes please,,manual_product,51194214678867,4.95,,3.95,Porcelain ‘Believe in yourself’ flower,cached variant_price differs,Matchbox w/ Believe Flower,"9747233046867,9436281340243,9436281405779,9436281078099"
1155185,checkbox-1,Matchbox Angel?,YES Please,,manual_product,49311945621843,6.95,,6.95,Porcelain Matchbox - Little Guardian Angel,,Tealight w/ angel,"9747223970131,9683326697811"
1155181,checkbox-1,Matchbox Elephant?,YES Please,,manual_product,49311947161939,6.95,,3.95,Porcelain Matchbox Message Elephant - You are loved,cached variant_price differs,Tealight w/ elephant,9747213123923
1155172,checkbox-1,Matchbox Flower?,YES Please,,manual_product,50335680889171,6.95,,,,linked variant not in active catalogue,Tealight w/ flower,9747214139731
1150957,checkbox-1,Greeting card?,Yes please,,manual_product,51376666116435,3.75,,,,linked variant not in active catalogue,Star Token,9436282159443
1150941,select-1,,2,,manual_product,51384078795091,5.65,,5.65,(+£5.65)x2 Matchboxes,,Matchbox w/ amazing card,"10001120264531,10001115349331,9436281962835,9436280947027,9747193364819,9966844641619,9436281864531,9436281798995,10001135567187,9747196903763,10001126850899"
1150941,select-1,,3,,manual_product,51384083448147,10.80,,10.80,(+£10.80)x3 Matchboxes,,Matchbox w/ amazing card,"10001120264531,10001115349331,9436281962835,9436280947027,9747193364819,9966844641619,9436281864531,9436281798995,10001135567187,9747196903763,10001126850899"
1150941,select-1,,4,,manual_product,51384090919251,15.30,,15.30,(+£15.30)x4 Matchboxes,,Matchbox w/ amazing card,"10001120264531,10001115349331,9436281962835,9436280947027,9747193364819,9966844641619,9436281864531,9436281798995,10001135567187,9747196903763,10001126850899"
1150941,checkbox-1,Greetings card?,Yes please,,manual_product,51376666116435,3.75,,,,linked variant not in active catalogue,Matchbox w/ amazing card,"10001120264531,10001115349331,9436281962835,9436280947027,9747193364819,9966844641619,9436281864531,9436281798995,10001135567187,9747196903763,10001126850899"
1094165,select-1,,Large (57x12x0.3cm),,manual_product,52473824117075,6.50,,8.99,Large Street Sign,cached variant_price differs,MR & MRS Street sign,9702132711763
1094165,checkbox-11,**INCREDIBLE OFFER** GET A 2ND SIGN FOR JUST £9.95!,Yes Please,,manual_product,52473837355347,9.95,,9.95,**INCREDIBLE OFFER - GET A 2ND SIGN FOR £9.95,,MR & MRS Street sign,9702132711763
1094165,select-3,,Large (57x12x0.3cm),,manual_product,52226812707155,0.00,,0.00,Size of Street Sign,,MR & MRS Street sign,9702132711763
1094165,checkbox-14,Add a gift note?,Yes please,,manual_product,53938198151507,2.95,,2.95,Gift Note,,MR & MRS Street sign,9702132711763
1094165,checkbox-3,Mounting Strips (Recommended),Yes please,,manual_product,50706678514003,1.95,,1.99,(£1.99) Mounting Strips,cached variant_price differs,MR & MRS Street sign,9702132711763
1094165,checkbox-4,Mounting Strips (Recommended),Yes please,,manual_product,51217275584851,3.90,,3.90,(£3.90) Mounting Strips,,MR & MRS Street sign,9702132711763
1094165,checkbox-12,Gift Wrap Kit?,Yes please,,manual_product,53802540171603,3.95,,5.95,Gift Wrap Kit – Ivory & Twine,cached variant_price differs,MR & MRS Street sign,9702132711763
1094165,checkbox-13,2nd Gift Wrap Kit?,Yes please ,,manual_product,53802540171603,3.95,,5.95,Gift Wrap Kit – Ivory & Twine,cached variant_price differs,MR & MRS Street sign,9702132711763
1094165,checkbox-10,Add Traditional Lucky Wedding Sixpence,Yes please,,manual_product,49311819694419,4.95,,4.95,"Lucky Sixpence (Boxed) - Old, New, Borrowed, Blue",,MR & MRS Street sign,9702132711763
1093712,select-6,Star Token?,Yes Please,,manual_product,49311948931411,4.20,,,,linked variant not in active catalogue,Teacher Pebble Picture,9956478452051
1093712,checkbox-1,Greetings card?,Yes Please,,manual_product,51376666116435,3.75,,,,linked variant not in active catalogue,Teacher Pebble Picture,9956478452051
1092427,select-2,Gift Bag?,Yes Please,,manual_product,51198896767315,1.95,,1.95,£1.95 Gift bag,,Gift bag Add On,"9961936879955,9961949266259,9961933308243,9960692023635,9961962570067,9960739242323,9961740599635,9961716908371,9961960112467"
1092076,select-6,,2,,manual_product,51209362047315,3.00,,5.50,(+£5.50)x2 tealights,cached variant_price differs,School Leavers Mini Sign Bulk,9436266168659
1092076,select-6,,3,,manual_product,51209368764755,6.00,,6.00,(+£6) x3 Leavers Signs,,School Leavers Mini Sign Bulk,9436266168659
1092076,select-6,,4,,manual_product,51209370698067,9.00,,9.00,(+£9) x4 Leavers Signs,,School Leavers Mini Sign Bulk,9436266168659
1092076,select-6,,5,,manual_product,51209381151059,12.00,,12.00,(+£12) x5 Leavers Signs,,School Leavers Mini Sign Bulk,9436266168659
1092076,select-6,,6,,manual_product,51209382658387,15.00,,15.00,(+£15) x6 Leavers Signs,,School Leavers Mini Sign Bulk,9436266168659
1092076,select-6,,7,,manual_product,51209384722771,18.00,,18.00,(+£18) x7 Leavers Signs,,School Leavers Mini Sign Bulk,9436266168659
1092076,select-6,,8,,manual_product,51209387180371,21.00,,21.00,(+£21) x8 Leavers Signs,,School Leavers Mini Sign Bulk,9436266168659
1092076,select-6,,9,,manual_product,51209387639123,24.00,,24.00,(+£24) x9 Leavers Signs,,School Leavers Mini Sign Bulk,9436266168659
1092076,select-6,,10,,manual_product,51210541629779,26.00,,26.00,(+£26) x10 Leavers Signs,,School Leavers Mini Sign Bulk,9436266168659
1092076,select-6,,11,,manual_product,51210562502995,40.95,,40.95,(+£40.95) x11-20 leavers sign,,School Leavers Mini Sign Bulk,9436266168659
1092076,select-6,,12,,manual_product,51210562502995,40.95,,40.95,(+£40.95) x11-20 leavers sign,,School Leavers Mini Sign Bulk,9436266168659
1092076,select-6,,13,,manual_product,51210562502995,40.95,,40.95,(+£40.95) x11-20 leavers sign,,School Leavers Mini Sign Bulk,9436266168659
1092076,select-6,,14,,manual_product,51210562502995,40.95,,40.95,(+£40.95) x11-20 leavers sign,,School Leavers Mini Sign Bulk,9436266168659
1092076,select-6,,15,,manual_product,51210562502995,40.95,,40.95,(+£40.95) x11-20 leavers sign,,School Leavers Mini Sign Bulk,9436266168659
1092076,select-6,,16,,manual_product,51210562502995,40.95,,40.95,(+£40.95) x11-20 leavers sign,,School Leavers Mini Sign Bulk,9436266168659
1092076,select-6,,17,,manual_product,51210562502995,40.95,,40.95,(+£40.95) x11-20 leavers sign,,School Leavers Mini Sign Bulk,9436266168659
1092076,select-6,,18,,manual_product,51210562502995,40.95,,40.95,(+£40.95) x11-20 leavers sign,,School Leavers Mini Sign Bulk,9436266168659
1092076,select-6,,19,,manual_product,51210562502995,40.95,,40.95,(+£40.95) x11-20 leavers sign,,School Leavers Mini Sign Bulk,9436266168659
1092076,select-6,,20,,manual_product,51210562502995,40.95,,40.95,(+£40.95) x11-20 leavers sign,,School Leavers Mini Sign Bulk,9436266168659
1092076,select-6,,21,,manual_product,51210548150611,52.95,,52.95,(+£52.95) x21-30 leavers sign,,School Leavers Mini Sign Bulk,9436266168659
1092076,select-6,,22,,manual_product,51210548150611,52.95,,52.95,(+£52.95) x21-30 leavers sign,,School Leavers Mini Sign Bulk,9436266168659
1092076,select-6,,23,,manual_product,51210548150611,52.95,,52.95,(+£52.95) x21-30 leavers sign,,School Leavers Mini Sign Bulk,9436266168659
1092076,select-6,,24,,manual_product,51210548150611,52.95,,52.95,(+£52.95) x21-30 leavers sign,,School Leavers Mini Sign Bulk,9436266168659
1092076,select-6,,25,,manual_product,51210548150611,52.95,,52.95,(+£52.95) x21-30 leavers sign,,School Leavers Mini Sign Bulk,9436266168659
1092076,select-6,,26,,manual_product,51210548150611,52.95,,52.95,(+£52.95) x21-30 leavers sign,,School Leavers Mini Sign Bulk,9436266168659
1092076,select-6,,27,,manual_product,51210548150611,52.95,,52.95,(+£52.95) x21-30 leavers sign,,School Leavers Mini Sign Bulk,9436266168659
1092076,select-6,,28,,manual_product,51210548150611,52.95,,52.95,(+£52.95) x21-30 leavers sign,,School Leavers Mini Sign Bulk,9436266168659
1092076,select-6,,29,,manual_product,51210548150611,52.95,,52.95,(+£52.95) x21-30 leavers sign,,School Leavers Mini Sign Bulk,9436266168659
1092076,select-6,,30,,manual_product,51210548150611,52.95,,52.95,(+£52.95) x21-30 leavers sign,,School Leavers Mini Sign Bulk,9436266168659
1092054,select-6,**INCREDIBLE OFFER** Buy a 2nd sign for £4.95,Yes Please,,manual_product,50090574905683,4.95,,4.95,(+£4.95) **INCREDIBLE OFFER**,,School Leavers Mini Sign,9961762193747
1092054,select-7,Magnetic Strips?,Yes Please,,manual_product,51038994596179,2.95,,2.95,Magnetic strips,,School Leavers Mini Sign,9961762193747
1092054,select-8,Mounting Strips?,Yes Please,,manual_product,50706678514003,1.95,,1.99,(£1.99) Mounting Strips,cached variant_price differs,School Leavers Mini Sign,9961762193747
1091164,select-1,Select,Yes Please,,manual_product,49311948931411,4.20,,,,linked variant not in active catalogue,Teacher Amazing tealight,9959921353043
1091055,checkbox-1,Penguin Matchbox?,Yes Please,,manual_product,49311948276051,6.95,,6.95,Porcelain Matchbox Message Penguin - Flipping love you,,Tea Lights w/ penguin,"9747229016403,9747226034515,9747218334035"
1089992,select-6,**INCREDIBLE OFFER** Buy a 2nd sign £10,Yes Please,,manual_product,50087054934355,10.00,,10.00,(+£10) **INCREDIBLE OFFER** SIGN,,Street Sign Teacher,9956444373331
1089992,checkbox-1,Add a gift wrap kit? ,Yes Please,,manual_product,53802540171603,4.95,,5.95,Gift Wrap Kit – Ivory & Twine,cached variant_price differs,Street Sign Teacher,9956444373331
1088680,checkbox-1,Checkbox,Yes Please,,manual_product,49311819694419,4.95,,4.95,"Lucky Sixpence (Boxed) - Old, New, Borrowed, Blue",,Wedding Bundle,9956472521043
1088566,select-7,,2,,manual_product,51175748665683,13.40,,13.40,(+£13.40) **Bundle OFFER** Street sign x2,,Street Sign Teacher Bundle,9956340302163
1088566,select-7,,3,,manual_product,51175072268627,26.15,,26.15,(+£26.15) **Bundle OFFER** Street sign x3,,Street Sign Teacher Bundle,9956340302163
1088566,select-7,,4,,manual_product,51175768981843,37.95,,37.95,(+£37.95) **Bundle OFFER** Street sign x4,,Street Sign Teacher Bundle,9956340302163
1088566,select-6,,2,,manual_product,51174408061267,3.80,,3.80,(+£3.80 **INCREDIBLE OFFER** Star Token x2,,Street Sign Teacher Bundle,9956340302163
1088566,select-6,,3,,manual_product,51174392529235,7.40,,7.40,(+£7.40) **INCREDIBLE OFFER** Star Token x3,,Street Sign Teacher Bundle,9956340302163
1088566,select-6,,4,,manual_product,51174394462547,10.75,,10.75,(+£10.75) **INCREDIBLE OFFER** Star Token x4,,Street Sign Teacher Bundle,9956340302163
1088566,select-12,,2,,manual_product,51174386794835,8.55,,8.55,(+£8.55) **INCREDIBLE OFFER** Tealight x2,,Street Sign Teacher Bundle,9956340302163
1088566,select-12,,3,,manual_product,51174447546707,16.65,,16.65,(+£16.65) **INCREDIBLE OFFER** Tealight x3,,Street Sign Teacher Bundle,9956340302163
1088566,select-12,,4,,manual_product,51174414844243,23.60,,24.00,(+£24) **INCREDIBLE OFFER** Tealight x4,cached variant_price differs,Street Sign Teacher Bundle,9956340302163
1088534,select-7,,2,,manual_product,51175036748115,13.40,,13.40,(+£13.40) **Bundle OFFER** Pebble picture x2,,Teacher Pebble Picture Bundle,9956094280019
1088534,select-7,,3,,manual_product,51175763149139,26.15,,26.15,(+£26.15) **Bundle OFFER** Pebble Picture x3,,Teacher Pebble Picture Bundle,9956094280019
1088534,select-7,,4,,manual_product,51175076135251,37.95,,37.95,(+£37.95) **Bundle OFFER** Pebble picture x4,,Teacher Pebble Picture Bundle,9956094280019
1088534,select-6,,2,,manual_product,51174408061267,3.80,,3.80,(+£3.80 **INCREDIBLE OFFER** Star Token x2,,Teacher Pebble Picture Bundle,9956094280019
1088534,select-6,,3,,manual_product,51174392529235,7.40,,7.40,(+£7.40) **INCREDIBLE OFFER** Star Token x3,,Teacher Pebble Picture Bundle,9956094280019
1088534,select-6,,4,,manual_product,51174394462547,10.75,,10.75,(+£10.75) **INCREDIBLE OFFER** Star Token x4,,Teacher Pebble Picture Bundle,9956094280019
1088534,select-12,,2,,manual_product,51174386794835,8.55,,8.55,(+£8.55) **INCREDIBLE OFFER** Tealight x2,,Teacher Pebble Picture Bundle,9956094280019
1088534,select-12,,3,,manual_product,51174447546707,16.65,,16.65,(+£16.65) **INCREDIBLE OFFER** Tealight x3,,Teacher Pebble Picture Bundle,9956094280019
1088534,select-12,,4,,manual_product,51174414844243,24.00,,24.00,(+£24) **INCREDIBLE OFFER** Tealight x4,,Teacher Pebble Picture Bundle,9956094280019
1088470,select-7,,2,,manual_product,51174508593491,11.65,,11.65,(+£11.65) **INCREDIBLE OFFER** Bookshelf,,Bookshelf Bundle,9955957768531
1088470,select-7,,3,,manual_product,51174360777043,21.00,,21.00,(+£21) **Bundle OFFER** Bookshelf x3,,Bookshelf Bundle,9955957768531
1088470,select-7,,4,,manual_product,51174372835667,29.35,,29.35,(+£29.35) **Bundle OFFER** Bookshelf x4,,Bookshelf Bundle,9955957768531
1088470,select-6,,2,,manual_product,51174408061267,3.80,,3.80,(+£3.80 **INCREDIBLE OFFER** Star Token x2,,Bookshelf Bundle,9955957768531
1088470,select-6,,3,,manual_product,51174392529235,7.40,,7.40,(+£7.40) **INCREDIBLE OFFER** Star Token x3,,Bookshelf Bundle,9955957768531
1088470,select-6,,4,,manual_product,51174394462547,10.75,,10.75,(+£10.75) **INCREDIBLE OFFER** Star Token x4,,Bookshelf Bundle,9955957768531
1088470,select-12,,2,,manual_product,51174386794835,8.55,,8.55,(+£8.55) **INCREDIBLE OFFER** Tealight x2,,Bookshelf Bundle,9955957768531
1088470,select-12,,3,,manual_product,51174447546707,16.65,,16.65,(+£16.65) **INCREDIBLE OFFER** Tealight x3,,Bookshelf Bundle,9955957768531
1088470,select-12,,4,,manual_product,51174414844243,24.00,,24.00,(+£24) **INCREDIBLE OFFER** Tealight x4,,Bookshelf Bundle,9955957768531
1088441,select-1,**INCREDIBLE OFFER** Buy a second frame for just £9.95,Yes Please,,manual_product,50764202836307,9.95,,9.95,(£9.95) Frame,,Teacher Frame Non Personalised,9860777345363
1088441,select-2,Add Star Token?,Yes Please,,manual_product,49311948931411,4.20,,,,linked variant not in active catalogue,Teacher Frame Non Personalised,9860777345363
1087953,select-3,**INCREDIBLE OFFER**Buy a 2nd for JUST £8.95,Yes Please,,manual_product,51168165724499,8.95,,8.95,(+£8.95) **INCREDIBLE OFFER** Bookshelf,,Bookshelf,9954253635923
1087953,checkbox-1,Greetings card?,Yes Please,,manual_product,51376666116435,3.75,,,,linked variant not in active catalogue,Bookshelf,9954253635923
1076275,select-1,*INCREDIBLE OFFER* Add 2nd Magnet for JUST £7.95?,Yes Please,,manual_product,51067359330643,7.95,,7.95,(+£7.95) **INCREDIBLE OFFER** Fridge Magnet,,Father's Day Picture Magnet,9926911623507
1072739,select-1,**INCREDIBLE OFFER** GET A 2ND SIGN FOR JUST £24.95!,YES Please,,manual_product,51035486650707,24.95,,,,linked variant not in active catalogue,Pub sign,9920176849235
1072739,checkbox-1,Mounting Strips?,Yes Please,,manual_product,50706678514003,1.95,,1.99,(£1.99) Mounting Strips,cached variant_price differs,Pub sign,9920176849235
1072739,checkbox-2,Mounting Strips?,Yes Please,,manual_product,50706678514003,1.95,,1.99,(£1.99) Mounting Strips,cached variant_price differs,Pub sign,9920176849235
1054481,select-6,,Yes Please,,manual_product,50706678514003,1.95,,1.99,(£1.99) Mounting Strips,cached variant_price differs,Stick Me Anywhere Football Sign,9897574302035
1054481,select-7,,Yes Please,,manual_product,50706678514003,1.95,,1.99,(£1.99) Mounting Strips,cached variant_price differs,Stick Me Anywhere Football Sign,9897574302035
1054481,select-8,,Yes Please,,manual_product,51038994596179,2.95,,2.95,Magnetic strips,,Stick Me Anywhere Football Sign,9897574302035
1054481,select-9,,Yes Please,,manual_product,51038994596179,2.95,,2.95,Magnetic strips,,Stick Me Anywhere Football Sign,9897574302035
1054477,select-5,,Yes Please,,manual_product,50706678514003,1.95,,1.99,(£1.99) Mounting Strips,cached variant_price differs,Stick Me Anywhere Number Plate,9897567617363
1054477,select-6,,Yes Please,,manual_product,50706678514003,1.95,,1.99,(£1.99) Mounting Strips,cached variant_price differs,Stick Me Anywhere Number Plate,9897567617363
1054477,select-7,,Yes Please,,manual_product,51038994596179,2.95,,2.95,Magnetic strips,,Stick Me Anywhere Number Plate,9897567617363
1054477,select-8,,Yes Please,,manual_product,51038994596179,2.95,,2.95,Magnetic strips,,Stick Me Anywhere Number Plate,9897567617363
1030531,select-1,**INCREDIBLE OFFER** Buy a second frame for just £9.95,Yes Please,,manual_product,50764202836307,9.95,,9.95,(£9.95) Frame,,Mini New Baby Frame,9859662184787
1030529,select-1,**INCREDIBLE OFFER** Buy a second frame for just £9.95,Yes Please,,manual_product,50764202836307,9.95,,9.95,(£9.95) Frame,,Mini Birthday Frame,9860781441363
1030527,select-1,**INCREDIBLE OFFER** Buy a second frame for just £9.95,Yes Please,,manual_product,50764202836307,9.95,,9.95,(£9.95) Frame,,Mini Wedding Frame,9859545432403
1030492,select-1,**INCREDIBLE OFFER** Buy a second frame for just £9.95,Yes Please,,manual_product,50764202836307,9.95,,9.95,(£9.95) Frame,,Mini Frames Non Personalised,"9860800053587,9860754145619,9860774691155,9860776722771,9860766564691,9860780360019,9859543171411"
1022116,dropdown-1,,5,,manual_product,50753079574867,9.00,,9.00,(£9) Medium Planner,,New weekly planner,9858128675155
1022116,dropdown-1,,6,,manual_product,50753079574867,9.00,,9.00,(£9) Medium Planner,,New weekly planner,9858128675155
1022116,dropdown-1,,7,,manual_product,50753112572243,32.00,,32.00,(£32) Large Planner,,New weekly planner,9858128675155
1022116,dropdown-1,,8,,manual_product,50753112572243,32.00,,32.00,(£32) Large Planner,,New weekly planner,9858128675155
1022116,dropdown-1,,9,,manual_product,50753112572243,32.00,,32.00,(£32) Large Planner,,New weekly planner,9858128675155
1022116,dropdown-1,,10,,manual_product,50753112572243,32.00,,32.00,(£32) Large Planner,,New weekly planner,9858128675155
1022116,dropdown-2,,Medium,,manual_product,50753079574867,9.00,,9.00,(£9) Medium Planner,,New weekly planner,9858128675155
1022116,dropdown-2,,Large,,manual_product,50753112572243,32.00,,32.00,(£32) Large Planner,,New weekly planner,9858128675155
1022116,dropdown-3,,Large,,manual_product,50753235091795,23.00,,23.00,(£23) Large Planner,,New weekly planner,9858128675155
1022116,checkbox-5,,Yes Please,,manual_product,50757392892243,5.95,,5.95,(£5.95) Coloured Pens & Eraser,,New weekly planner,9858128675155
1022116,checkbox-1,,Yes Please,,manual_product,50757012717907,4.95,,4.95,(£4.95) Mounting Strips,,New weekly planner,9858128675155
1022116,checkbox-3,,Yes Please,,manual_product,50756995613011,2.95,,2.95,(£2.95) Twine,,New weekly planner,9858128675155
1022116,select-1,**INCREDIBLE OFFER** Buy a second planner from just £9.95!,YES Please,,manual_product,50756906352979,9.95,,9.95,(+£9.95) **INCREDIBLE OFFER** PLANNER,,New weekly planner,9858128675155
1022116,dropdown-5,,5,,manual_product,50756938465619,8.00,,8.00,(£8) Medium Planner,,New weekly planner,9858128675155
1022116,dropdown-5,,6,,manual_product,50756938465619,8.00,,8.00,(£8) Medium Planner,,New weekly planner,9858128675155
1022116,dropdown-5,,7,,manual_product,50756945215827,30.00,,22.00,(£22) Large Planner,cached variant_price differs,New weekly planner,9858128675155
1022116,dropdown-5,,8,,manual_product,50757054955859,30.00,,30.00,(£30) Large Planner,,New weekly planner,9858128675155
1022116,dropdown-5,,9,,manual_product,50757054955859,30.00,,30.00,(£30) Large Planner,,New weekly planner,9858128675155
1022116,dropdown-5,,10,,manual_product,50757054955859,30.00,,30.00,(£30) Large Planner,,New weekly planner,9858128675155
1022116,dropdown-6,,Medium,,manual_product,50756938465619,8.00,,8.00,(£8) Medium Planner,,New weekly planner,9858128675155
1022116,dropdown-6,,Large,,manual_product,50756945215827,30.00,,22.00,(£22) Large Planner,cached variant_price differs,New weekly planner,9858128675155
1022116,dropdown-7,,Large,,manual_product,50756945215827,22.00,,22.00,(£22) Large Planner,,New weekly planner,9858128675155
1022116,checkbox-6,,Yes Please,,manual_product,50757392892243,5.95,,5.95,(£5.95) Coloured Pens & Eraser,,New weekly planner,9858128675155
1022116,checkbox-2,,Yes Please,,manual_product,50757012717907,4.95,,4.95,(£4.95) Mounting Strips,,New weekly planner,9858128675155
1022116,checkbox-4,,Yes Please,,manual_product,50756995613011,2.95,,2.95,(£2.95) Twine,,New weekly planner,9858128675155
1017129,select-1,**INCREDIBLE OFFER** Buy a second one FOR £15.95,YES Please,,manual_product,50715052015955,15.95,,15.95,(£15.95) **INCREDIBLE OFFER** Tradie Sign,,Tradie Sign,9849984254291
1017129,checkbox-2,Mounting Strips?,Yes Please,,manual_product,50706678514003,1.95,,1.99,(£1.99) Mounting Strips,cached variant_price differs,Tradie Sign,9849984254291
1017129,checkbox-3,Mounting Strips?,Yes Please,,manual_product,50706678514003,1.95,,1.99,(£1.99) Mounting Strips,cached variant_price differs,Tradie Sign,9849984254291
1015664,checkbox-1,Would you like to add mounting strips?,YES please,,manual_product,50706678514003,1.95,,1.99,(£1.99) Mounting Strips,cached variant_price differs,3D Acrylic Sign,9848268489043
1015664,select-1,**INCREDIBLE OFFER** GET A 2ND SIGN FOR £19.95!,YES please,,manual_product,50090843734355,19.95,,19.95,(+£19.95) **INCREDIBLE OFFER** LASER SIGN,,3D Acrylic Sign,9848268489043
1015664,checkbox-2,Would you like to add mounting strips?,YES please,,manual_product,50706678514003,1.95,,1.99,(£1.99) Mounting Strips,cached variant_price differs,3D Acrylic Sign,9848268489043
1012034,select-4,,Add White frame ,,manual_product,50112985366867,15.00,,15.00,(+£15) Add WHITE Frame,,Location Print,9836475449683
1012034,select-4,,Add Grey frame,,manual_product,50112991887699,15.00,,15.00,(+£15) Add GREY Frame,,Location Print,9836475449683
1012034,select-5,**INCREDIBLE OFFER** Buy a second one for just £6.95,YES Please,,manual_product,50206675468627,6.95,,6.95,(+£6.95) **INCREDIBLE OFFER** PRINT,,Location Print,9836475449683
1012034,select-6,,Add White frame ,,manual_product,50112985366867,15.00,,15.00,(+£15) Add WHITE Frame,,Location Print,9836475449683
1012034,select-6,,Add Grey frame ,,manual_product,50112991887699,15.00,,15.00,(+£15) Add GREY Frame,,Location Print,9836475449683
1001069,select-1,**INCREDIBLE OFFER** Buy a second one for just £13.95,YES Please,,manual_product,50090979393875,13.95,,13.95,(+£13.95) **INCREDIBLE OFFER**,,Standing Acrylic Heart,9818274267475
992347,select-1,**INCREDIBLE OFFER** Buy a second one for just £3.95,NO Thanks,,manual_product,,,,,,,Bookmark Mother's Day,9807393620307
992347,select-1,,YES Please,,manual_product,50199252336979,3.95,,3.95,(+£3.95) **INCREDIBLE OFFER** BOOKMARK,,Bookmark Mother's Day,9807393620307
991479,dropdown-1,,Large 15 x 15cm ,,manual_product,50086348915027,3.00,,3.00,(+£3) Large Heart,,HEART New Mother's Day Heart,9805517259091
991479,select-1,**INCREDIBLE OFFER** Buy a second one for just £5,NO Thanks,,manual_product,,,,,,,HEART New Mother's Day Heart,9805517259091
991479,select-1,,YES Please,,manual_product,50199462838611,5.00,,5.00,(+£5) **INCREDIBLE OFFER** DECORATION,,HEART New Mother's Day Heart,9805517259091
991479,dropdown-5,,Large 15 x 15cm,,manual_product,50086348915027,3.00,,3.00,(+£3) Large Heart,,HEART New Mother's Day Heart,9805517259091
991479,checkbox-1,Checkbox,Yes Please,,manual_product,50335680889171,6.95,,,,linked variant not in active catalogue,HEART New Mother's Day Heart,9805517259091
984827,select-13,*SALE* Buy a second one for just £10.95 ,YES Please,,manual_product,50201961693523,10.95,,10.95,(+£10.95) **INCREDIBLE OFFER** DECORATION,,HEART Teacher,9707965776211
960683,select-1,**INCREDIBLE OFFER** Buy a second one for just £21.95,YES Please,,manual_product,50201961693523,21.95,,10.95,(+£10.95) **INCREDIBLE OFFER** DECORATION,cached variant_price differs; label amount differs; inspect total/increment semantics,Full personalised Light up Hearts,9780626456915
960669,select-1,**INCREDIBLE OFFER** Buy a second one for just £21.95,YES Please,,manual_product,50466698789203,21.95,,21.95,(+£21.95) **INCREDIBLE OFFER** DECORATION,,Light up Hearts,9780592771411
952360,checkbox-1,Add branded gift box,YES please gift box my bracelet ,,manual_product,50089862267219,2.00,,2.00,(+£2) Gift Box,,Mother's Day Bead Stretch Charm Bracelet,9771522294099
952360,select-11,**INCREDIBLE OFFER** Buy a second one for just £9.95,YES Please,,manual_product,50100810088787,9.95,,,,linked variant not in active catalogue,Mother's Day Bead Stretch Charm Bracelet,9771522294099
952360,checkbox-3,Add branded gift box,YES please gift box my bracelet ,,manual_product,50089862267219,2.00,,2.00,(+£2) Gift Box,,Mother's Day Bead Stretch Charm Bracelet,9771522294099
903544,dropdown-1,Size of heart,Small 10 x 10cm (£14.95),,manual_product,,,,,,,HEART Silver anniversary,9436273246547
903544,dropdown-1,,Large 15 x 15cm (£17.95),,manual_product,50086348915027,3.00,,3.00,(+£3) Large Heart,label amount differs; inspect total/increment semantics,HEART Silver anniversary,9436273246547
903544,select-1,**INCREDIBLE OFFER** Buy a second one for just £10.95,NO Thanks,,manual_product,,,,,,,HEART Silver anniversary,9436273246547
903544,select-1,,YES Please,,manual_product,50201961693523,10.95,,10.95,(+£10.95) **INCREDIBLE OFFER** DECORATION,,HEART Silver anniversary,9436273246547
903544,dropdown-4,Dropdown 2,Small 10 x 10cm (£10.95),,manual_product,,,,,,,HEART Silver anniversary,9436273246547
903544,dropdown-4,,Large 15 x 15cm (£13.95),,manual_product,50086348915027,3.00,,3.00,(+£3) Large Heart,label amount differs; inspect total/increment semantics,HEART Silver anniversary,9436273246547
903539,dropdown-1,Size of heart,Small 10 x 10cm (£14.95),,manual_product,,,,,,,HEART Ruby anniversary,9436273017171
903539,dropdown-1,,Large 15 x 15cm (£17.95),,manual_product,50086348915027,3.00,,3.00,(+£3) Large Heart,label amount differs; inspect total/increment semantics,HEART Ruby anniversary,9436273017171
903539,select-1,**INCREDIBLE OFFER** Buy a second one for just £10.95,NO Thanks,,manual_product,,,,,,,HEART Ruby anniversary,9436273017171
903539,select-1,,YES Please,,manual_product,50201961693523,10.95,,10.95,(+£10.95) **INCREDIBLE OFFER** DECORATION,,HEART Ruby anniversary,9436273017171
903539,dropdown-4,Dropdown 2,Small 10 x 10cm (£10.95),,manual_product,,,,,,,HEART Ruby anniversary,9436273017171
903539,dropdown-4,,Large 15 x 15cm (£13.95),,manual_product,50086348915027,3.00,,3.00,(+£3) Large Heart,label amount differs; inspect total/increment semantics,HEART Ruby anniversary,9436273017171
903538,dropdown-1,Size of heart,Small 10 x 10cm (£14.95),,manual_product,,,,,,,HEART golden anniversary,9436269216083
903538,dropdown-1,,Large 15 x 15cm (£17.95),,manual_product,50086348915027,3.00,,3.00,(+£3) Large Heart,label amount differs; inspect total/increment semantics,HEART golden anniversary,9436269216083
903538,select-1,**INCREDIBLE OFFER** Buy a second one for just £10.95,NO Thanks,,manual_product,,,,,,,HEART golden anniversary,9436269216083
903538,select-1,,YES Please,,manual_product,50201961693523,10.95,,10.95,(+£10.95) **INCREDIBLE OFFER** DECORATION,,HEART golden anniversary,9436269216083
903538,dropdown-4,Dropdown 2,Small 10 x 10cm (£10.95),,manual_product,,,,,,,HEART golden anniversary,9436269216083
903538,dropdown-4,,Large 15 x 15cm (£13.95),,manual_product,50086348915027,3.00,,3.00,(+£3) Large Heart,label amount differs; inspect total/increment semantics,HEART golden anniversary,9436269216083
903531,dropdown-1,Size of heart,Small 10 x 10cm (£14.95),,manual_product,,,,,,,HEART Proposal love at XMAS,9683146342739
903531,dropdown-1,,Large 15 x 15cm (£17.95),,manual_product,50086348915027,3.00,,3.00,(+£3) Large Heart,label amount differs; inspect total/increment semantics,HEART Proposal love at XMAS,9683146342739
903531,select-1,**INCREDIBLE OFFER** Buy a second one for just £10.95,YES Please,,manual_product,50201961693523,10.95,,10.95,(+£10.95) **INCREDIBLE OFFER** DECORATION,,HEART Proposal love at XMAS,9683146342739
903531,dropdown-4,Dropdown 2,Small 10 x 10cm (£10.95),,manual_product,,,,,,,HEART Proposal love at XMAS,9683146342739
903531,dropdown-4,,Large 15 x 15cm (£13.95),,manual_product,50086348915027,3.00,,3.00,(+£3) Large Heart,label amount differs; inspect total/increment semantics,HEART Proposal love at XMAS,9683146342739
903529,dropdown-1,Size of heart,Small 10 x 10cm (£14.95),,manual_product,,,,,,,HEART Wedding love tree,9436260139347
903529,dropdown-1,,Large 15 x 15cm (£17.95),,manual_product,50086348915027,3.00,,3.00,(+£3) Large Heart,label amount differs; inspect total/increment semantics,HEART Wedding love tree,9436260139347
903529,select-1,**INCREDIBLE OFFER** Buy a second one for just £10.95,YES Please,,manual_product,50201961693523,10.95,,10.95,(+£10.95) **INCREDIBLE OFFER** DECORATION,,HEART Wedding love tree,9436260139347
903529,dropdown-4,Dropdown 2,Small 10 x 10cm (£10.95),,manual_product,,,,,,,HEART Wedding love tree,9436260139347
903529,dropdown-4,,Large 15 x 15cm (£13.95),,manual_product,50086348915027,3.00,,3.00,(+£3) Large Heart,label amount differs; inspect total/increment semantics,HEART Wedding love tree,9436260139347
903522,select-1,,5 (Large heart +£3),,manual_product,50089716711763,3.00,,3.00,(+£3) Large Decoration,,HEART Love at xmas Family,9683125469523
903522,select-1,,6 (Large heart +£3),,manual_product,50089716711763,3.00,,3.00,(+£3) Large Decoration,,HEART Love at xmas Family,9683125469523
903522,select-1,,7 (Large heart +£5),,manual_product,50089350136147,5.00,,5.00,(+£5) 7/8 pebbles,,HEART Love at xmas Family,9683125469523
903522,select-1,,8 (Large heart +£5),,manual_product,50089350136147,5.00,,5.00,(+£5) 7/8 pebbles,,HEART Love at xmas Family,9683125469523
903522,select-24,Size of heart,Small 10 x 10cm (£14.95),,manual_product,,,,,,,HEART Love at xmas Family,9683125469523
903522,select-24,,Large 15 x 15cm (£17.95),,manual_product,50086348915027,3.00,,3.00,(+£3) Large Heart,label amount differs; inspect total/increment semantics,HEART Love at xmas Family,9683125469523
903522,select-13,**INCREDIBLE OFFER** Buy a second one for just £10.95,YES Please,,manual_product,50201961693523,10.95,,10.95,(+£10.95) **INCREDIBLE OFFER** DECORATION,,HEART Love at xmas Family,9683125469523
903522,select-25,,5 (Large heart),,manual_product,50089716711763,3.00,,3.00,(+£3) Large Decoration,,HEART Love at xmas Family,9683125469523
903522,select-25,,6 (Large heart),,manual_product,50089716711763,3.00,,3.00,(+£3) Large Decoration,,HEART Love at xmas Family,9683125469523
903522,select-25,,7 (Large heart),,manual_product,50089350136147,5.00,,5.00,(+£5) 7/8 pebbles,,HEART Love at xmas Family,9683125469523
903522,select-25,,8 (Large heart),,manual_product,50089350136147,5.00,,5.00,(+£5) 7/8 pebbles,,HEART Love at xmas Family,9683125469523
903522,select-26,Select 10,Small 10 x 10cm (£10.95),,manual_product,,,,,,,HEART Love at xmas Family,9683125469523
903522,select-26,,Large 15 x 15cm (£13.95),,manual_product,50086348915027,3.00,,3.00,(+£3) Large Heart,label amount differs; inspect total/increment semantics,HEART Love at xmas Family,9683125469523
903519,select-1,,5 (Large heart +£3),,manual_product,50089716711763,3.00,,3.00,(+£3) Large Decoration,,HEART Family Blossom,9436250898771
903519,select-1,,6 (Large heart +£3),,manual_product,50089716711763,3.00,,3.00,(+£3) Large Decoration,,HEART Family Blossom,9436250898771
903519,select-1,,7 (Large heart +£5),,manual_product,50089350136147,5.00,,5.00,(+£5) 7/8 pebbles,,HEART Family Blossom,9436250898771
903519,select-1,,8 (Large heart +£5),,manual_product,50089350136147,5.00,,5.00,(+£5) 7/8 pebbles,,HEART Family Blossom,9436250898771
903519,select-24,Size of heart,Small 10 x 10cm (£14.95),,manual_product,,,,,,,HEART Family Blossom,9436250898771
903519,select-24,,Large 15 x 15cm (£17.95),,manual_product,50086348915027,3.00,,3.00,(+£3) Large Heart,label amount differs; inspect total/increment semantics,HEART Family Blossom,9436250898771
903519,select-13,**INCREDIBLE OFFER** Buy a second one for just £10.95,YES Please,,manual_product,50201961693523,10.95,,10.95,(+£10.95) **INCREDIBLE OFFER** DECORATION,,HEART Family Blossom,9436250898771
903519,select-25,,5 (Large heart),,manual_product,50089716711763,3.00,,3.00,(+£3) Large Decoration,,HEART Family Blossom,9436250898771
903519,select-25,,6 (Large heart),,manual_product,50089716711763,3.00,,3.00,(+£3) Large Decoration,,HEART Family Blossom,9436250898771
903519,select-25,,7 (Large heart),,manual_product,50089350136147,5.00,,5.00,(+£5) 7/8 pebbles,,HEART Family Blossom,9436250898771
903519,select-25,,8 (Large heart),,manual_product,50089350136147,5.00,,5.00,(+£5) 7/8 pebbles,,HEART Family Blossom,9436250898771
903519,select-26,Select 10,Small 10 x 10cm (£10.95),,manual_product,,,,,,,HEART Family Blossom,9436250898771
903519,select-26,,Large 15 x 15cm (£13.95),,manual_product,50086348915027,3.00,,3.00,(+£3) Large Heart,label amount differs; inspect total/increment semantics,HEART Family Blossom,9436250898771
903514,dropdown-1,Size of heart,Small 10 x 10cm (£14.95),,manual_product,,,,,,,Pet 1st XMAS heart,9436272886099
903514,dropdown-1,,Large 15 x 15cm (£17.95),,manual_product,50089716711763,3.00,,3.00,(+£3) Large Decoration,label amount differs; inspect total/increment semantics,Pet 1st XMAS heart,9436272886099
903514,select-1,**INCREDIBLE OFFER** Buy a second one for just £10.95,YES Please,,manual_product,50201961693523,10.95,,10.95,(+£10.95) **INCREDIBLE OFFER** DECORATION,,Pet 1st XMAS heart,9436272886099
903514,dropdown-4,Dropdown 2,Small 10 x 10cm (£10.95),,manual_product,,,,,,,Pet 1st XMAS heart,9436272886099
903514,dropdown-4,,Large 15 x 15cm (£13.95),,manual_product,50089716711763,3.00,,3.00,(+£3) Large Decoration,label amount differs; inspect total/increment semantics,Pet 1st XMAS heart,9436272886099
903511,dropdown-1,Size of heart,Small 10 x 10cm (£14.95),,manual_product,,,,,,,XMAS pet remembrance heart,9436261024083
903511,dropdown-1,,Large 15 x 15cm (£17.95),,manual_product,50089716711763,3.00,,3.00,(+£3) Large Decoration,label amount differs; inspect total/increment semantics,XMAS pet remembrance heart,9436261024083
903511,select-1,**INCREDIBLE OFFER** Buy a second one for just £10.95,YES Please,,manual_product,50201961693523,10.95,,10.95,(+£10.95) **INCREDIBLE OFFER** DECORATION,,XMAS pet remembrance heart,9436261024083
903511,dropdown-4,Dropdown 2,Small 10 x 10cm (£10.95),,manual_product,,,,,,,XMAS pet remembrance heart,9436261024083
903511,dropdown-4,,Large 15 x 15cm (£13.95),,manual_product,50089716711763,3.00,,3.00,(+£3) Large Decoration,label amount differs; inspect total/increment semantics,XMAS pet remembrance heart,9436261024083
903474,select-1,,5 (Large heart),,manual_product,50089716711763,3.00,,3.00,(+£3) Large Decoration,,HEART FirstXmasAsMummyDaddy,9436228976979
903474,select-1,,6 (Large heart),,manual_product,50089716711763,3.00,,3.00,(+£3) Large Decoration,,HEART FirstXmasAsMummyDaddy,9436228976979
903474,select-1,,7 (Large heart),,manual_product,50089350136147,5.00,,5.00,(+£5) 7/8 pebbles,,HEART FirstXmasAsMummyDaddy,9436228976979
903474,select-1,,8 (Large heart),,manual_product,50089350136147,5.00,,5.00,(+£5) 7/8 pebbles,,HEART FirstXmasAsMummyDaddy,9436228976979
903474,select-24,,Large 15 x 15cm ,,manual_product,50089716711763,3.00,,3.00,(+£3) Large Decoration,,HEART FirstXmasAsMummyDaddy,9436228976979
903474,select-13,**INCREDIBLE OFFER** Buy a second one for just £10.95,YES Please,,manual_product,50201961693523,10.95,,10.95,(+£10.95) **INCREDIBLE OFFER** DECORATION,,HEART FirstXmasAsMummyDaddy,9436228976979
903474,select-25,,5 (Large heart),,manual_product,50089716711763,3.00,,3.00,(+£3) Large Decoration,,HEART FirstXmasAsMummyDaddy,9436228976979
903474,select-25,,6 (Large heart),,manual_product,50089716711763,3.00,,3.00,(+£3) Large Decoration,,HEART FirstXmasAsMummyDaddy,9436228976979
903474,select-25,,7 (Large heart),,manual_product,50089350136147,5.00,,5.00,(+£5) 7/8 pebbles,,HEART FirstXmasAsMummyDaddy,9436228976979
903474,select-25,,8 (Large heart),,manual_product,50089350136147,5.00,,5.00,(+£5) 7/8 pebbles,,HEART FirstXmasAsMummyDaddy,9436228976979
903474,select-35,,Large 15 x 15cm ,,manual_product,50089716711763,3.00,,3.00,(+£3) Large Decoration,,HEART FirstXmasAsMummyDaddy,9436228976979
903420,select-1,,5 (Large heart +£3),,manual_product,50089716711763,3.00,,3.00,(+£3) Large Decoration,,Merry & Bright,9436261843283
903420,select-1,,6 (Large heart +£3),,manual_product,50089716711763,3.00,,3.00,(+£3) Large Decoration,,Merry & Bright,9436261843283
903420,select-1,,7 (Large heart +£5),,manual_product,50089350136147,5.00,,5.00,(+£5) 7/8 pebbles,,Merry & Bright,9436261843283
903420,select-1,,8 (Large heart +£5),,manual_product,50089350136147,5.00,,5.00,(+£5) 7/8 pebbles,,Merry & Bright,9436261843283
903420,select-24,Size of decoration,Small 10 x 10cm (£15.95),,manual_product,,,,,,,Merry & Bright,9436261843283
903420,select-24,,Large 15 x 15cm (£18.95),,manual_product,50089716711763,3.00,,3.00,(+£3) Large Decoration,label amount differs; inspect total/increment semantics,Merry & Bright,9436261843283
903420,select-13,**INCREDIBLE OFFER** Buy a second one for just £10.95,YES Please,,manual_product,50201961693523,10.95,,10.95,(+£10.95) **INCREDIBLE OFFER** DECORATION,,Merry & Bright,9436261843283
903420,select-25,,5 (Large heart +£3),,manual_product,50089716711763,3.00,,3.00,(+£3) Large Decoration,,Merry & Bright,9436261843283
903420,select-25,,6 (Large heart +£3),,manual_product,50089716711763,3.00,,3.00,(+£3) Large Decoration,,Merry & Bright,9436261843283
903420,select-25,,7 (Large heart +£5),,manual_product,50089350136147,5.00,,5.00,(+£5) 7/8 pebbles,,Merry & Bright,9436261843283
903420,select-25,,8 (Large heart +£5),,manual_product,50089350136147,5.00,,5.00,(+£5) 7/8 pebbles,,Merry & Bright,9436261843283
903420,select-26,Size of decoration,Small 10 x 10cm (£10.95),,manual_product,,,,,,,Merry & Bright,9436261843283
903420,select-26,,Large 15 x 15cm (£13.95),,manual_product,50089716711763,3.00,,3.00,(+£3) Large Decoration,label amount differs; inspect total/increment semantics,Merry & Bright,9436261843283
903398,select-1,**INCREDIBLE OFFER** Buy a second one for just £5,YES Please,,manual_product,50090091020627,5.00,,5.00,(+£5) **INCREDIBLE OFFER** POEM,,Teacher poem heart,9436275573075
903394,select-1,**INCREDIBLE OFFER** Buy a second one for just £5,YES Please,,manual_product,50090091020627,5.00,,5.00,(+£5) **INCREDIBLE OFFER** POEM,,Teacher poem Floral heart,9436267217235
903389,select-1,**INCREDIBLE OFFER** Buy a second one for just £2,YES Please,,manual_product,50090127393107,2.00,,2.00,(+£2) **INCREDIBLE OFFER** KEYRING,,Teacher star keyring pencil,9436273410387
903378,select-1,**INCREDIBLE OFFER** Buy a second one for just £5.95!,YES Please,,manual_product,50199409230163,5.95,,5.95,(+£5.95) **INCREDIBLE OFFER** COASTER,,Good teachers Coaster,9436252897619
903368,select-1,"**INCREDIBLE OFFER** Buy a second hanger for just £10,95",YES Please,,manual_product,50086479429971,10.95,,10.95,(+£10.95) **INCREDIBLE OFFER** BOARD,label amount differs; inspect total/increment semantics,Caution golf dad,9436263612755
903367,select-1,"**INCREDIBLE OFFER** Buy a second hanger for just £10,95",YES Please,,manual_product,50086479429971,10.95,,10.95,(+£10.95) **INCREDIBLE OFFER** BOARD,label amount differs; inspect total/increment semantics,Caution footy dad,9436263481683
903363,select-1,"**INCREDIBLE OFFER** Buy a second hanger for just £10,95",YES Please,,manual_product,50086479429971,10.95,,10.95,(+£10.95) **INCREDIBLE OFFER** BOARD,label amount differs; inspect total/increment semantics,Caution serial farter,9436264169811
903359,select-1,"**INCREDIBLE OFFER** Buy a second hanger for just £10,95",YES Please,,manual_product,50086479429971,10.95,,10.95,(+£10.95) **INCREDIBLE OFFER** BOARD,label amount differs; inspect total/increment semantics,Caution loud music,9436264137043
903357,select-1,"**INCREDIBLE OFFER** Buy a second hanger for just £10,95",YES Please,,manual_product,50086479429971,10.95,,10.95,(+£10.95) **INCREDIBLE OFFER** BOARD,label amount differs; inspect total/increment semantics,Caution hangover,9436263776595
903353,select-1,"**INCREDIBLE OFFER** Buy a second hanger for just £10,95",YES Please,,manual_product,50086479429971,10.95,,10.95,(+£10.95) **INCREDIBLE OFFER** BOARD,label amount differs; inspect total/increment semantics,Caution grumpy old git,9436263678291
903350,select-1,"**INCREDIBLE OFFER** Buy a second hanger for just £10,95",YES Please,,manual_product,50086479429971,10.95,,10.95,(+£10.95) **INCREDIBLE OFFER** BOARD,label amount differs; inspect total/increment semantics,Caution genius at work,9436263514451
903332,select-1,**INCREDIBLE OFFER** Buy a second one for  just £16,YES Please,,manual_product,50199760470355,16.00,,16.00,(+£16) **INCREDIBLE OFFER** BOTTLE OPENER,,Special Birthday premium quality Bottle,9436288057683
903324,select-1,**INCREDIBLE OFFER** Buy a second sign for just £12.95,YES Please,,manual_product,50088979661139,12.95,,12.95,(+£12.95) **INCREDIBLE OFFER** GARDEN,,Garden SHED/MANCAVE,9436256764243
903319,select-1,**INCREDIBLE OFFER** Buy a second sign for just £12.95,YES Please,,manual_product,50088979661139,12.95,,12.95,(+£12.95) **INCREDIBLE OFFER** GARDEN,,Garden HOT TUB,9436253585747
903315,select-1,**INCREDIBLE OFFER** Buy a second sign for just £12.95,YES Please,,manual_product,50088979661139,12.95,,12.95,(+£12.95) **INCREDIBLE OFFER** GARDEN,,Garden GARDEN,9436252799315
903270,select-1,"**INCREDIBLE OFFER** Buy a second sign for just £12,95",YES Please,,manual_product,50088979661139,12.95,,12.95,(+£12.95) **INCREDIBLE OFFER** GARDEN,label amount differs; inspect total/increment semantics,DAD Beer Garden,9436265939283
903263,select-1,**INCREDIBLE OFFER** Buy a second sign for just £12.95,YES Please,,manual_product,50088979661139,12.95,,12.95,(+£12.95) **INCREDIBLE OFFER** GARDEN,,Garden POOL SIDE,9436256108883
903260,select-1,**INCREDIBLE OFFER** Buy a second sign for just £12.95,YES Please,,manual_product,50088979661139,12.95,,12.95,(+£12.95) **INCREDIBLE OFFER** GARDEN,,Garden PATIO BAR,9436256043347
903255,select-1,**INCREDIBLE OFFER** Buy a second sign for just £12.95,YES Please,,manual_product,50088979661139,12.95,,12.95,(+£12.95) **INCREDIBLE OFFER** GARDEN,,Garden DECK,9436249653587
903237,select-2,Size of heart,Small 10 x 10cm (£9.95),,manual_product,,,,,,,Grandparent poem,9436254962003
903237,select-2,,Large 15 x 15cm (£14.95),,manual_product,50090091020627,5.00,,5.00,(+£5) **INCREDIBLE OFFER** POEM,label amount differs; inspect total/increment semantics,Grandparent poem,9436254962003
903237,select-1,**INCREDIBLE OFFER** Buy a second heart for just £5!,YES Please,,manual_product,50090091020627,5.00,,5.00,(+£5) **INCREDIBLE OFFER** POEM,,Grandparent poem,9436254962003
903237,select-3,Select 2,Small 10 x 10cm (£5),,manual_product,,,,,,,Grandparent poem,9436254962003
903237,select-3,,Large 15 x 15cm (£9),,manual_product,50090091020627,5.00,,5.00,(+£5) **INCREDIBLE OFFER** POEM,label amount differs; inspect total/increment semantics,Grandparent poem,9436254962003
903206,select-1,**INCREDIBLE OFFER** Buy a second coaster for just £5.95,YES Please,,manual_product,50199409230163,5.95,,5.95,(+£5.95) **INCREDIBLE OFFER** COASTER,,GLAMMA coaster,9436216131923
892721,checkbox-1,Add branded gift box,YES please gift box my bracelet,,manual_product,50089862267219,2.00,,2.00,(+£2) Gift Box,,Besties Stretch,9436233892179
892721,checkbox-2,Add matching hair tie,YES please ,,manual_product,50100268269907,1.50,,1.50,(+£1.50) Matching Hair Tie,,Besties Stretch,9436233892179
892721,select-11,**INCREDIBLE OFFER** Buy a second stretch bracelet for £9.95,YES Please,,manual_product,50100810088787,9.95,,,,linked variant not in active catalogue,Besties Stretch,9436233892179
892721,checkbox-3,Add branded gift box,YES please gift box my bracelet,,manual_product,50089862267219,2.00,,2.00,(+£2) Gift Box,,Besties Stretch,9436233892179
892721,checkbox-4,Add matching hair tie,YES please ,,manual_product,50100268269907,1.50,,1.50,(+£1.50) Matching Hair Tie,,Besties Stretch,9436233892179
892605,checkbox-1,Add branded gift box,YES please gift box my bracelet,,manual_product,50089862267219,2.00,,2.00,(+£2) Gift Box,,You got this stretch,9436290515283
892605,checkbox-2,Add matching hair tie,YES please,,manual_product,50100268269907,1.50,,1.50,(+£1.50) Matching Hair Tie,,You got this stretch,9436290515283
892605,select-11,**INCREDIBLE OFFER** Buy a second stretch bracelet for £9.95,YES Please,,manual_product,50100810088787,9.95,,,,linked variant not in active catalogue,You got this stretch,9436290515283
892605,checkbox-3,Add branded gift box,YES please gift box my bracelet,,manual_product,50089862267219,2.00,,2.00,(+£2) Gift Box,,You got this stretch,9436290515283
892605,checkbox-4,Add matching hair tie,YES please,,manual_product,50100268269907,1.50,,1.50,(+£1.50) Matching Hair Tie,,You got this stretch,9436290515283
892604,checkbox-1,Add branded gift box,YES please gift box my bracelet,,manual_product,50089862267219,2.00,,2.00,(+£2) Gift Box,,So proud of you stretch,9436283863379
892604,checkbox-2,Add matching hair tie,YES please,,manual_product,50100268269907,1.50,,1.50,(+£1.50) Matching Hair Tie,,So proud of you stretch,9436283863379
892604,select-11,**INCREDIBLE OFFER** Buy a second stretch bracelet for £9.95,YES Please,,manual_product,50100810088787,9.95,,,,linked variant not in active catalogue,So proud of you stretch,9436283863379
892604,checkbox-3,Add branded gift box,YES please gift box my bracelet,,manual_product,50089862267219,2.00,,2.00,(+£2) Gift Box,,So proud of you stretch,9436283863379
892604,checkbox-4,Add matching hair tie,YES please,,manual_product,50100268269907,1.50,,1.50,(+£1.50) Matching Hair Tie,,So proud of you stretch,9436283863379
892603,checkbox-1,Add branded gift box,YES please gift box my bracelet,,manual_product,50089862267219,2.00,,2.00,(+£2) Gift Box,,Maid of honour stretch,9436218425683
892603,checkbox-2,Add matching hair tie,YES please,,manual_product,50100268269907,1.50,,1.50,(+£1.50) Matching Hair Tie,,Maid of honour stretch,9436218425683
892603,select-11,**INCREDIBLE OFFER** Buy a second stretch bracelet for £9.95,YES Please,,manual_product,50100810088787,9.95,,,,linked variant not in active catalogue,Maid of honour stretch,9436218425683
892603,checkbox-3,Add branded gift box,YES please gift box my bracelet,,manual_product,50089862267219,2.00,,2.00,(+£2) Gift Box,,Maid of honour stretch,9436218425683
892603,checkbox-4,Add matching hair tie,YES please,,manual_product,50100268269907,1.50,,1.50,(+£1.50) Matching Hair Tie,,Maid of honour stretch,9436218425683
892602,checkbox-1,Add branded gift box,YES please gift box my bracelet,,manual_product,50089862267219,2.00,,2.00,(+£2) Gift Box,,Flower girl stretch,9436215378259
892602,checkbox-2,Add matching hair tie,YES please,,manual_product,50100268269907,1.50,,1.50,(+£1.50) Matching Hair Tie,,Flower girl stretch,9436215378259
892602,select-11,**INCREDIBLE OFFER** Buy a second stretch bracelet for £9.95,YES Please,,manual_product,50100810088787,9.95,,,,linked variant not in active catalogue,Flower girl stretch,9436215378259
892602,checkbox-3,Add branded gift box,YES please gift box my bracelet,,manual_product,50089862267219,2.00,,2.00,(+£2) Gift Box,,Flower girl stretch,9436215378259
892602,checkbox-4,Add matching hair tie,YES please,,manual_product,50100268269907,1.50,,1.50,(+£1.50) Matching Hair Tie,,Flower girl stretch,9436215378259
892547,select-2,,Large (57x12x0.3cm),,manual_product,50201180930387,6.00,,10.45,(+£10.45) Large Street Sign,cached variant_price differs,Man cave street sign,9436230615379
892547,select-3,,Large (57x12x0.3cm),,manual_product,50201180930387,6.00,,10.45,(+£10.45) Large Street Sign,cached variant_price differs,Man cave street sign,9436230615379
892547,checkbox-1,Mounting Strips?,Yes Please,,manual_product,50706678514003,1.95,,1.99,(£1.99) Mounting Strips,cached variant_price differs,Man cave street sign,9436230615379
892547,checkbox-2,Mounting Strips?,Yes Please,,manual_product,50706678514003,1.95,,1.99,(£1.99) Mounting Strips,cached variant_price differs,Man cave street sign,9436230615379
892545,select-2,,Large (57x12x0.3cm),,manual_product,50706730254675,6.00,,,,linked variant not in active catalogue,Create your own Street Sign,9436230418771
892545,checkbox-4,**INCREDIBLE OFFER** GET A 2ND SIGN FOR HALF PRICE!,Yes Please,,manual_product,52007720485203,9.00,,7.45,(£7.45) Small Street Sign,cached variant_price differs,Create your own Street Sign,9436230418771
892545,checkbox-5,**INCREDIBLE OFFER** GET A 2ND SIGN FOR HALF PRICE!,Yes Please,,manual_product,50201180930387,12.45,,10.45,(+£10.45) Large Street Sign,cached variant_price differs,Create your own Street Sign,9436230418771
892545,checkbox-1,Mounting Strips? (Recommended),Yes Please,,manual_product,50706678514003,1.95,,1.99,(£1.99) Mounting Strips,cached variant_price differs,Create your own Street Sign,9436230418771
892545,checkbox-2,Mounting Strips? (Recommended),Yes Please,,manual_product,51217275584851,3.90,,3.90,(£3.90) Mounting Strips,,Create your own Street Sign,9436230418771
892545,checkbox-6,Gift Wrap Kit?,Yes Please,,manual_product,53802540171603,3.95,,5.95,Gift Wrap Kit – Ivory & Twine,cached variant_price differs,Create your own Street Sign,9436230418771
892545,checkbox-7,2nd Gift Wrap Kit?,Yes Please,,manual_product,53802540171603,3.95,,5.95,Gift Wrap Kit – Ivory & Twine,cached variant_price differs,Create your own Street Sign,9436230418771
892544,dropdown-3,,Large (57x12x0.3cm),,manual_product,50706730254675,6.00,,,,linked variant not in active catalogue,Sexy & I Mow it sign,9436229992787
892544,checkbox-2,**INCREDIBLE OFFER** Buy a second one for HALF PRICE!,Yes Please ,,manual_product,52007720485203,9.00,,7.45,(£7.45) Small Street Sign,cached variant_price differs,Sexy & I Mow it sign,9436229992787
892544,checkbox-3,**INCREDIBLE OFFER** Buy a second one for HALF PRICE!,Yes Please ,,manual_product,50201180930387,12.45,,10.45,(+£10.45) Large Street Sign,cached variant_price differs,Sexy & I Mow it sign,9436229992787
892544,checkbox-1,Mounting Strips? (Recommended),Yes Please ,,manual_product,50706678514003,1.95,,1.99,(£1.99) Mounting Strips,cached variant_price differs,Sexy & I Mow it sign,9436229992787
892544,checkbox-4,Mounting Strips?,Yes Please ,,manual_product,51217275584851,3.90,,3.90,(£3.90) Mounting Strips,,Sexy & I Mow it sign,9436229992787
892544,checkbox-5,Gift Wrap Kit?,Yes Please,,manual_product,53802540171603,3.95,,5.95,Gift Wrap Kit – Ivory & Twine,cached variant_price differs,Sexy & I Mow it sign,9436229992787
892544,checkbox-6,2nd Gift Wrap Kit?,Yes Please,,manual_product,53802540171603,3.95,,5.95,Gift Wrap Kit – Ivory & Twine,cached variant_price differs,Sexy & I Mow it sign,9436229992787
892535,select-1,,5 (Large heart),,manual_product,50089716711763,3.00,,3.00,(+£3) Large Decoration,,HEART Friendship,9436269150547
892535,select-1,,6 (Large heart),,manual_product,50089716711763,3.00,,3.00,(+£3) Large Decoration,,HEART Friendship,9436269150547
892535,select-1,,7 (Large heart),,manual_product,50089350136147,5.00,,5.00,(+£5) 7/8 pebbles,,HEART Friendship,9436269150547
892535,select-1,,8 (Large heart),,manual_product,50089350136147,5.00,,5.00,(+£5) 7/8 pebbles,,HEART Friendship,9436269150547
892535,select-24,,Large 15 x 15cm ,,manual_product,50089716711763,3.00,,3.00,(+£3) Large Decoration,,HEART Friendship,9436269150547
892535,select-13,**INCREDIBLE OFFER** Buy a second one for just £10.95,YES Please,,manual_product,50201961693523,10.95,,10.95,(+£10.95) **INCREDIBLE OFFER** DECORATION,,HEART Friendship,9436269150547
892535,select-25,,5 (Large heart),,manual_product,50089716711763,3.00,,3.00,(+£3) Large Decoration,,HEART Friendship,9436269150547
892535,select-25,,6 (Large heart),,manual_product,50089716711763,3.00,,3.00,(+£3) Large Decoration,,HEART Friendship,9436269150547
892535,select-25,,7 (Large heart),,manual_product,50089350136147,5.00,,5.00,(+£5) 7/8 pebbles,,HEART Friendship,9436269150547
892535,select-25,,8 (Large heart),,manual_product,50089350136147,5.00,,5.00,(+£5) 7/8 pebbles,,HEART Friendship,9436269150547
892535,select-35,,Large 15 x 15cm ,,manual_product,50089716711763,3.00,,3.00,(+£3) Large Decoration,,HEART Friendship,9436269150547
892532,select-1,**INCREDIBLE OFFER** Buy a second one for just £15,YES Please,,manual_product,50087097565523,15.00,,15.00,(+£15) **INCREDIBLE OFFER** SIGN,,House rules sign,9436229796179
892532,checkbox-1,Mounting Strips?,YES Please,,manual_product,50706678514003,1.95,,1.99,(£1.99) Mounting Strips,cached variant_price differs,House rules sign,9436229796179
892532,checkbox-2,Mounting Strips?,YES Please,,manual_product,51217275584851,3.90,,3.90,(£3.90) Mounting Strips,,House rules sign,9436229796179
892532,checkbox-3,Tea Light Holder?,YES Please,,manual_product,50335770902867,9.95,,,,linked variant not in active catalogue,House rules sign,9436229796179
892527,select-2,,Large (57x12x0.3cm),,manual_product,50706730254675,6.00,,,,linked variant not in active catalogue,Home street sign,9436229697875
892527,checkbox-4,**INCREDIBLE OFFER** GET A 2ND SIGN FOR HALF PRICE!,Yes Please,,manual_product,52007720485203,9.00,,7.45,(£7.45) Small Street Sign,cached variant_price differs,Home street sign,9436229697875
892527,checkbox-5,**INCREDIBLE OFFER** GET A 2ND SIGN FOR HALF PRICE!,Yes Please,,manual_product,50201180930387,12.45,,10.45,(+£10.45) Large Street Sign,cached variant_price differs,Home street sign,9436229697875
892527,checkbox-1,Mounting Strips?,Yes Please,,manual_product,50706678514003,1.95,,1.99,(£1.99) Mounting Strips,cached variant_price differs,Home street sign,9436229697875
892527,checkbox-2,Mounting Strips?,Yes Please,,manual_product,51217275584851,3.90,,3.90,(£3.90) Mounting Strips,,Home street sign,9436229697875
892527,checkbox-3,Tea Light Holder?,YES Please,,manual_product,50335770902867,9.95,,,,linked variant not in active catalogue,Home street sign,9436229697875
892522,select-2,,Large (57x12x0.3cm),,manual_product,50201180930387,6.00,,10.45,(+£10.45) Large Street Sign,cached variant_price differs,Home bar street sign,9436229501267
892522,select-3,,Large (57x12x0.3cm),,manual_product,50201180930387,6.00,,10.45,(+£10.45) Large Street Sign,cached variant_price differs,Home bar street sign,9436229501267
892522,checkbox-1,Mounting Strips?,Yes Please,,manual_product,50706678514003,1.95,,1.99,(£1.99) Mounting Strips,cached variant_price differs,Home bar street sign,9436229501267
892522,checkbox-2,Mounting Strips?,Yes Please,,manual_product,50706678514003,1.95,,1.99,(£1.99) Mounting Strips,cached variant_price differs,Home bar street sign,9436229501267
892447,select-1,,5 (Large heart),,manual_product,50089716711763,3.00,,3.00,(+£3) Large Decoration,,HEART Sister,9436273344851
892447,select-1,,6 (Large heart),,manual_product,50089716711763,3.00,,3.00,(+£3) Large Decoration,,HEART Sister,9436273344851
892447,select-1,,7 (Large heart),,manual_product,50089350136147,5.00,,5.00,(+£5) 7/8 pebbles,,HEART Sister,9436273344851
892447,select-1,,8 (Large heart),,manual_product,50089350136147,5.00,,5.00,(+£5) 7/8 pebbles,,HEART Sister,9436273344851
892447,select-24,,Large 15 x 15cm ,,manual_product,50089716711763,3.00,,3.00,(+£3) Large Decoration,,HEART Sister,9436273344851
892447,select-13,**INCREDIBLE OFFER** Buy a second one for just £10.95,YES Please,,manual_product,50201961693523,10.95,,10.95,(+£10.95) **INCREDIBLE OFFER** DECORATION,,HEART Sister,9436273344851
892447,select-25,,5 (Large heart),,manual_product,50089716711763,3.00,,3.00,(+£3) Large Decoration,,HEART Sister,9436273344851
892447,select-25,,6 (Large heart),,manual_product,50089716711763,3.00,,3.00,(+£3) Large Decoration,,HEART Sister,9436273344851
892447,select-25,,7 (Large heart),,manual_product,50089350136147,5.00,,5.00,(+£5) 7/8 pebbles,,HEART Sister,9436273344851
892447,select-25,,8 (Large heart),,manual_product,50089350136147,5.00,,5.00,(+£5) 7/8 pebbles,,HEART Sister,9436273344851
892447,select-35,,Large 15 x 15cm ,,manual_product,50089716711763,3.00,,3.00,(+£3) Large Decoration,,HEART Sister,9436273344851
892445,select-1,,5 (Large heart),,manual_product,50089716711763,3.00,,3.00,(+£3) Large Decoration,,HEART Mum,9436271280467
892445,select-1,,6 (Large heart),,manual_product,50089716711763,3.00,,3.00,(+£3) Large Decoration,,HEART Mum,9436271280467
892445,select-1,,7 (Large heart),,manual_product,50089350136147,5.00,,5.00,(+£5) 7/8 pebbles,,HEART Mum,9436271280467
892445,select-1,,8 (Large heart),,manual_product,50089350136147,5.00,,5.00,(+£5) 7/8 pebbles,,HEART Mum,9436271280467
892445,select-24,,Large 15 x 15cm ,,manual_product,50089716711763,3.00,,3.00,(+£3) Large Decoration,,HEART Mum,9436271280467
892445,select-13,**INCREDIBLE OFFER** Buy a second one for just £10.95,YES Please,,manual_product,50201961693523,10.95,,10.95,(+£10.95) **INCREDIBLE OFFER** DECORATION,,HEART Mum,9436271280467
892445,select-25,,5 (Large heart),,manual_product,50089716711763,3.00,,3.00,(+£3) Large Decoration,,HEART Mum,9436271280467
892445,select-25,,6 (Large heart),,manual_product,50089716711763,3.00,,3.00,(+£3) Large Decoration,,HEART Mum,9436271280467
892445,select-25,,7 (Large heart),,manual_product,50089350136147,5.00,,5.00,(+£5) 7/8 pebbles,,HEART Mum,9436271280467
892445,select-25,,8 (Large heart),,manual_product,50089350136147,5.00,,5.00,(+£5) 7/8 pebbles,,HEART Mum,9436271280467
892445,select-35,,Large 15 x 15cm ,,manual_product,50089716711763,3.00,,3.00,(+£3) Large Decoration,,HEART Mum,9436271280467
892445,checkbox-1,,Yes Please,,manual_product,50335680889171,6.95,,,,linked variant not in active catalogue,HEART Mum,9436271280467
892437,select-1,,5 (Large heart),,manual_product,50089716711763,3.00,,3.00,(+£3) Large Decoration,,HEART Thank you,9436275704147
892437,select-1,,6 (Large heart),,manual_product,50089716711763,3.00,,3.00,(+£3) Large Decoration,,HEART Thank you,9436275704147
892437,select-1,,7 (Large heart),,manual_product,50089350136147,5.00,,5.00,(+£5) 7/8 pebbles,,HEART Thank you,9436275704147
892437,select-1,,8 (Large heart),,manual_product,50089350136147,5.00,,5.00,(+£5) 7/8 pebbles,,HEART Thank you,9436275704147
892437,select-24,,Large 15 x 15cm ,,manual_product,50089716711763,3.00,,3.00,(+£3) Large Decoration,,HEART Thank you,9436275704147
892437,select-13,**INCREDIBLE OFFER** Buy a second one for just £10.95,YES Please,,manual_product,50201961693523,10.95,,10.95,(+£10.95) **INCREDIBLE OFFER** DECORATION,,HEART Thank you,9436275704147
892437,select-25,,5 (Large heart),,manual_product,50089716711763,3.00,,3.00,(+£3) Large Decoration,,HEART Thank you,9436275704147
892437,select-25,,6 (Large heart),,manual_product,50089716711763,3.00,,3.00,(+£3) Large Decoration,,HEART Thank you,9436275704147
892437,select-25,,7 (Large heart),,manual_product,50089350136147,5.00,,5.00,(+£5) 7/8 pebbles,,HEART Thank you,9436275704147
892437,select-25,,8 (Large heart),,manual_product,50089350136147,5.00,,5.00,(+£5) 7/8 pebbles,,HEART Thank you,9436275704147
892437,select-35,,Large 15 x 15cm ,,manual_product,50089716711763,3.00,,3.00,(+£3) Large Decoration,,HEART Thank you,9436275704147
892436,select-1,,5 (Large heart),,manual_product,50089716711763,3.00,,3.00,(+£3) Large Decoration,,HEART FirstXmasAsGrannyGrandad,9436229108051
892436,select-1,,6 (Large heart),,manual_product,50089716711763,3.00,,3.00,(+£3) Large Decoration,,HEART FirstXmasAsGrannyGrandad,9436229108051
892436,select-1,,7 (Large heart),,manual_product,50089350136147,5.00,,5.00,(+£5) 7/8 pebbles,,HEART FirstXmasAsGrannyGrandad,9436229108051
892436,select-1,,8 (Large heart),,manual_product,50089350136147,5.00,,5.00,(+£5) 7/8 pebbles,,HEART FirstXmasAsGrannyGrandad,9436229108051
892436,select-24,,Large 15 x 15cm ,,manual_product,50089716711763,3.00,,3.00,(+£3) Large Decoration,,HEART FirstXmasAsGrannyGrandad,9436229108051
892436,select-13,**INCREDIBLE OFFER** Buy a second one for just £10.95,YES Please,,manual_product,50201961693523,10.95,,10.95,(+£10.95) **INCREDIBLE OFFER** DECORATION,,HEART FirstXmasAsGrannyGrandad,9436229108051
892436,select-25,,5 (Large heart),,manual_product,50089716711763,3.00,,3.00,(+£3) Large Decoration,,HEART FirstXmasAsGrannyGrandad,9436229108051
892436,select-25,,6 (Large heart),,manual_product,50089716711763,3.00,,3.00,(+£3) Large Decoration,,HEART FirstXmasAsGrannyGrandad,9436229108051
892436,select-25,,7 (Large heart),,manual_product,50089350136147,5.00,,5.00,(+£5) 7/8 pebbles,,HEART FirstXmasAsGrannyGrandad,9436229108051
892436,select-25,,8 (Large heart),,manual_product,50089350136147,5.00,,5.00,(+£5) 7/8 pebbles,,HEART FirstXmasAsGrannyGrandad,9436229108051
892436,select-35,,Large 15 x 15cm ,,manual_product,50089716711763,3.00,,3.00,(+£3) Large Decoration,,HEART FirstXmasAsGrannyGrandad,9436229108051
892429,select-2,,Large (57x12x0.3cm),,manual_product,52473824117075,6.50,,8.99,Large Street Sign,cached variant_price differs,Grandparent garden street sign,9436229304659
892429,checkbox-4,**INCREDIBLE OFFER** GET A 2ND SIGN FOR £9.95,Yes Please,,manual_product,52473837355347,9.95,,9.95,**INCREDIBLE OFFER - GET A 2ND SIGN FOR £9.95,,Grandparent garden street sign,9436229304659
892429,checkbox-1,Mounting Strips?,Yes Please,,manual_product,50706678514003,1.95,,1.99,(£1.99) Mounting Strips,cached variant_price differs,Grandparent garden street sign,9436229304659
892429,checkbox-5,Gift Wrap Kit?,Yes Please ,,manual_product,53802540171603,3.95,,5.95,Gift Wrap Kit – Ivory & Twine,cached variant_price differs,Grandparent garden street sign,9436229304659
892429,checkbox-6,2nd Gift Wrap Kit?,Yes Please,,manual_product,53802540171603,3.95,,5.95,Gift Wrap Kit – Ivory & Twine,cached variant_price differs,Grandparent garden street sign,9436229304659
892429,checkbox-2,Mounting Strips?,Yes Please,,manual_product,50706678514003,1.95,,1.99,(£1.99) Mounting Strips,cached variant_price differs,Grandparent garden street sign,9436229304659
892428,select-2,,Large (57x12x0.3cm),,manual_product,50201180930387,6.00,,10.45,(+£10.45) Large Street Sign,cached variant_price differs,Grandads shed street sign,9436229140819
892428,select-3,,Large (57x12x0.3cm),,manual_product,50201180930387,6.00,,10.45,(+£10.45) Large Street Sign,cached variant_price differs,Grandads shed street sign,9436229140819
892428,checkbox-1,Mounting Strips?,Yes Please,,manual_product,50706678514003,1.95,,1.99,(£1.99) Mounting Strips,cached variant_price differs,Grandads shed street sign,9436229140819
892428,checkbox-2,Mounting Strips?,Yes Please,,manual_product,50706678514003,1.95,,1.99,(£1.99) Mounting Strips,cached variant_price differs,Grandads shed street sign,9436229140819
892401,checkbox-3,**INCREDIBLE OFFER** GET A 2ND SIGN FOR HALF PRICE!,Yes Please,,manual_product,50201180930387,12.45,,10.45,(+£10.45) Large Street Sign,cached variant_price differs,Trick or treat Street sign,9436257419603
892401,checkbox-1,Mounting Strips?,Yes Please,,manual_product,50706678514003,1.95,,1.99,(£1.99) Mounting Strips,cached variant_price differs,Trick or treat Street sign,9436257419603
892401,checkbox-2,Mounting Strips?,Yes Please,,manual_product,50706678514003,1.95,,1.99,(£1.99) Mounting Strips,cached variant_price differs,Trick or treat Street sign,9436257419603
892399,dropdown-1,Size of heart,Small 10 x 10cm (£14.95),,manual_product,,,,,,,HEART 1st Xmas Together,9436262367571
892399,dropdown-1,,Large 15 x 15cm (£17.95),,manual_product,50086348915027,3.00,,3.00,(+£3) Large Heart,label amount differs; inspect total/increment semantics,HEART 1st Xmas Together,9436262367571
892399,select-1,**INCREDIBLE OFFER** Buy a second one for just £10.95,NO Thanks,,manual_product,,,,,,,HEART 1st Xmas Together,9436262367571
892399,select-1,,YES Please,,manual_product,50201961693523,10.95,,10.95,(+£10.95) **INCREDIBLE OFFER** DECORATION,,HEART 1st Xmas Together,9436262367571
892399,dropdown-4,Dropdown 2,Small 10 x 10cm (£10.95),,manual_product,,,,,,,HEART 1st Xmas Together,9436262367571
892399,dropdown-4,,Large 15 x 15cm (£13.95),,manual_product,50086348915027,3.00,,3.00,(+£3) Large Heart,label amount differs; inspect total/increment semantics,HEART 1st Xmas Together,9436262367571
892396,checkbox-3,**INCREDIBLE OFFER** GET A 2ND SIGN FOR HALF PRICE!,Yes Please,,manual_product,50201180930387,12.45,,10.45,(+£10.45) Large Street Sign,cached variant_price differs,Hocus Pocus Street sign,9436261712211
892396,checkbox-1,Mounting Strips?,Yes Please,,manual_product,50706678514003,1.95,,1.99,(£1.99) Mounting Strips,cached variant_price differs,Hocus Pocus Street sign,9436261712211
892396,checkbox-2,Mounting Strips?,Yes Please,,manual_product,50706678514003,1.95,,1.99,(£1.99) Mounting Strips,cached variant_price differs,Hocus Pocus Street sign,9436261712211
892326,select-2,,Large (57x12cm),,manual_product,50706730254675,6.00,,,,linked variant not in active catalogue,YES DAY Street Sign,9436226322771
892326,checkbox-4,**INCREDIBLE OFFER** GET A 2ND SIGN FOR HALF PRICE!,Yes Please,,manual_product,52007720485203,9.00,,7.45,(£7.45) Small Street Sign,cached variant_price differs,YES DAY Street Sign,9436226322771
892326,checkbox-3,**INCREDIBLE OFFER** GET A 2ND SIGN FOR HALF PRICE!,Yes Please,,manual_product,50201180930387,12.45,,10.45,(+£10.45) Large Street Sign,cached variant_price differs,YES DAY Street Sign,9436226322771
892326,checkbox-1,Mounting Strips?,Yes Please,,manual_product,50706678514003,1.95,,1.99,(£1.99) Mounting Strips,cached variant_price differs,YES DAY Street Sign,9436226322771
892326,checkbox-2,Mounting Strips?,Yes Please,,manual_product,50706678514003,1.95,,1.99,(£1.99) Mounting Strips,cached variant_price differs,YES DAY Street Sign,9436226322771
892324,select-2,,Large (57x12cm),,manual_product,50706730254675,6.00,,,,linked variant not in active catalogue,Retirement Street Sign,9436256567635
892324,checkbox-3,**INCREDIBLE OFFER** GET A 2ND SIGN FOR HALF PRICE !,Yes Please ,,manual_product,52007720485203,9.00,,7.45,(£7.45) Small Street Sign,cached variant_price differs,Retirement Street Sign,9436256567635
892324,checkbox-4,**INCREDIBLE OFFER** GET A 2ND SIGN FOR HALF PRICE !,Yes Please ,,manual_product,50201180930387,12.45,,10.45,(+£10.45) Large Street Sign,cached variant_price differs,Retirement Street Sign,9436256567635
892324,checkbox-1,Mounting Strips?,Yes Please,,manual_product,50706678514003,1.95,,1.99,(£1.99) Mounting Strips,cached variant_price differs,Retirement Street Sign,9436256567635
892324,checkbox-2,Mounting Strips?,Yes Please,,manual_product,50706678514003,1.95,,1.99,(£1.99) Mounting Strips,cached variant_price differs,Retirement Street Sign,9436256567635
892323,select-2,,Large (57x12cm),,manual_product,52473824117075,6.50,,8.99,Large Street Sign,cached variant_price differs,Family Street Sign,9436228845907
892323,checkbox-5,**INCREDIBLE OFFER** GET A 2ND SIGN FOR £9.95,Yes Please,,manual_product,52473837355347,9.95,,9.95,**INCREDIBLE OFFER - GET A 2ND SIGN FOR £9.95,,Family Street Sign,9436228845907
892323,checkbox-2,Mounting Strips? (Recommended),Yes Please,,manual_product,50706678514003,1.95,,1.99,(£1.99) Mounting Strips,cached variant_price differs,Family Street Sign,9436228845907
892323,checkbox-3,Mounting Strips? (Recommended),Yes Please,,manual_product,51217275584851,3.90,,3.90,(£3.90) Mounting Strips,,Family Street Sign,9436228845907
892323,checkbox-6,Gift Wrap Kit?,Yes Please,,manual_product,53802540171603,3.95,,5.95,Gift Wrap Kit – Ivory & Twine,cached variant_price differs,Family Street Sign,9436228845907
892323,checkbox-7,2nd Gift Wrap Kit?,Yes Please,,manual_product,53802540171603,3.95,,5.95,Gift Wrap Kit – Ivory & Twine,cached variant_price differs,Family Street Sign,9436228845907
891706,select-12,,5 ,,manual_product,50089342337363,2.00,,2.00,(+£2) 5/6 stockings,,Grandparent fireplace,9436253126995
891706,select-12,,6 ,,manual_product,50089342337363,2.00,,2.00,(+£2) 5/6 stockings,,Grandparent fireplace,9436253126995
891706,select-12,,7,,manual_product,50201793495379,4.00,,4.00,(+4) 7/8 stockings,,Grandparent fireplace,9436253126995
891706,select-12,,8 ,,manual_product,50201793495379,4.00,,4.00,(+4) 7/8 stockings,,Grandparent fireplace,9436253126995
891706,select-13,**INCREDIBLE OFFER** Buy a second one for just £20,YES Please,,manual_product,50201802244435,20.00,,20.00,(+£20) **INCREDIBLE OFFER** FIREPLACE,,Grandparent fireplace,9436253126995
891706,select-51,,5 ,,manual_product,50089342337363,2.00,,2.00,(+£2) 5/6 stockings,,Grandparent fireplace,9436253126995
891706,select-51,,6 ,,manual_product,50089342337363,2.00,,2.00,(+£2) 5/6 stockings,,Grandparent fireplace,9436253126995
891706,select-51,,7 ,,manual_product,50201793495379,4.00,,4.00,(+4) 7/8 stockings,,Grandparent fireplace,9436253126995
891706,select-51,,8,,manual_product,50201793495379,4.00,,4.00,(+4) 7/8 stockings,,Grandparent fireplace,9436253126995
891699,dropdown-1,Size of heart,Small 10 x 10cm (£14.95),,manual_product,,,,,,,HEART Love at christmas wedding,9683167445331
891699,dropdown-1,,Large 15 x 15cm (£17.95),,manual_product,50089716711763,3.00,,3.00,(+£3) Large Decoration,label amount differs; inspect total/increment semantics,HEART Love at christmas wedding,9683167445331
891699,select-1,**INCREDIBLE OFFER** Buy a second one for just £10.95,YES Please,,manual_product,50201961693523,10.95,,10.95,(+£10.95) **INCREDIBLE OFFER** DECORATION,,HEART Love at christmas wedding,9683167445331
891699,dropdown-4,Dropdown 2,Small 10 x 10cm (£10.95),,manual_product,,,,,,,HEART Love at christmas wedding,9683167445331
891699,dropdown-4,,Large 15 x 15cm (£13.95),,manual_product,50089716711763,3.00,,3.00,(+£3) Large Decoration,label amount differs; inspect total/increment semantics,HEART Love at christmas wedding,9683167445331
891696,dropdown-1,Size of heart,Small 10 x 10cm (£14.95),,manual_product,,,,,,,HEART Beach wedding heart,9436247753043
891696,dropdown-1,,Large 15 x 15cm (£17.95),,manual_product,50089716711763,3.00,,3.00,(+£3) Large Decoration,label amount differs; inspect total/increment semantics,HEART Beach wedding heart,9436247753043
891696,select-1,**INCREDIBLE OFFER** Buy a second one for just £10.95,YES Please,,manual_product,50201961693523,10.95,,10.95,(+£10.95) **INCREDIBLE OFFER** DECORATION,,HEART Beach wedding heart,9436247753043
891696,dropdown-4,Dropdown 2,Small 10 x 10cm (£10.95),,manual_product,,,,,,,HEART Beach wedding heart,9436247753043
891696,dropdown-4,,Large 15 x 15cm (£13.95),,manual_product,50089716711763,3.00,,3.00,(+£3) Large Decoration,label amount differs; inspect total/increment semantics,HEART Beach wedding heart,9436247753043
891680,select-2,,Large (57x12cm),,manual_product,50201180930387,5.00,,10.45,(+£10.45) Large Street Sign,cached variant_price differs,Mum/Nanny Street Sign,9436271870291
891680,select-3,,Large (57x12cm),,manual_product,50201180930387,5.00,,10.45,(+£10.45) Large Street Sign,cached variant_price differs,Mum/Nanny Street Sign,9436271870291
891680,checkbox-1,Mounting Strips?,Yes Please,,manual_product,50706678514003,1.95,,1.99,(£1.99) Mounting Strips,cached variant_price differs,Mum/Nanny Street Sign,9436271870291
891680,checkbox-2,Mounting Strips?,Yes Please,,manual_product,50706678514003,1.95,,1.99,(£1.99) Mounting Strips,cached variant_price differs,Mum/Nanny Street Sign,9436271870291
891671,select-2,,Large (57x12cm),,manual_product,50706730254675,6.00,,,,linked variant not in active catalogue,Our family Street Sign,9436255879507
891671,checkbox-3,**INCREDIBLE OFFER** GET A 2ND SIGN FOR HALF PRICE!,Yes Please,,manual_product,52007720485203,9.00,,7.45,(£7.45) Small Street Sign,cached variant_price differs,Our family Street Sign,9436255879507
891671,checkbox-4,**INCREDIBLE OFFER** GET A 2ND SIGN FOR HALF PRICE!,Yes Please,,manual_product,50201180930387,12.45,,10.45,(+£10.45) Large Street Sign,cached variant_price differs,Our family Street Sign,9436255879507
891671,checkbox-1,Mounting Strips?,Yes Please,,manual_product,50706678514003,1.95,,1.99,(£1.99) Mounting Strips,cached variant_price differs,Our family Street Sign,9436255879507
891671,checkbox-2,Mounting Strips?,Yes Please,,manual_product,51217275584851,3.90,,3.90,(£3.90) Mounting Strips,,Our family Street Sign,9436255879507
891671,checkbox-6,,Yes Please,,manual_product,50335680889171,6.95,,,,linked variant not in active catalogue,Our family Street Sign,9436255879507
891669,select-2,,Large (57x12cm),,manual_product,50706730254675,6.00,,,,linked variant not in active catalogue,Galentines Street Sign,9436255060307
891669,checkbox-3,**INCREDIBLE OFFER** GET A 2ND SIGN FOR HALF PRICE!,Yes Please,,manual_product,52007720485203,9.00,,7.45,(£7.45) Small Street Sign,cached variant_price differs,Galentines Street Sign,9436255060307
891669,checkbox-4,**INCREDIBLE OFFER** GET A 2ND SIGN FOR HALF PRICE!,Yes Please,,manual_product,50201180930387,12.45,,10.45,(+£10.45) Large Street Sign,cached variant_price differs,Galentines Street Sign,9436255060307
891669,checkbox-1,Mounting Strips?,Yes Please,,manual_product,50706678514003,1.95,,1.99,(£1.99) Mounting Strips,cached variant_price differs,Galentines Street Sign,9436255060307
891669,checkbox-2,Mounting Strips?,Yes Please,,manual_product,50706678514003,1.95,,1.99,(£1.99) Mounting Strips,cached variant_price differs,Galentines Street Sign,9436255060307
891659,select-12,,7 (Inc Cat/Dog) ,,manual_product,50189901332819,3.00,,3.00,(+£3) 7/8 Pebbles,,Flutterby pebblescape,9436266824019
891659,select-12,,8 (Inc Cat/Dog) ,,manual_product,50189901332819,3.00,,3.00,(+£3) 7/8 Pebbles,,Flutterby pebblescape,9436266824019
891659,select-12,,9 (Large pebblescape),,manual_product,50090999611731,16.00,,16.00,(+£16) Large Pebblescape,,Flutterby pebblescape,9436266824019
891659,select-12,,10 (Large pebblescape),,manual_product,50090999611731,16.00,,16.00,(+£16) Large Pebblescape,,Flutterby pebblescape,9436266824019
891659,select-12,,11 (Large pebblescape),,manual_product,50189877772627,19.00,,19.00,(+£19) Large Pebblescape,,Flutterby pebblescape,9436266824019
891659,select-12,,12 (Large pebblescape),,manual_product,50189877772627,19.00,,19.00,(+£19) Large Pebblescape,,Flutterby pebblescape,9436266824019
891659,select-50,Size of pebblescape,Small 38cm x 15cm (£24.95),,manual_product,,,,,,,Flutterby pebblescape,9436266824019
891659,select-50,,Large 50cm x 20cm (£34.95),,manual_product,50189649707347,10.00,,10.00,(+£10) LARGE PEBBLESCAPE,label amount differs; inspect total/increment semantics,Flutterby pebblescape,9436266824019
891659,select-13,**INCREDIBLE OFFER** Buy a second one for just £20,YES Please,,manual_product,49576979005779,20.00,,20.00,(+£20) **INCREDIBLE OFFER** PEBBLESCAPE,,Flutterby pebblescape,9436266824019
891659,select-38,,7 (Inc Cat/Dog) ,,manual_product,50189901332819,3.00,,3.00,(+£3) 7/8 Pebbles,,Flutterby pebblescape,9436266824019
891659,select-38,,8 (Inc Cat/Dog) ,,manual_product,50189901332819,3.00,,3.00,(+£3) 7/8 Pebbles,,Flutterby pebblescape,9436266824019
891659,select-38,,9 (Large pebblescape),,manual_product,50090999611731,16.00,,16.00,(+£16) Large Pebblescape,,Flutterby pebblescape,9436266824019
891659,select-38,,10 (Large pebblescape),,manual_product,50090999611731,16.00,,16.00,(+£16) Large Pebblescape,,Flutterby pebblescape,9436266824019
891659,select-38,,11 (Large pebblescape),,manual_product,50189877772627,19.00,,19.00,(+£19) Large Pebblescape,,Flutterby pebblescape,9436266824019
891659,select-38,,12 (Large pebblescape),,manual_product,50189877772627,19.00,,19.00,(+£19) Large Pebblescape,,Flutterby pebblescape,9436266824019
891659,select-51,Select 14,Small 38cm x 15cm (£20),,manual_product,,,,,,,Flutterby pebblescape,9436266824019
891659,select-51,,Large 50cm x 20cm (£30),,manual_product,50189649707347,10.00,,10.00,(+£10) LARGE PEBBLESCAPE,label amount differs; inspect total/increment semantics,Flutterby pebblescape,9436266824019
891657,select-12,,7 (Inc Cat/Dog) ,,manual_product,50189901332819,3.00,,3.00,(+£3) 7/8 Pebbles,,Walk in the park pebblescape,9436257845587
891657,select-12,,8 (Inc Cat/Dog) ,,manual_product,50189901332819,3.00,,3.00,(+£3) 7/8 Pebbles,,Walk in the park pebblescape,9436257845587
891657,select-12,,9 (Large pebblescape),,manual_product,50090999611731,16.00,,16.00,(+£16) Large Pebblescape,,Walk in the park pebblescape,9436257845587
891657,select-12,,10 (Large pebblescape),,manual_product,50090999611731,16.00,,16.00,(+£16) Large Pebblescape,,Walk in the park pebblescape,9436257845587
891657,select-12,,11 (Large pebblescape),,manual_product,50189877772627,19.00,,19.00,(+£19) Large Pebblescape,,Walk in the park pebblescape,9436257845587
891657,select-12,,12 (Large pebblescape),,manual_product,50189877772627,19.00,,19.00,(+£19) Large Pebblescape,,Walk in the park pebblescape,9436257845587
891657,select-50,Size of pebblescape,Small 38cm x 15cm (£24.95),,manual_product,,,,,,,Walk in the park pebblescape,9436257845587
891657,select-50,,Large 50cm x 20cm (£34.95),,manual_product,50189649707347,10.00,,10.00,(+£10) LARGE PEBBLESCAPE,label amount differs; inspect total/increment semantics,Walk in the park pebblescape,9436257845587
891657,select-13,**INCREDIBLE OFFER** Buy a second one for just £20,YES Please,,manual_product,49576979005779,20.00,,20.00,(+£20) **INCREDIBLE OFFER** PEBBLESCAPE,,Walk in the park pebblescape,9436257845587
891657,select-38,,7 (Inc Cat/Dog) ,,manual_product,50189901332819,3.00,,3.00,(+£3) 7/8 Pebbles,,Walk in the park pebblescape,9436257845587
891657,select-38,,8 (Inc Cat/Dog) ,,manual_product,50189901332819,3.00,,3.00,(+£3) 7/8 Pebbles,,Walk in the park pebblescape,9436257845587
891657,select-38,,9 (Large pebblescape),,manual_product,50090999611731,16.00,,16.00,(+£16) Large Pebblescape,,Walk in the park pebblescape,9436257845587
891657,select-38,,10 (Large pebblescape),,manual_product,50090999611731,16.00,,16.00,(+£16) Large Pebblescape,,Walk in the park pebblescape,9436257845587
891657,select-38,,11 (Large pebblescape),,manual_product,50189877772627,19.00,,19.00,(+£19) Large Pebblescape,,Walk in the park pebblescape,9436257845587
891657,select-38,,12 (Large pebblescape),,manual_product,50189877772627,19.00,,19.00,(+£19) Large Pebblescape,,Walk in the park pebblescape,9436257845587
891657,select-51,Select 14,Small 38cm x 15cm (£20),,manual_product,,,,,,,Walk in the park pebblescape,9436257845587
891657,select-51,,Large 50cm x 20cm (£30),,manual_product,50189649707347,10.00,,10.00,(+£10) LARGE PEBBLESCAPE,label amount differs; inspect total/increment semantics,Walk in the park pebblescape,9436257845587
891654,select-12,,7 (Inc Cat/Dog) ,,manual_product,50189901332819,3.00,,3.00,(+£3) 7/8 Pebbles,,True friends pebblescape,9436257681747
891654,select-12,,8 (Inc Cat/Dog) ,,manual_product,50189901332819,3.00,,3.00,(+£3) 7/8 Pebbles,,True friends pebblescape,9436257681747
891654,select-12,,9 (Large pebblescape),,manual_product,50090999611731,16.00,,16.00,(+£16) Large Pebblescape,,True friends pebblescape,9436257681747
891654,select-12,,10 (Large pebblescape),,manual_product,50090999611731,16.00,,16.00,(+£16) Large Pebblescape,,True friends pebblescape,9436257681747
891654,select-12,,11 (Large pebblescape),,manual_product,50189877772627,19.00,,19.00,(+£19) Large Pebblescape,,True friends pebblescape,9436257681747
891654,select-12,,12 (Large pebblescape),,manual_product,50189877772627,19.00,,19.00,(+£19) Large Pebblescape,,True friends pebblescape,9436257681747
891654,select-50,Size of pebblescape,Small 38cm x 15cm (£24.95),,manual_product,,,,,,,True friends pebblescape,9436257681747
891654,select-50,,Large 50cm x 20cm (£34.95),,manual_product,50189649707347,10.00,,10.00,(+£10) LARGE PEBBLESCAPE,label amount differs; inspect total/increment semantics,True friends pebblescape,9436257681747
891654,select-13,**INCREDIBLE OFFER** Buy a second one for just £20,YES Please,,manual_product,49576979005779,20.00,,20.00,(+£20) **INCREDIBLE OFFER** PEBBLESCAPE,,True friends pebblescape,9436257681747
891654,select-38,,7 (Inc Cat/Dog) ,,manual_product,50189901332819,3.00,,3.00,(+£3) 7/8 Pebbles,,True friends pebblescape,9436257681747
891654,select-38,,8 (Inc Cat/Dog) ,,manual_product,50189901332819,3.00,,3.00,(+£3) 7/8 Pebbles,,True friends pebblescape,9436257681747
891654,select-38,,9 (Large pebblescape),,manual_product,50090999611731,16.00,,16.00,(+£16) Large Pebblescape,,True friends pebblescape,9436257681747
891654,select-38,,10 (Large pebblescape),,manual_product,50090999611731,16.00,,16.00,(+£16) Large Pebblescape,,True friends pebblescape,9436257681747
891654,select-38,,11 (Large pebblescape),,manual_product,50189877772627,19.00,,19.00,(+£19) Large Pebblescape,,True friends pebblescape,9436257681747
891654,select-38,,12 (Large pebblescape),,manual_product,50189877772627,19.00,,19.00,(+£19) Large Pebblescape,,True friends pebblescape,9436257681747
891654,select-51,Select 14,Small 38cm x 15cm (£20),,manual_product,,,,,,,True friends pebblescape,9436257681747
891654,select-51,,Large 50cm x 20cm (£30),,manual_product,50189649707347,10.00,,10.00,(+£10) LARGE PEBBLESCAPE,label amount differs; inspect total/increment semantics,True friends pebblescape,9436257681747
891648,select-12,,7 (Inc Cat/Dog) ,,manual_product,50189901332819,3.00,,3.00,(+£3) 7/8 Pebbles,,Home is our happy place pebblescape,9436253389139
891648,select-12,,8 (Inc Cat/Dog) ,,manual_product,50189901332819,3.00,,3.00,(+£3) 7/8 Pebbles,,Home is our happy place pebblescape,9436253389139
891648,select-12,,9 (Large pebblescape),,manual_product,50090999611731,16.00,,16.00,(+£16) Large Pebblescape,,Home is our happy place pebblescape,9436253389139
891648,select-12,,10 (Large pebblescape),,manual_product,50090999611731,16.00,,16.00,(+£16) Large Pebblescape,,Home is our happy place pebblescape,9436253389139
891648,select-12,,11 (Large pebblescape),,manual_product,50189877772627,19.00,,19.00,(+£19) Large Pebblescape,,Home is our happy place pebblescape,9436253389139
891648,select-12,,12 (Large pebblescape),,manual_product,50189877772627,19.00,,19.00,(+£19) Large Pebblescape,,Home is our happy place pebblescape,9436253389139
891648,select-50,Size of pebblescape,Small 38cm x 15cm (£24.95),,manual_product,,,,,,,Home is our happy place pebblescape,9436253389139
891648,select-50,,Large 50cm x 20cm (£34.95),,manual_product,50189649707347,10.00,,10.00,(+£10) LARGE PEBBLESCAPE,label amount differs; inspect total/increment semantics,Home is our happy place pebblescape,9436253389139
891648,select-13,**INCREDIBLE OFFER** Buy a second one for just £20,YES Please,,manual_product,49576979005779,20.00,,20.00,(+£20) **INCREDIBLE OFFER** PEBBLESCAPE,,Home is our happy place pebblescape,9436253389139
891648,select-38,,7 (Inc Cat/Dog) ,,manual_product,50189901332819,3.00,,3.00,(+£3) 7/8 Pebbles,,Home is our happy place pebblescape,9436253389139
891648,select-38,,8 (Inc Cat/Dog) ,,manual_product,50189901332819,3.00,,3.00,(+£3) 7/8 Pebbles,,Home is our happy place pebblescape,9436253389139
891648,select-38,,9 (Large pebblescape),,manual_product,50090999611731,16.00,,16.00,(+£16) Large Pebblescape,,Home is our happy place pebblescape,9436253389139
891648,select-38,,10 (Large pebblescape),,manual_product,50090999611731,16.00,,16.00,(+£16) Large Pebblescape,,Home is our happy place pebblescape,9436253389139
891648,select-38,,11 (Large pebblescape),,manual_product,50189877772627,19.00,,19.00,(+£19) Large Pebblescape,,Home is our happy place pebblescape,9436253389139
891648,select-38,,12 (Large pebblescape),,manual_product,50189877772627,19.00,,19.00,(+£19) Large Pebblescape,,Home is our happy place pebblescape,9436253389139
891648,select-51,Select 14,Small 38cm x 15cm (£20),,manual_product,,,,,,,Home is our happy place pebblescape,9436253389139
891648,select-51,,Large 50cm x 20cm (£30),,manual_product,50189649707347,10.00,,10.00,(+£10) LARGE PEBBLESCAPE,label amount differs; inspect total/increment semantics,Home is our happy place pebblescape,9436253389139
891645,select-12,,7 (Inc Cat/Dog) ,,manual_product,50189901332819,3.00,,3.00,(+£3) 7/8 Pebbles,,Family swing pebblescape,9436252045651
891645,select-12,,8 (Inc Cat/Dog) ,,manual_product,50189901332819,3.00,,3.00,(+£3) 7/8 Pebbles,,Family swing pebblescape,9436252045651
891645,select-12,,9 (Large pebblescape),,manual_product,50090999611731,16.00,,16.00,(+£16) Large Pebblescape,,Family swing pebblescape,9436252045651
891645,select-12,,10 (Large pebblescape),,manual_product,50090999611731,16.00,,16.00,(+£16) Large Pebblescape,,Family swing pebblescape,9436252045651
891645,select-12,,11 (Large pebblescape),,manual_product,50189877772627,19.00,,19.00,(+£19) Large Pebblescape,,Family swing pebblescape,9436252045651
891645,select-12,,12 (Large pebblescape),,manual_product,50189877772627,19.00,,19.00,(+£19) Large Pebblescape,,Family swing pebblescape,9436252045651
891645,select-50,Size of pebblescape,Small 38cm x 15cm (£24.95),,manual_product,,,,,,,Family swing pebblescape,9436252045651
891645,select-50,,Large 50cm x 20cm (£34.95),,manual_product,50189649707347,10.00,,10.00,(+£10) LARGE PEBBLESCAPE,label amount differs; inspect total/increment semantics,Family swing pebblescape,9436252045651
891645,select-13,**INCREDIBLE OFFER** Buy a second one for just £20,YES Please,,manual_product,49576979005779,20.00,,20.00,(+£20) **INCREDIBLE OFFER** PEBBLESCAPE,,Family swing pebblescape,9436252045651
891645,select-38,,7 (Inc Cat/Dog) ,,manual_product,50189901332819,3.00,,3.00,(+£3) 7/8 Pebbles,,Family swing pebblescape,9436252045651
891645,select-38,,8 (Inc Cat/Dog) ,,manual_product,50189901332819,3.00,,3.00,(+£3) 7/8 Pebbles,,Family swing pebblescape,9436252045651
891645,select-38,,9 (Large pebblescape),,manual_product,50090999611731,16.00,,16.00,(+£16) Large Pebblescape,,Family swing pebblescape,9436252045651
891645,select-38,,10 (Large pebblescape),,manual_product,50090999611731,16.00,,16.00,(+£16) Large Pebblescape,,Family swing pebblescape,9436252045651
891645,select-38,,11 (Large pebblescape),,manual_product,50189877772627,19.00,,19.00,(+£19) Large Pebblescape,,Family swing pebblescape,9436252045651
891645,select-38,,12 (Large pebblescape),,manual_product,50189877772627,19.00,,19.00,(+£19) Large Pebblescape,,Family swing pebblescape,9436252045651
891645,select-51,Select 14,Small 38cm x 15cm (£20),,manual_product,,,,,,,Family swing pebblescape,9436252045651
891645,select-51,,Large 50cm x 20cm (£30),,manual_product,50189649707347,10.00,,10.00,(+£10) LARGE PEBBLESCAPE,label amount differs; inspect total/increment semantics,Family swing pebblescape,9436252045651
891636,select-12,,7 (Inc Cat/Dog) ,,manual_product,50189901332819,3.00,,3.00,(+£3) 7/8 Pebbles,,By the sea pebblescape,9436251357523
891636,select-12,,8 (Inc Cat/Dog) ,,manual_product,50189901332819,3.00,,3.00,(+£3) 7/8 Pebbles,,By the sea pebblescape,9436251357523
891636,select-12,,9 (Large pebblescape),,manual_product,50090999611731,16.00,,16.00,(+£16) Large Pebblescape,,By the sea pebblescape,9436251357523
891636,select-12,,10 (Large pebblescape),,manual_product,50090999611731,16.00,,16.00,(+£16) Large Pebblescape,,By the sea pebblescape,9436251357523
891636,select-12,,11 (Large pebblescape),,manual_product,50189877772627,19.00,,19.00,(+£19) Large Pebblescape,,By the sea pebblescape,9436251357523
891636,select-12,,12 (Large pebblescape),,manual_product,50189877772627,19.00,,19.00,(+£19) Large Pebblescape,,By the sea pebblescape,9436251357523
891636,select-50,Size of pebblescape,Small 38cm x 15cm (£24.95),,manual_product,,,,,,,By the sea pebblescape,9436251357523
891636,select-50,,Large 50cm x 20cm (£34.95),,manual_product,50189649707347,10.00,,10.00,(+£10) LARGE PEBBLESCAPE,label amount differs; inspect total/increment semantics,By the sea pebblescape,9436251357523
891636,select-13,**INCREDIBLE OFFER** Buy a second one for just £20,YES Please,,manual_product,49576979005779,20.00,,20.00,(+£20) **INCREDIBLE OFFER** PEBBLESCAPE,,By the sea pebblescape,9436251357523
891636,select-38,,7 (Inc Cat/Dog) ,,manual_product,50189901332819,3.00,,3.00,(+£3) 7/8 Pebbles,,By the sea pebblescape,9436251357523
891636,select-38,,8 (Inc Cat/Dog) ,,manual_product,50189901332819,3.00,,3.00,(+£3) 7/8 Pebbles,,By the sea pebblescape,9436251357523
891636,select-38,,9 (Large pebblescape),,manual_product,50090999611731,16.00,,16.00,(+£16) Large Pebblescape,,By the sea pebblescape,9436251357523
891636,select-38,,10 (Large pebblescape),,manual_product,50090999611731,16.00,,16.00,(+£16) Large Pebblescape,,By the sea pebblescape,9436251357523
891636,select-38,,11 (Large pebblescape),,manual_product,50189877772627,19.00,,19.00,(+£19) Large Pebblescape,,By the sea pebblescape,9436251357523
891636,select-38,,12 (Large pebblescape),,manual_product,50189877772627,19.00,,19.00,(+£19) Large Pebblescape,,By the sea pebblescape,9436251357523
891636,select-51,Select 14,Small 38cm x 15cm (£20),,manual_product,,,,,,,By the sea pebblescape,9436251357523
891636,select-51,,Large 50cm x 20cm (£30),,manual_product,50189649707347,10.00,,10.00,(+£10) LARGE PEBBLESCAPE,label amount differs; inspect total/increment semantics,By the sea pebblescape,9436251357523
891629,select-12,,7 (Inc Cat/Dog) ,,manual_product,50189901332819,3.00,,3.00,(+£3) 7/8 Pebbles,,Blossom Tree pebblescape,9436251193683
891629,select-12,,8 (Inc Cat/Dog) ,,manual_product,50189901332819,3.00,,3.00,(+£3) 7/8 Pebbles,,Blossom Tree pebblescape,9436251193683
891629,select-12,,9 (Large pebblescape),,manual_product,50090999611731,16.00,,16.00,(+£16) Large Pebblescape,,Blossom Tree pebblescape,9436251193683
891629,select-12,,10 (Large pebblescape),,manual_product,50090999611731,16.00,,16.00,(+£16) Large Pebblescape,,Blossom Tree pebblescape,9436251193683
891629,select-12,,11 (Large pebblescape),,manual_product,50189877772627,19.00,,19.00,(+£19) Large Pebblescape,,Blossom Tree pebblescape,9436251193683
891629,select-12,,12 (Large pebblescape),,manual_product,50189877772627,19.00,,19.00,(+£19) Large Pebblescape,,Blossom Tree pebblescape,9436251193683
891629,select-50,Size of pebblescape,Small 38cm x 15cm (£24.95),,manual_product,,,,,,,Blossom Tree pebblescape,9436251193683
891629,select-50,,Large 50cm x 20cm (£34.95),,manual_product,50189649707347,10.00,,10.00,(+£10) LARGE PEBBLESCAPE,label amount differs; inspect total/increment semantics,Blossom Tree pebblescape,9436251193683
891629,select-13,**INCREDIBLE OFFER** Buy a second one for just £20,YES Please,,manual_product,49576979005779,20.00,,20.00,(+£20) **INCREDIBLE OFFER** PEBBLESCAPE,,Blossom Tree pebblescape,9436251193683
891629,select-38,,7 (Inc Cat/Dog) ,,manual_product,50189901332819,3.00,,3.00,(+£3) 7/8 Pebbles,,Blossom Tree pebblescape,9436251193683
891629,select-38,,8 (Inc Cat/Dog) ,,manual_product,50189901332819,3.00,,3.00,(+£3) 7/8 Pebbles,,Blossom Tree pebblescape,9436251193683
891629,select-38,,9 (Large pebblescape),,manual_product,50090999611731,16.00,,16.00,(+£16) Large Pebblescape,,Blossom Tree pebblescape,9436251193683
891629,select-38,,10 (Large pebblescape),,manual_product,50090999611731,16.00,,16.00,(+£16) Large Pebblescape,,Blossom Tree pebblescape,9436251193683
891629,select-38,,11 (Large pebblescape),,manual_product,50189877772627,19.00,,19.00,(+£19) Large Pebblescape,,Blossom Tree pebblescape,9436251193683
891629,select-38,,12 (Large pebblescape),,manual_product,50189877772627,19.00,,19.00,(+£19) Large Pebblescape,,Blossom Tree pebblescape,9436251193683
891629,select-51,Select 14,Small 38cm x 15cm (£20),,manual_product,,,,,,,Blossom Tree pebblescape,9436251193683
891629,select-51,,Large 50cm x 20cm (£30),,manual_product,50189649707347,10.00,,10.00,(+£10) LARGE PEBBLESCAPE,label amount differs; inspect total/increment semantics,Blossom Tree pebblescape,9436251193683
891620,select-12,,7 (Inc Cat/Dog) ,,manual_product,50189901332819,3.00,,3.00,(+£3) 7/8 Pebbles,,Everything to me pebblescape,9436250767699
891620,select-12,,8 (Inc Cat/Dog) ,,manual_product,50189901332819,3.00,,3.00,(+£3) 7/8 Pebbles,,Everything to me pebblescape,9436250767699
891620,select-12,,9 (Large pebblescape),,manual_product,50090999611731,16.00,,16.00,(+£16) Large Pebblescape,,Everything to me pebblescape,9436250767699
891620,select-12,,10 (Large pebblescape),,manual_product,50090999611731,16.00,,16.00,(+£16) Large Pebblescape,,Everything to me pebblescape,9436250767699
891620,select-12,,11 (Large pebblescape),,manual_product,50189877772627,19.00,,19.00,(+£19) Large Pebblescape,,Everything to me pebblescape,9436250767699
891620,select-12,,12 (Large pebblescape),,manual_product,50189877772627,19.00,,19.00,(+£19) Large Pebblescape,,Everything to me pebblescape,9436250767699
891620,select-50,Size of pebblescape,Small 38cm x 15cm (£24.95),,manual_product,,,,,,,Everything to me pebblescape,9436250767699
891620,select-50,,Large 50cm x 20cm (£34.95),,manual_product,50189649707347,10.00,,10.00,(+£10) LARGE PEBBLESCAPE,label amount differs; inspect total/increment semantics,Everything to me pebblescape,9436250767699
891620,select-13,**INCREDIBLE OFFER** Buy a second one for just £20,YES Please,,manual_product,49576979005779,20.00,,20.00,(+£20) **INCREDIBLE OFFER** PEBBLESCAPE,,Everything to me pebblescape,9436250767699
891620,select-38,,7 (Inc Cat/Dog) ,,manual_product,50189901332819,3.00,,3.00,(+£3) 7/8 Pebbles,,Everything to me pebblescape,9436250767699
891620,select-38,,8 (Inc Cat/Dog) ,,manual_product,50189901332819,3.00,,3.00,(+£3) 7/8 Pebbles,,Everything to me pebblescape,9436250767699
891620,select-38,,9 (Large pebblescape),,manual_product,50090999611731,16.00,,16.00,(+£16) Large Pebblescape,,Everything to me pebblescape,9436250767699
891620,select-38,,10 (Large pebblescape),,manual_product,50090999611731,16.00,,16.00,(+£16) Large Pebblescape,,Everything to me pebblescape,9436250767699
891620,select-38,,11 (Large pebblescape),,manual_product,50189877772627,19.00,,19.00,(+£19) Large Pebblescape,,Everything to me pebblescape,9436250767699
891620,select-38,,12 (Large pebblescape),,manual_product,50189877772627,19.00,,19.00,(+£19) Large Pebblescape,,Everything to me pebblescape,9436250767699
891620,select-51,Select 14,Small 38cm x 15cm (£20),,manual_product,,,,,,,Everything to me pebblescape,9436250767699
891620,select-51,,Large 50cm x 20cm (£30),,manual_product,50189649707347,10.00,,10.00,(+£10) LARGE PEBBLESCAPE,label amount differs; inspect total/increment semantics,Everything to me pebblescape,9436250767699
891409,dropdown-1,Size of heart,Small 10 x 10cm (£14.95),,manual_product,,,,,,,Xmas Wedding Heart,9436271247699
891409,dropdown-1,,Large 15 x 15cm (£17.95),,manual_product,50089716711763,3.00,,3.00,(+£3) Large Decoration,label amount differs; inspect total/increment semantics,Xmas Wedding Heart,9436271247699
891409,select-1,**INCREDIBLE OFFER** Buy a second one for just £10.95,NO Thanks,,manual_product,,,,,,,Xmas Wedding Heart,9436271247699
891409,select-1,,YES Please,,manual_product,50201961693523,10.95,,10.95,(+£10.95) **INCREDIBLE OFFER** DECORATION,,Xmas Wedding Heart,9436271247699
891409,dropdown-4,Dropdown 2,Small 10 x 10cm (£10.95),,manual_product,,,,,,,Xmas Wedding Heart,9436271247699
891409,dropdown-4,,Large 15 x 15cm (£13.95),,manual_product,50089716711763,3.00,,3.00,(+£3) Large Decoration,label amount differs; inspect total/increment semantics,Xmas Wedding Heart,9436271247699
884260,dropdown-1,Size of heart,Small 10 x 10cm (£14.95),,manual_product,,,,,,,Wedding Heart,9436276982099
884260,dropdown-1,,Large 15 x 15cm (£17.95),,manual_product,50089716711763,3.00,,3.00,(+£3) Large Decoration,label amount differs; inspect total/increment semantics,Wedding Heart,9436276982099
884260,select-1,**INCREDIBLE OFFER** Buy a second one for just £10.95,NO Thanks,,manual_product,,,,,,,Wedding Heart,9436276982099
884260,select-1,,YES Please,,manual_product,50201961693523,10.95,,10.95,(+£10.95) **INCREDIBLE OFFER** DECORATION,,Wedding Heart,9436276982099
884260,dropdown-4,Dropdown 2,Small 10 x 10cm (£10.95),,manual_product,,,,,,,Wedding Heart,9436276982099
884260,dropdown-4,,Large 15 x 15cm (£13.95),,manual_product,50089716711763,3.00,,3.00,(+£3) Large Decoration,label amount differs; inspect total/increment semantics,Wedding Heart,9436276982099
884181,select-3,,7 (Inc dog/cat),,manual_product,50189901332819,3.00,,3.00,(+£3) 7/8 Pebbles,,PICTURE camping,9436238479699
884181,select-3,,8 (Inc dog/cat),,manual_product,50189901332819,3.00,,3.00,(+£3) 7/8 Pebbles,,PICTURE camping,9436238479699
884181,select-8,**INCREDIBLE OFFER** Get a second picture for just £20,YES Please,,manual_product,50087759413587,20.00,,20.00,(+£20) **INCREDIBLE OFFER** PICTURE,,PICTURE camping,9436238479699
884181,select-7,,7 (Inc dog/cat),,manual_product,50189901332819,3.00,,3.00,(+£3) 7/8 Pebbles,,PICTURE camping,9436238479699
884181,select-7,,8 (Inc dog/cat),,manual_product,50189901332819,3.00,,3.00,(+£3) 7/8 Pebbles,,PICTURE camping,9436238479699
884152,select-3,**INCREDIBLE OFFER** Buy a second one for just £20,YES Please,,manual_product,50087759413587,20.00,,20.00,(+£20) **INCREDIBLE OFFER** PICTURE,,PICTURE Heart strings,9436241461587
883480,select-1,**INCREDIBLE OFFER** Buy a second one for just £3.95,YES Please,,manual_product,50209054130515,3.95,,3.95,(+£3.95) **INCREDIBLE OFFER** PRINT,,MOTHER print,9436230746451
883458,select-1,,5 (Large heart),,manual_product,50089716711763,3.00,,3.00,(+£3) Large Decoration,,Heart Forever friends,9436252406099
883458,select-1,,6 (Large heart),,manual_product,50089716711763,3.00,,3.00,(+£3) Large Decoration,,Heart Forever friends,9436252406099
883458,select-1,,7 (Large heart),,manual_product,50089350136147,5.00,,5.00,(+£5) 7/8 pebbles,,Heart Forever friends,9436252406099
883458,select-1,,8 (Large heart),,manual_product,50089350136147,5.00,,5.00,(+£5) 7/8 pebbles,,Heart Forever friends,9436252406099
883458,select-24,Size of heart,Small 10 x 10cm (£14.95),,manual_product,,,,,,,Heart Forever friends,9436252406099
883458,select-24,,Large 15 x 15cm (£17.95),,manual_product,50089716711763,3.00,,3.00,(+£3) Large Decoration,label amount differs; inspect total/increment semantics,Heart Forever friends,9436252406099
883458,select-13,**INCREDIBLE OFFER** Buy a second one for just £10.95,YES Please,,manual_product,50201961693523,10.95,,10.95,(+£10.95) **INCREDIBLE OFFER** DECORATION,,Heart Forever friends,9436252406099
883458,select-25,,5 (Large heart),,manual_product,50089716711763,3.00,,3.00,(+£3) Large Decoration,,Heart Forever friends,9436252406099
883458,select-25,,6 (Large heart),,manual_product,50089716711763,3.00,,3.00,(+£3) Large Decoration,,Heart Forever friends,9436252406099
883458,select-25,,7 (Large heart),,manual_product,50089350136147,5.00,,5.00,(+£5) 7/8 pebbles,,Heart Forever friends,9436252406099
883458,select-25,,8 (Large heart),,manual_product,50089350136147,5.00,,5.00,(+£5) 7/8 pebbles,,Heart Forever friends,9436252406099
883458,select-26,Select 10,Small 10 x 10cm (£10.95),,manual_product,,,,,,,Heart Forever friends,9436252406099
883458,select-26,,Large 15 x 15cm (£13.95),,manual_product,50089716711763,3.00,,3.00,(+£3) Large Decoration,label amount differs; inspect total/increment semantics,Heart Forever friends,9436252406099
883414,select-1,**INCREDIBLE OFFER** Buy a second one for just £5.95!,YES Please,,manual_product,50199409230163,5.95,,5.95,(+£5.95) **INCREDIBLE OFFER** COASTER,,Tea-riffic coaster,9436275409235
883395,select-12,,7 (Inc Cat/Dog) ,,manual_product,50189901332819,3.00,,3.00,(+£3) 7/8 Pebbles,,PICTURE Family festive,9707731681619
883395,select-12,,8 (Inc Cat/Dog) ,,manual_product,50189901332819,3.00,,3.00,(+£3) 7/8 Pebbles,,PICTURE Family festive,9707731681619
883395,select-13,**INCREDIBLE OFFER** Buy a second one for just £20,YES Please,,manual_product,50087759413587,20.00,,20.00,(+£20) **INCREDIBLE OFFER** PICTURE,,PICTURE Family festive,9707731681619
883395,select-15,,7 (Inc Cat/Dog) ,,manual_product,50189901332819,3.00,,3.00,(+£3) 7/8 Pebbles,,PICTURE Family festive,9707731681619
883395,select-15,,8 (Inc Cat/Dog) ,,manual_product,50189901332819,3.00,,3.00,(+£3) 7/8 Pebbles,,PICTURE Family festive,9707731681619
883380,select-3,,7 (Inc dog/cat),,manual_product,50189901332819,3.00,,3.00,(+£3) 7/8 Pebbles,,PICTURE Family Moon & Back,"9436236415315,9436243919187"
883380,select-3,,8 (Inc dog/cat),,manual_product,50189901332819,3.00,,3.00,(+£3) 7/8 Pebbles,,PICTURE Family Moon & Back,"9436236415315,9436243919187"
883380,select-8,**INCREDIBLE OFFER** Get a second picture for just £20,YES Please,,manual_product,50087759413587,20.00,,20.00,(+£20) **INCREDIBLE OFFER** PICTURE,,PICTURE Family Moon & Back,"9436236415315,9436243919187"
883380,select-7,,7 (Inc dog/cat),,manual_product,50189901332819,3.00,,3.00,(+£3) 7/8 Pebbles,,PICTURE Family Moon & Back,"9436236415315,9436243919187"
883380,select-7,,8 (Inc dog/cat),,manual_product,50189901332819,3.00,,3.00,(+£3) 7/8 Pebbles,,PICTURE Family Moon & Back,"9436236415315,9436243919187"
883311,select-1,,Large 50 x 20cm,,manual_product,50189649707347,10.00,,10.00,(+£10) LARGE PEBBLESCAPE,,wedding flower arch pebblescape,9436260073811
883311,select-2,**INCREDIBLE OFFER** Buy a second one for just £20,YES Please,,manual_product,49576979005779,20.00,,20.00,(+£20) **INCREDIBLE OFFER** PEBBLESCAPE,,wedding flower arch pebblescape,9436260073811
883311,select-3,,Large 50 x 20cm,,manual_product,50189649707347,10.00,,10.00,(+£10) LARGE PEBBLESCAPE,,wedding flower arch pebblescape,9436260073811
883308,select-1,,Large 50 x 20cm,,manual_product,50189649707347,10.00,,10.00,(+£10) LARGE PEBBLESCAPE,,wedding church pebblescape,9436259975507
883308,select-2,**INCREDIBLE OFFER** Buy a second one for just £20,YES Please,,manual_product,49576979005779,20.00,,20.00,(+£20) **INCREDIBLE OFFER** PEBBLESCAPE,,wedding church pebblescape,9436259975507
883308,select-3,,Large 50 x 20cm,,manual_product,50189649707347,10.00,,10.00,(+£10) LARGE PEBBLESCAPE,,wedding church pebblescape,9436259975507
882887,select-12,,7 (Inc Cat/Dog) ,,manual_product,50189901332819,3.00,,3.00,(+£3) 7/8 Pebbles,,Always my sister pebblescape,9436247392595
882887,select-12,,8 (Inc Cat/Dog) ,,manual_product,50189901332819,3.00,,3.00,(+£3) 7/8 Pebbles,,Always my sister pebblescape,9436247392595
882887,select-12,,9 (Large pebblescape),,manual_product,50090999611731,16.00,,16.00,(+£16) Large Pebblescape,,Always my sister pebblescape,9436247392595
882887,select-12,,10 (Large pebblescape),,manual_product,50090999611731,16.00,,16.00,(+£16) Large Pebblescape,,Always my sister pebblescape,9436247392595
882887,select-12,,11 (Large pebblescape),,manual_product,50189877772627,19.00,,19.00,(+£19) Large Pebblescape,,Always my sister pebblescape,9436247392595
882887,select-12,,12 (Large pebblescape),,manual_product,50189877772627,19.00,,19.00,(+£19) Large Pebblescape,,Always my sister pebblescape,9436247392595
882887,select-50,Size of pebblescape,Small 38cm x 15cm (£24.95),,manual_product,,,,,,,Always my sister pebblescape,9436247392595
882887,select-50,,Large 50cm x 20cm (£34.95),,manual_product,50189649707347,10.00,,10.00,(+£10) LARGE PEBBLESCAPE,label amount differs; inspect total/increment semantics,Always my sister pebblescape,9436247392595
882887,select-13,**INCREDIBLE OFFER** Buy a second one for just £20,YES Please,,manual_product,49576979005779,20.00,,20.00,(+£20) **INCREDIBLE OFFER** PEBBLESCAPE,,Always my sister pebblescape,9436247392595
882887,select-38,,7 (Inc Cat/Dog) ,,manual_product,50189901332819,3.00,,3.00,(+£3) 7/8 Pebbles,,Always my sister pebblescape,9436247392595
882887,select-38,,8 (Inc Cat/Dog) ,,manual_product,50189901332819,3.00,,3.00,(+£3) 7/8 Pebbles,,Always my sister pebblescape,9436247392595
882887,select-38,,9 (Large pebblescape),,manual_product,50090999611731,16.00,,16.00,(+£16) Large Pebblescape,,Always my sister pebblescape,9436247392595
882887,select-38,,10 (Large pebblescape),,manual_product,50090999611731,16.00,,16.00,(+£16) Large Pebblescape,,Always my sister pebblescape,9436247392595
882887,select-38,,11 (Large pebblescape),,manual_product,50189877772627,19.00,,19.00,(+£19) Large Pebblescape,,Always my sister pebblescape,9436247392595
882887,select-38,,12 (Large pebblescape),,manual_product,50189877772627,19.00,,19.00,(+£19) Large Pebblescape,,Always my sister pebblescape,9436247392595
882887,select-51,Select 14,Small 38cm x 15cm (£20),,manual_product,,,,,,,Always my sister pebblescape,9436247392595
882887,select-51,,Large 50cm x 20cm (£30),,manual_product,50189649707347,10.00,,10.00,(+£10) LARGE PEBBLESCAPE,label amount differs; inspect total/increment semantics,Always my sister pebblescape,9436247392595
882796,select-4,,7 (Inc Cat/Dog),,manual_product,50189901332819,3.00,,3.00,(+£3) 7/8 Pebbles,,PICTURE NEW True friends,9436289073491
882796,select-4,,8 (Inc Cat/Dog),,manual_product,50189901332819,3.00,,3.00,(+£3) 7/8 Pebbles,,PICTURE NEW True friends,9436289073491
882796,select-20,**INCREDIBLE OFFER** Get a second picture for just £20,YES Please,,manual_product,50087759413587,20.00,,20.00,(+£20) **INCREDIBLE OFFER** PICTURE,,PICTURE NEW True friends,9436289073491
882796,select-19,,7 (Inc Cat/Dog),,manual_product,50189901332819,3.00,,3.00,(+£3) 7/8 Pebbles,,PICTURE NEW True friends,9436289073491
882796,select-19,,8 (Inc Cat/Dog),,manual_product,50189901332819,3.00,,3.00,(+£3) 7/8 Pebbles,,PICTURE NEW True friends,9436289073491
882791,select-4,,7 (Inc Cat/Dog),,manual_product,50189901332819,3.00,,3.00,(+£3) 7/8 Pebbles,,PICTURE NEW Always my sister,9436233302355
882791,select-4,,8 (Inc Cat/Dog),,manual_product,50189901332819,3.00,,3.00,(+£3) 7/8 Pebbles,,PICTURE NEW Always my sister,9436233302355
882791,select-20,**INCREDIBLE OFFER** Get a second picture for just £20,YES Please,,manual_product,50087759413587,20.00,,20.00,(+£20) **INCREDIBLE OFFER** PICTURE,,PICTURE NEW Always my sister,9436233302355
882791,select-19,,7 (Inc Cat/Dog),,manual_product,50189901332819,3.00,,3.00,(+£3) 7/8 Pebbles,,PICTURE NEW Always my sister,9436233302355
882791,select-19,,8 (Inc Cat/Dog),,manual_product,50189901332819,3.00,,3.00,(+£3) 7/8 Pebbles,,PICTURE NEW Always my sister,9436233302355
882722,select-3,,7 (Inc dog/cat),,manual_product,50189901332819,3.00,,3.00,(+£3) 7/8 Pebbles,,PICTURE NEW walk in the park,"9436236677459,9436239692115,9436244345171"
882722,select-3,,8 (Inc dog/cat),,manual_product,50189901332819,3.00,,3.00,(+£3) 7/8 Pebbles,,PICTURE NEW walk in the park,"9436236677459,9436239692115,9436244345171"
882722,select-8,**INCREDIBLE OFFER** Get a second picture for just £20,YES Please,,manual_product,50087759413587,20.00,,20.00,(+£20) **INCREDIBLE OFFER** PICTURE,,PICTURE NEW walk in the park,"9436236677459,9436239692115,9436244345171"
882722,select-7,,7 (Inc dog/cat),,manual_product,50189901332819,3.00,,3.00,(+£3) 7/8 Pebbles,,PICTURE NEW walk in the park,"9436236677459,9436239692115,9436244345171"
882722,select-7,,8 (Inc dog/cat),,manual_product,50189901332819,3.00,,3.00,(+£3) 7/8 Pebbles,,PICTURE NEW walk in the park,"9436236677459,9436239692115,9436244345171"
882717,select-2,**INCREDIBLE OFFER** Buy a second one for just £17.95,YES Please,,manual_product,50087012139347,17.95,,17.95,(+£17.95) **INCREDIBLE OFFER** PICTURE,,PICTURE Love at Christmas wedding,9683117703507
882712,select-2,**INCREDIBLE OFFER** Buy a second one for just £17.95,YES Please,,manual_product,50087012139347,17.95,,17.95,(+£17.95) **INCREDIBLE OFFER** PICTURE,,PICTURE Wedding Swing/ Arch/ Beach,"9436233466195,9436289696083,9436289827155"
882712,checkbox-1,Gift Wrap Kit?,Yes Please,,manual_product,53802540171603,3.95,,5.95,Gift Wrap Kit – Ivory & Twine,cached variant_price differs,PICTURE Wedding Swing/ Arch/ Beach,"9436233466195,9436289696083,9436289827155"
882712,checkbox-2,2nd Gift Wrap Kit?,Yes Please,,manual_product,53802540171603,3.95,,5.95,Gift Wrap Kit – Ivory & Twine,cached variant_price differs,PICTURE Wedding Swing/ Arch/ Beach,"9436233466195,9436289696083,9436289827155"
882709,select-2,**INCREDIBLE OFFER** Buy a second one for just £20,YES Please,,manual_product,50087759413587,20.00,,20.00,(+£20) **INCREDIBLE OFFER** PICTURE,,PICTURE Engagement Love tree/Christmas,"9436237529427,9683107217747"
882709,checkbox-1,Gift Wrap Kit?,Yes Please,,manual_product,53802540171603,3.95,,5.95,Gift Wrap Kit – Ivory & Twine,cached variant_price differs,PICTURE Engagement Love tree/Christmas,"9436237529427,9683107217747"
882690,select-3,,7 (Inc dog/cat),,manual_product,50189901332819,3.00,,3.00,(+£3) 7/8 Pebbles,,PICTURE NEW New Home/ No place like home,"9436245524819,9436245623123"
882690,select-3,,8 (Inc dog/cat),,manual_product,50189901332819,3.00,,3.00,(+£3) 7/8 Pebbles,,PICTURE NEW New Home/ No place like home,"9436245524819,9436245623123"
882690,select-8,**INCREDIBLE OFFER** Get a second picture for just £20,YES Please,,manual_product,50087759413587,20.00,,20.00,(+£20) **INCREDIBLE OFFER** PICTURE,,PICTURE NEW New Home/ No place like home,"9436245524819,9436245623123"
882690,select-7,,7 (Inc dog/cat),,manual_product,50189901332819,3.00,,3.00,(+£3) 7/8 Pebbles,,PICTURE NEW New Home/ No place like home,"9436245524819,9436245623123"
882690,select-7,,8 (Inc dog/cat),,manual_product,50189901332819,3.00,,3.00,(+£3) 7/8 Pebbles,,PICTURE NEW New Home/ No place like home,"9436245524819,9436245623123"
882679,select-3,,7 (Inc dog/cat),,manual_product,50189901332819,3.00,,3.00,(+£3) 7/8 Pebbles,,PICTURE NEW Coastal,9436238676307
882679,select-3,,8 (Inc dog/cat),,manual_product,50189901332819,3.00,,3.00,(+£3) 7/8 Pebbles,,PICTURE NEW Coastal,9436238676307
882679,select-8,**INCREDIBLE OFFER** Get a second picture for just £20,YES Please,,manual_product,50087759413587,20.00,,20.00,(+£20) **INCREDIBLE OFFER** PICTURE,,PICTURE NEW Coastal,9436238676307
882679,select-7,,7 (Inc dog/cat),,manual_product,50189901332819,3.00,,3.00,(+£3) 7/8 Pebbles,,PICTURE NEW Coastal,9436238676307
882679,select-7,,8 (Inc dog/cat),,manual_product,50189901332819,3.00,,3.00,(+£3) 7/8 Pebbles,,PICTURE NEW Coastal,9436238676307
882659,select-3,,7 (Inc dog/cat),,manual_product,50189901332819,3.00,,3.00,(+£3) 7/8 Pebbles,,PICTURE NEW The Climb,9436288647507
882659,select-3,,8 (Inc dog/cat),,manual_product,50189901332819,3.00,,3.00,(+£3) 7/8 Pebbles,,PICTURE NEW The Climb,9436288647507
882659,select-8,**INCREDIBLE OFFER** Get a second picture for just £20,YES Please,,manual_product,50087759413587,20.00,,20.00,(+£20) **INCREDIBLE OFFER** PICTURE,,PICTURE NEW The Climb,9436288647507
882659,select-7,,7 (Inc dog/cat),,manual_product,50189901332819,3.00,,3.00,(+£3) 7/8 Pebbles,,PICTURE NEW The Climb,9436288647507
882659,select-7,,8 (Inc dog/cat),,manual_product,50189901332819,3.00,,3.00,(+£3) 7/8 Pebbles,,PICTURE NEW The Climb,9436288647507
882651,select-3,,7 (Inc dog/cat),,manual_product,50189901332819,3.00,,3.00,(+£3) 7/8 Pebbles,,PICTURE NEW caravan,9436238545235
882651,select-3,,8 (Inc dog/cat),,manual_product,50189901332819,3.00,,3.00,(+£3) 7/8 Pebbles,,PICTURE NEW caravan,9436238545235
882651,select-8,**INCREDIBLE OFFER** Get a second picture for just £20,YES Please,,manual_product,50087759413587,20.00,,20.00,(+£20) **INCREDIBLE OFFER** PICTURE,,PICTURE NEW caravan,9436238545235
882651,select-7,,7 (Inc dog/cat),,manual_product,50189901332819,3.00,,3.00,(+£3) 7/8 Pebbles,,PICTURE NEW caravan,9436238545235
882651,select-7,,8 (Inc dog/cat),,manual_product,50189901332819,3.00,,3.00,(+£3) 7/8 Pebbles,,PICTURE NEW caravan,9436238545235
882645,select-3,,7 (Inc dog/cat),,manual_product,50189901332819,3.00,,3.00,(+£3) 7/8 Pebbles,,PICTURE NEW Mum/Grandparent Blossom /Flutterby,"9436240642387,9436240871763,9436243624275,9436243755347"
882645,select-3,,8 (Inc dog/cat),,manual_product,50189901332819,3.00,,3.00,(+£3) 7/8 Pebbles,,PICTURE NEW Mum/Grandparent Blossom /Flutterby,"9436240642387,9436240871763,9436243624275,9436243755347"
882645,select-8,**INCREDIBLE OFFER** Get a second picture for Grandma for just £20,YES Please,,manual_product,50087759413587,20.00,,20.00,(+£20) **INCREDIBLE OFFER** PICTURE,,PICTURE NEW Mum/Grandparent Blossom /Flutterby,"9436240642387,9436240871763,9436243624275,9436243755347"
882645,select-7,,7 (Inc dog/cat),,manual_product,50189901332819,3.00,,3.00,(+£3) 7/8 Pebbles,,PICTURE NEW Mum/Grandparent Blossom /Flutterby,"9436240642387,9436240871763,9436243624275,9436243755347"
882645,select-7,,8 (Inc dog/cat),,manual_product,50189901332819,3.00,,3.00,(+£3) 7/8 Pebbles,,PICTURE NEW Mum/Grandparent Blossom /Flutterby,"9436240642387,9436240871763,9436243624275,9436243755347"
882645,checkbox-1,Gift Wrap Kit?,Yes Please ,,manual_product,53802540171603,3.95,,5.95,Gift Wrap Kit – Ivory & Twine,cached variant_price differs,PICTURE NEW Mum/Grandparent Blossom /Flutterby,"9436240642387,9436240871763,9436243624275,9436243755347"
882645,checkbox-2,2nd Gift Wrap Kit?,Yes Please ,,manual_product,53802540171603,3.95,,5.95,Gift Wrap Kit – Ivory & Twine,cached variant_price differs,PICTURE NEW Mum/Grandparent Blossom /Flutterby,"9436240642387,9436240871763,9436243624275,9436243755347"
882638,select-2,**INCREDIBLE OFFER** get a 2nd coaster for just £5.95!,YES Please,,manual_product,50199409230163,5.95,,5.95,(+£5.95) **INCREDIBLE OFFER** COASTER,,Magic books Coaster,9436253978963
882600,select-3,,7 (Inc dog/cat),,manual_product,50189901332819,3.00,,3.00,(+£3) 7/8 Pebbles,,PICTURE NEW Family Blossom /Flutterby/Love at Christmas/Swing,"9436239659347,9683084607827,9436238152019,9705618571603"
882600,select-3,,8 (Inc dog/cat),,manual_product,50189901332819,3.00,,3.00,(+£3) 7/8 Pebbles,,PICTURE NEW Family Blossom /Flutterby/Love at Christmas/Swing,"9436239659347,9683084607827,9436238152019,9705618571603"
882600,select-8,**INCREDIBLE OFFER** Get a second picture for just £20,YES Please,,manual_product,50087759413587,20.00,,20.00,(+£20) **INCREDIBLE OFFER** PICTURE,,PICTURE NEW Family Blossom /Flutterby/Love at Christmas/Swing,"9436239659347,9683084607827,9436238152019,9705618571603"
882600,select-7,,7 (Inc dog/cat),,manual_product,50189901332819,3.00,,3.00,(+£3) 7/8 Pebbles,,PICTURE NEW Family Blossom /Flutterby/Love at Christmas/Swing,"9436239659347,9683084607827,9436238152019,9705618571603"
882600,select-7,,8 (Inc dog/cat),,manual_product,50189901332819,3.00,,3.00,(+£3) 7/8 Pebbles,,PICTURE NEW Family Blossom /Flutterby/Love at Christmas/Swing,"9436239659347,9683084607827,9436238152019,9705618571603"
882600,checkbox-1,Gift Wrap Kit?,Yes Please,,manual_product,53802540171603,3.95,,5.95,Gift Wrap Kit – Ivory & Twine,cached variant_price differs,PICTURE NEW Family Blossom /Flutterby/Love at Christmas/Swing,"9436239659347,9683084607827,9436238152019,9705618571603"
882600,checkbox-2,2nd Gift Wrap Kit?,Yes Please,,manual_product,53802540171603,3.95,,5.95,Gift Wrap Kit – Ivory & Twine,cached variant_price differs,PICTURE NEW Family Blossom /Flutterby/Love at Christmas/Swing,"9436239659347,9683084607827,9436238152019,9705618571603"
882542,select-12,,7 (Inc Cat/Dog) ,,manual_product,50189901332819,3.00,,3.00,(+£3) 7/8 Pebbles,,PICTURE A little bit of crazy,9436232810835
882542,select-12,,8 (Inc Cat/Dog) ,,manual_product,50189901332819,3.00,,3.00,(+£3) 7/8 Pebbles,,PICTURE A little bit of crazy,9436232810835
882542,select-14, **INCREDIBLE OFFER** Buy a second one for just £20,YES Please,,manual_product,50087759413587,20.00,,20.00,(+£20) **INCREDIBLE OFFER** PICTURE,,PICTURE A little bit of crazy,9436232810835
882542,select-17,,7 (Inc Cat/Dog) ,,manual_product,50189901332819,3.00,,3.00,(+£3) 7/8 Pebbles,,PICTURE A little bit of crazy,9436232810835
882542,select-17,,8 (Inc Cat/Dog) ,,manual_product,50189901332819,3.00,,3.00,(+£3) 7/8 Pebbles,,PICTURE A little bit of crazy,9436232810835
882049,dropdown-1,Size of heart,Small 10 x 10cm (£14.95),,manual_product,,,,,,,Anniversary Heart,9436247458131
882049,dropdown-1,,Large 15 x 15cm (£17.95),,manual_product,50086348915027,3.00,,3.00,(+£3) Large Heart,label amount differs; inspect total/increment semantics,Anniversary Heart,9436247458131
882049,select-1,**INCREDIBLE OFFER** Buy a second one for just £10.95,NO Thanks,,manual_product,,,,,,,Anniversary Heart,9436247458131
882049,select-1,,YES Please,,manual_product,50201961693523,10.95,,10.95,(+£10.95) **INCREDIBLE OFFER** DECORATION,,Anniversary Heart,9436247458131
882049,dropdown-4,,Large 15 x 15cm,,manual_product,50086348915027,3.00,,3.00,(+£3) Large Heart,,Anniversary Heart,9436247458131
881772,select-2,,Large (57x12cm),,manual_product,50706730254675,6.00,,,,linked variant not in active catalogue,1st Mothers day Street Sign,9702091096403
881772,checkbox-3,**INCREDIBLE OFFER** GET A 2ND SIGN FOR HALF PRICE!,Yes Please,,manual_product,52007720485203,9.00,,7.45,(£7.45) Small Street Sign,cached variant_price differs,1st Mothers day Street Sign,9702091096403
881772,checkbox-4,**INCREDIBLE OFFER** GET A 2ND SIGN FOR HALF PRICE! ,Yes Please,,manual_product,50201180930387,12.45,,10.45,(+£10.45) Large Street Sign,cached variant_price differs,1st Mothers day Street Sign,9702091096403
881772,checkbox-1,Mounting Strips?,Yes Please,,manual_product,50706678514003,1.95,,1.99,(£1.99) Mounting Strips,cached variant_price differs,1st Mothers day Street Sign,9702091096403
881772,checkbox-2,Mounting Strips?,Yes Please,,manual_product,50706678514003,1.95,,1.99,(£1.99) Mounting Strips,cached variant_price differs,1st Mothers day Street Sign,9702091096403
881165,select-1,**INCREDIBLE OFFER** Buy a second coaster for just £4.95!,NO Thanks,,manual_product,,,,,,,Non personalised coasters,"9436213543251,9436213772627,9436214100307,9436216361299,9436218032467,9436221669715,9436224487763,9436224553299,9436224913747,9436225372499,9436241297747"
881165,select-1,,YES Please,,manual_product,50199409230163,5.95,,5.95,(+£5.95) **INCREDIBLE OFFER** COASTER,,Non personalised coasters,"9436213543251,9436213772627,9436214100307,9436216361299,9436218032467,9436221669715,9436224487763,9436224553299,9436224913747,9436225372499,9436241297747"
881162,select-1,**INCREDIBLE OFFER** Buy a second coaster for just £5.95!,NO Thanks,,manual_product,,,,,,,Help desk coaster,9436253290835
881162,select-1,,YES Please,,manual_product,50199409230163,5.95,,5.95,(+£5.95) **INCREDIBLE OFFER** COASTER,,Help desk coaster,9436253290835
880930,checkbox-1,Add branded gift box,YES please gift box my bracelet,,manual_product,50089862267219,2.00,,2.00,(+£2) Gift Box,,Christmas angel stretch,9436287172947
880930,checkbox-2,Add matching hair tie,YES please,,manual_product,50100268269907,1.50,,1.50,(+£1.50) Matching Hair Tie,,Christmas angel stretch,9436287172947
880930,select-11,**INCREDIBLE OFFER** Buy a second stretch bracelet for £9.95,YES Please,,manual_product,50100810088787,9.95,,,,linked variant not in active catalogue,Christmas angel stretch,9436287172947
880930,checkbox-3,Add branded gift box,YES please gift box my bracelet,,manual_product,50089862267219,2.00,,2.00,(+£2) Gift Box,,Christmas angel stretch,9436287172947
880930,checkbox-4,Add matching hair tie,YES please,,manual_product,50100268269907,1.50,,1.50,(+£1.50) Matching Hair Tie,,Christmas angel stretch,9436287172947
880928,checkbox-1,Add branded gift box,YES please gift box my bracelet,,manual_product,50089862267219,2.00,,2.00,(+£2) Gift Box,,sparkle & shine stretch,9436287336787
880928,checkbox-2,Add matching hair tie,YES please,,manual_product,50100268269907,1.50,,1.50,(+£1.50) Matching Hair Tie,,sparkle & shine stretch,9436287336787
880928,select-11,**INCREDIBLE OFFER** Buy a second stretch bracelet for £9.95,YES Please,,manual_product,50100810088787,9.95,,,,linked variant not in active catalogue,sparkle & shine stretch,9436287336787
880928,checkbox-3,Add branded gift box,YES please gift box my bracelet,,manual_product,50089862267219,2.00,,2.00,(+£2) Gift Box,,sparkle & shine stretch,9436287336787
880928,checkbox-4,Add matching hair tie,YES please,,manual_product,50100268269907,1.50,,1.50,(+£1.50) Matching Hair Tie,,sparkle & shine stretch,9436287336787
880925,checkbox-1,Add branded gift box,YES please gift box my bracelet,,manual_product,50089862267219,2.00,,2.00,(+£2) Gift Box,,Christmas Stretch,"9436286484819,9436286976339,9436286091603"
880925,checkbox-2,Add matching hair tie,YES please,,manual_product,50100268269907,1.50,,1.50,(+£1.50) Matching Hair Tie,,Christmas Stretch,"9436286484819,9436286976339,9436286091603"
880925,select-11,**INCREDIBLE OFFER** Buy a second stretch bracelet for £9.95,YES Please,,manual_product,50100810088787,9.95,,,,linked variant not in active catalogue,Christmas Stretch,"9436286484819,9436286976339,9436286091603"
880925,checkbox-3,Add branded gift box,YES please gift box my bracelet,,manual_product,50089862267219,2.00,,2.00,(+£2) Gift Box,,Christmas Stretch,"9436286484819,9436286976339,9436286091603"
880925,checkbox-4,Add matching hair tie,YES please,,manual_product,50100268269907,1.50,,1.50,(+£1.50) Matching Hair Tie,,Christmas Stretch,"9436286484819,9436286976339,9436286091603"
880923,checkbox-1,Add branded gift box,YES please gift box my bracelet,,manual_product,50089862267219,2.00,,2.00,(+£2) Gift Box,,Birthday stretch,9436232876371
880923,checkbox-2,Add matching hair tie,YES please,,manual_product,50100268269907,1.50,,1.50,(+£1.50) Matching Hair Tie,,Birthday stretch,9436232876371
880923,select-11,**INCREDIBLE OFFER** Buy a second stretch bracelet for £9.95,YES Please,,manual_product,50100810088787,9.95,,,,linked variant not in active catalogue,Birthday stretch,9436232876371
880923,checkbox-3,Add branded gift box,YES please gift box my bracelet,,manual_product,50089862267219,2.00,,2.00,(+£2) Gift Box,,Birthday stretch,9436232876371
880923,checkbox-4,Add matching hair tie,YES please,,manual_product,50100268269907,1.50,,1.50,(+£1.50) Matching Hair Tie,,Birthday stretch,9436232876371
880921,checkbox-1,Add branded gift box,YES please gift box my bracelet,,manual_product,50089862267219,2.00,,2.00,(+£2) Gift Box,,Cross stretch,9436234809683
880921,checkbox-2,Add matching hair tie,YES please,,manual_product,50100268269907,1.50,,1.50,(+£1.50) Matching Hair Tie,,Cross stretch,9436234809683
880921,select-11,**INCREDIBLE OFFER** Buy a second stretch bracelet for £9.95,YES Please,,manual_product,50100810088787,9.95,,,,linked variant not in active catalogue,Cross stretch,9436234809683
880921,checkbox-3,Add branded gift box,YES please gift box my bracelet,,manual_product,50089862267219,2.00,,2.00,(+£2) Gift Box,,Cross stretch,9436234809683
880921,checkbox-4,Add matching hair tie,YES please,,manual_product,50100268269907,1.50,,1.50,(+£1.50) Matching Hair Tie,,Cross stretch,9436234809683
874567,checkbox-1,Add branded gift box,YES please gift box my bracelet,,manual_product,50089862267219,2.00,,2.00,(+£2) Gift Box,,You make me smile stretch,9436290711891
874567,checkbox-2,Add matching hair tie,YES please,,manual_product,50100268269907,1.50,,1.50,(+£1.50) Matching Hair Tie,,You make me smile stretch,9436290711891
874567,select-11,**INCREDIBLE OFFER** Buy a second stretch bracelet for £9.95,YES Please,,manual_product,50100810088787,9.95,,,,linked variant not in active catalogue,You make me smile stretch,9436290711891
874567,checkbox-3,Add branded gift box,YES please gift box my bracelet,,manual_product,50089862267219,2.00,,2.00,(+£2) Gift Box,,You make me smile stretch,9436290711891
874567,checkbox-4,Add matching hair tie,YES please,,manual_product,50100268269907,1.50,,1.50,(+£1.50) Matching Hair Tie,,You make me smile stretch,9436290711891
874564,checkbox-1,Add branded gift box,YES please gift box my bracelet,,manual_product,50089862267219,2.00,,2.00,(+£2) Gift Box,,Love you stretch,9436242772307
874564,checkbox-2,Add matching hair tie,YES please,,manual_product,50100268269907,1.50,,1.50,(+£1.50) Matching Hair Tie,,Love you stretch,9436242772307
874564,select-11,**INCREDIBLE OFFER** Buy a second stretch bracelet for £9.95,YES Please,,manual_product,50100810088787,9.95,,,,linked variant not in active catalogue,Love you stretch,9436242772307
874564,checkbox-3,Add branded gift box,YES please gift box my bracelet,,manual_product,50089862267219,2.00,,2.00,(+£2) Gift Box,,Love you stretch,9436242772307
874564,checkbox-4,Add matching hair tie,YES please,,manual_product,50100268269907,1.50,,1.50,(+£1.50) Matching Hair Tie,,Love you stretch,9436242772307
873562,select-2,**INCREDIBLE OFFER** Buy a second one for just £20,YES Please,,manual_product,50087759413587,20.00,,20.00,(+£20) **INCREDIBLE OFFER** PICTURE,,PICTURE Beside you,9436233728339
873078,select-2,**INCREDIBLE OFFER** Buy a second one for just £20,YES Please,,manual_product,50087759413587,20.00,,20.00,(+£20) **INCREDIBLE OFFER** PICTURE,,PICTURE Graduation,9436240511315
873048,select-12,,7 (Inc Cat/Dog) ,,manual_product,50189901332819,3.00,,3.00,(+£3) 7/8 Pebbles,,PICTURE Wonderland walk,9436239823187
873048,select-12,,8 (Inc Cat/Dog),,manual_product,50189901332819,3.00,,3.00,(+£3) 7/8 Pebbles,,PICTURE Wonderland walk,9436239823187
873048,select-14, **INCREDIBLE OFFER** Buy a second one for just £20,YES Please,,manual_product,49589235056979,20,20,20.00,**INCREDIBLE OFFER** Buy a second one for just £20,,PICTURE Wonderland walk,9436239823187
873048,select-17,,7 (Inc Cat/Dog) ,,manual_product,50189901332819,3.00,,3.00,(+£3) 7/8 Pebbles,,PICTURE Wonderland walk,9436239823187
873048,select-17,,8 (Inc Cat/Dog) ,,manual_product,50189901332819,3.00,,3.00,(+£3) 7/8 Pebbles,,PICTURE Wonderland walk,9436239823187
872908,select-3,,7 (Inc Cat/Dog),,manual_product,50189901332819,3.00,,3.00,(+£3) 7/8 Pebbles,,PICTURE Christening,9436245721427
872908,select-3,,8 (Inc Cat/Dog),,manual_product,50189901332819,3.00,,3.00,(+£3) 7/8 Pebbles,,PICTURE Christening,9436245721427
872908,select-12,**INCREDIBLE OFFER** Buy a second one for just £20,YES Please,,manual_product,50087759413587,20.00,,20.00,(+£20) **INCREDIBLE OFFER** PICTURE,,PICTURE Christening,9436245721427
872908,select-15,,7 (Inc Cat/Dog),,manual_product,50189901332819,3.00,,3.00,(+£3) 7/8 Pebbles,,PICTURE Christening,9436245721427
872908,select-15,,8 (Inc Cat/Dog),,manual_product,50189901332819,3.00,,3.00,(+£3) 7/8 Pebbles,,PICTURE Christening,9436245721427
872908,checkbox-1,Gift Wrap Kit?,Yes Please,,manual_product,53802540171603,3.95,,5.95,Gift Wrap Kit – Ivory & Twine,cached variant_price differs,PICTURE Christening,9436245721427
872908,checkbox-2,2nd Gift Wrap Kit?,Yes Please,,manual_product,53802540171603,3.95,,5.95,Gift Wrap Kit – Ivory & Twine,cached variant_price differs,PICTURE Christening,9436245721427
872890,select-12,,7 (Inc Cat/Dog),,manual_product,50189901332819,3.00,,3.00,(+£3) 7/8 Pebbles,,PICTURE When we stayed home,9436290089299
872890,select-13,**INCREDIBLE OFFER** Buy a second one for just £20,YES Please,,manual_product,50087759413587,20.00,,20.00,(+£20) **INCREDIBLE OFFER** PICTURE,,PICTURE When we stayed home,9436290089299
872890,select-15,,7 (Inc Cat/Dog),,manual_product,50189901332819,3.00,,3.00,(+£3) 7/8 Pebbles,,PICTURE When we stayed home,9436290089299
872884,select-12,,7 (Inc Cat/Dog) ,,manual_product,50189901332819,3.00,,3.00,(+£3) 7/8 Pebbles,,PICTURE Christmas tree,9436238610771
872884,select-12,,8 (Inc Cat/Dog) ,,manual_product,50189901332819,3.00,,3.00,(+£3) 7/8 Pebbles,,PICTURE Christmas tree,9436238610771
872884,select-14, **INCREDIBLE OFFER** Buy a second one for just £20,YES Please,,manual_product,50087759413587,20.00,,20.00,(+£20) **INCREDIBLE OFFER** PICTURE,,PICTURE Christmas tree,9436238610771
872884,select-17,,7 (Inc Cat/Dog) ,,manual_product,50189901332819,3.00,,3.00,(+£3) 7/8 Pebbles,,PICTURE Christmas tree,9436238610771
872884,select-17,,8 (Inc Cat/Dog) ,,manual_product,50189901332819,3.00,,3.00,(+£3) 7/8 Pebbles,,PICTURE Christmas tree,9436238610771
872880,select-12,,7 (Inc Cat/Dog) ,,manual_product,50189901332819,3.00,,3.00,(+£3) 7/8 Pebbles,,PICTURE because of you/ friendship,"9436233630035,9436240413011"
872880,select-12,,8 (Inc Cat/Dog) ,,manual_product,50189901332819,3.00,,3.00,(+£3) 7/8 Pebbles,,PICTURE because of you/ friendship,"9436233630035,9436240413011"
872880,select-14, **INCREDIBLE OFFER** Buy a second one for just £20,YES Please,,manual_product,50087759413587,20.00,,20.00,(+£20) **INCREDIBLE OFFER** PICTURE,,PICTURE because of you/ friendship,"9436233630035,9436240413011"
872880,select-17,,7 (Inc Cat/Dog) ,,manual_product,50189901332819,3.00,,3.00,(+£3) 7/8 Pebbles,,PICTURE because of you/ friendship,"9436233630035,9436240413011"
872880,select-17,,8 (Inc Cat/Dog) ,,manual_product,50189901332819,3.00,,3.00,(+£3) 7/8 Pebbles,,PICTURE because of you/ friendship,"9436233630035,9436240413011"
872876,select-12,,7 (Inc Cat/Dog) ,,manual_product,50087765967187,3.00,,,,linked variant not in active catalogue,PICTURE Coastal,9436238676307
872876,select-12,,8 (Inc Cat/Dog) ,,manual_product,50087765967187,3.00,,,,linked variant not in active catalogue,PICTURE Coastal,9436238676307
872876,select-14, **INCREDIBLE OFFER** Buy a second one for just £20,YES Please,,manual_product,50087759413587,20.00,,20.00,(+£20) **INCREDIBLE OFFER** PICTURE,,PICTURE Coastal,9436238676307
872876,select-17,,7 (Inc Cat/Dog) ,,manual_product,50087765967187,3.00,,,,linked variant not in active catalogue,PICTURE Coastal,9436238676307
872876,select-17,,8 (Inc Cat/Dog) ,,manual_product,50087765967187,3.00,,,,linked variant not in active catalogue,PICTURE Coastal,9436238676307
872852,select-1,**INCREDIBLE OFFER** Buy a second one for just £15,YES Please,,manual_product,50087097565523,15.00,,15.00,(+£15) **INCREDIBLE OFFER** SIGN,,New Option Set,9436225667411
870294,dropdown-1,Size of heart,Small 10 x 10cm (£14.95),,manual_product,,,,,,,HEART Beach proposal heart,9436247621971
870294,dropdown-1,,Large 15 x 15cm (£17.95),,manual_product,50089716711763,3.00,,3.00,(+£3) Large Decoration,label amount differs; inspect total/increment semantics,HEART Beach proposal heart,9436247621971
870294,select-1,**INCREDIBLE OFFER** Buy a second one for just £10.95,YES Please,,manual_product,50201961693523,10.95,,10.95,(+£10.95) **INCREDIBLE OFFER** DECORATION,,HEART Beach proposal heart,9436247621971
870294,dropdown-4,Dropdown 2,Small 10 x 10cm (£10.95),,manual_product,,,,,,,HEART Beach proposal heart,9436247621971
870294,dropdown-4,,Large 15 x 15cm (£13.95),,manual_product,50089716711763,3.00,,3.00,(+£3) Large Decoration,label amount differs; inspect total/increment semantics,HEART Beach proposal heart,9436247621971
869747,select-1,,5 (Large heart),,manual_product,50089716711763,3.00,,3.00,(+£3) Large Decoration,,HEART Always my sister,9436247327059
869747,select-1,,6 (Large heart),,manual_product,50089716711763,3.00,,3.00,(+£3) Large Decoration,,HEART Always my sister,9436247327059
869747,select-1,,7 (Large heart),,manual_product,50089350136147,5.00,,5.00,(+£5) 7/8 pebbles,,HEART Always my sister,9436247327059
869747,select-1,,8 (Large heart),,manual_product,50089350136147,5.00,,5.00,(+£5) 7/8 pebbles,,HEART Always my sister,9436247327059
869747,select-24,Size of heart,Small 10 x 10cm (£14.95),,manual_product,,,,,,,HEART Always my sister,9436247327059
869747,select-24,,Large 15 x 15cm (£17.95),,manual_product,50089716711763,3.00,,3.00,(+£3) Large Decoration,label amount differs; inspect total/increment semantics,HEART Always my sister,9436247327059
869747,select-13,**INCREDIBLE OFFER** Buy a second one for just £10.95,YES Please,,manual_product,50201961693523,10.95,,10.95,(+£10.95) **INCREDIBLE OFFER** DECORATION,,HEART Always my sister,9436247327059
869747,select-25,,5 (Large heart),,manual_product,50089716711763,3.00,,3.00,(+£3) Large Decoration,,HEART Always my sister,9436247327059
869747,select-25,,6 (Large heart),,manual_product,50089716711763,3.00,,3.00,(+£3) Large Decoration,,HEART Always my sister,9436247327059
869747,select-25,,7 (Large heart),,manual_product,50089350136147,5.00,,5.00,(+£5) 7/8 pebbles,,HEART Always my sister,9436247327059
869747,select-25,,8 (Large heart),,manual_product,50089350136147,5.00,,5.00,(+£5) 7/8 pebbles,,HEART Always my sister,9436247327059
869747,select-26,Select 10,Small 10 x 10cm (£10.95),,manual_product,,,,,,,HEART Always my sister,9436247327059
869747,select-26,,Large 15 x 15cm (£13.95),,manual_product,50089716711763,3.00,,3.00,(+£3) Large Decoration,label amount differs; inspect total/increment semantics,HEART Always my sister,9436247327059
869636,select-2,,5 (Large heart),,manual_product,50089716711763,3.00,,3.00,(+£3) Large Decoration,,HEART Hello Baby,9436269936979
869636,select-2,,6 (Large heart),,manual_product,50089716711763,3.00,,3.00,(+£3) Large Decoration,,HEART Hello Baby,9436269936979
869636,select-2,,7 (Large heart),,manual_product,50089350136147,5.00,,5.00,(+£5) 7/8 pebbles,,HEART Hello Baby,9436269936979
869636,select-2,,8 (Large heart),,manual_product,50089350136147,5.00,,5.00,(+£5) 7/8 pebbles,,HEART Hello Baby,9436269936979
869636,select-10,,Large,,manual_product,50089716711763,3.00,,3.00,(+£3) Large Decoration,,HEART Hello Baby,9436269936979
869636,select-6,Pebble 5,Adult,,manual_product,50209123402067,0.00,,0.00,Pebble 5,,HEART Hello Baby,9436269936979
869636,select-6,,Child,,manual_product,50209123434835,0.00,,0.00,Pebble 5,,HEART Hello Baby,9436269936979
869636,select-3,**INCREDIBLE OFFER** Buy a second one for just £10.95,YES Please,,manual_product,50201961693523,10.95,,10.95,(+£10.95) **INCREDIBLE OFFER** DECORATION,,HEART Hello Baby,9436269936979
869636,select-11,,5 (Large heart),,manual_product,50089716711763,3.00,,3.00,(+£3) Large Decoration,,HEART Hello Baby,9436269936979
869636,select-11,,6 (Large heart),,manual_product,50089716711763,3.00,,3.00,(+£3) Large Decoration,,HEART Hello Baby,9436269936979
869636,select-11,,7 (Large heart),,manual_product,50089350136147,5.00,,5.00,(+£5) 7/8 pebbles,,HEART Hello Baby,9436269936979
869636,select-11,,8 (Large heart),,manual_product,50089350136147,5.00,,5.00,(+£5) 7/8 pebbles,,HEART Hello Baby,9436269936979
869636,select-12,,Large,,manual_product,50089716711763,3.00,,3.00,(+£3) Large Decoration,,HEART Hello Baby,9436269936979
869636,select-14,Pebble 5,Adult,,manual_product,50209123631443,0.00,,0.00,Pebble 5,,HEART Hello Baby,9436269936979
869636,select-14,,Child,,manual_product,50209123664211,0.00,,0.00,Pebble 5,,HEART Hello Baby,9436269936979
869614,select-1,,Large ,,manual_product,50089716711763,3.00,,3.00,(+£3) Large Decoration,,HEART Always and Forever,9436247294291
869614,dropdown-1,INCREDIBLE OFFER Buy a second one for just £10.95,YES Please,,manual_product,50201961693523,10.95,,10.95,(+£10.95) **INCREDIBLE OFFER** DECORATION,,HEART Always and Forever,9436247294291
869614,select-2,Size of heart,Small,,manual_product,50214734823763,0.00,,0.00,Size of heart,,HEART Always and Forever,9436247294291
869614,select-2,,Large,,manual_product,50089716711763,3.00,,3.00,(+£3) Large Decoration,,HEART Always and Forever,9436247294291
869247,select-4,,Large (57x12cm),,manual_product,50706730254675,6.00,,,,linked variant not in active catalogue,My Valentine street sign,"9436230811987,9436255158611,9436246475091"
869247,checkbox-3,**INCREDIBLE OFFER** GET A 2ND SIGN FOR HALF PRICE!,Yes Please,,manual_product,52007720485203,9.00,,7.45,(£7.45) Small Street Sign,cached variant_price differs,My Valentine street sign,"9436230811987,9436255158611,9436246475091"
869247,checkbox-4,**INCREDIBLE OFFER** GET A 2ND SIGN FOR HALF PRICE!,Yes Please,,manual_product,50201180930387,12.45,,10.45,(+£10.45) Large Street Sign,cached variant_price differs,My Valentine street sign,"9436230811987,9436255158611,9436246475091"
869247,checkbox-1,Mounting Strips?,Yes Please,,manual_product,50706678514003,1.95,,1.99,(£1.99) Mounting Strips,cached variant_price differs,My Valentine street sign,"9436230811987,9436255158611,9436246475091"
869247,checkbox-2,Mounting Strips?,Yes Please,,manual_product,51217275584851,3.90,,3.90,(£3.90) Mounting Strips,,My Valentine street sign,"9436230811987,9436255158611,9436246475091"
869247,checkbox-5,Gift Wrap Kit?,Yes Please,,manual_product,53802540171603,3.95,,5.95,Gift Wrap Kit – Ivory & Twine,cached variant_price differs,My Valentine street sign,"9436230811987,9436255158611,9436246475091"
869247,checkbox-6,2nd Gift Wrap Kit?,Yes Please,,manual_product,53802540171603,3.95,,5.95,Gift Wrap Kit – Ivory & Twine,cached variant_price differs,My Valentine street sign,"9436230811987,9436255158611,9436246475091"
773423,select-3,,7 (Inc Cat/Dog) ,,manual_product,50189901332819,3.00,,3.00,(+£3) 7/8 Pebbles,,PICTURE Birthday,9436212429139
773423,select-3,,8 (Inc Cat/Dog) ,,manual_product,50189901332819,3.00,,3.00,(+£3) 7/8 Pebbles,,PICTURE Birthday,9436212429139
773423,select-12,**INCREDIBLE OFFER** Buy a second one for just £20,NO Thanks,,manual_product,,,,,,,PICTURE Birthday,9436212429139
773423,select-12,,YES Please,,manual_product,50087759413587,20.00,,20.00,(+£20) **INCREDIBLE OFFER** PICTURE,,PICTURE Birthday,9436212429139
773423,select-15,,7 (Inc Cat/Dog) ,,manual_product,50189901332819,3.00,,3.00,(+£3) 7/8 Pebbles,,PICTURE Birthday,9436212429139
773423,select-15,,8 (Inc Cat/Dog) ,,manual_product,50189901332819,3.00,,3.00,(+£3) 7/8 Pebbles,,PICTURE Birthday,9436212429139
773420,checkbox-1,Add branded gift box,YES please gift box my bracelet,,manual_product,50089862267219,2.00,,2.00,(+£2) Gift Box,,Initial Charm Bracelet,9436270068051
773420,checkbox-2,Add matching hair tie,YES please,,manual_product,50100268269907,1.50,,1.50,(+£1.50) Matching Hair Tie,,Initial Charm Bracelet,9436270068051
773420,select-11,**INCREDIBLE OFFER** Buy a second one for just £9.95,YES Please,,manual_product,50100810088787,9.95,,,,linked variant not in active catalogue,Initial Charm Bracelet,9436270068051
773420,checkbox-3,Add branded gift box,YES please gift box my bracelet,,manual_product,50089862267219,2.00,,2.00,(+£2) Gift Box,,Initial Charm Bracelet,9436270068051
773420,checkbox-4,Add matching hair tie,YES please,,manual_product,50100268269907,1.50,,1.50,(+£1.50) Matching Hair Tie,,Initial Charm Bracelet,9436270068051
773417,checkbox-1,Add branded gift box,YES please gift box my bracelet ,,manual_product,50089862267219,2.00,,2.00,(+£2) Gift Box,,Bead Stretch Charm Bracelet,9436262924627
773417,select-11,**INCREDIBLE OFFER** Buy a second one for just £9.95,YES Please,,manual_product,50100810088787,9.95,,,,linked variant not in active catalogue,Bead Stretch Charm Bracelet,9436262924627
773417,checkbox-3,Add branded gift box,YES please gift box my bracelet ,,manual_product,50089862267219,2.00,,2.00,(+£2) Gift Box,,Bead Stretch Charm Bracelet,9436262924627
773366,select-11,Total number of bracelets,1 (£12.95),,manual_product,,,,,,,bridal party bundle stretch,9436212527443
773366,select-11,,2 (£22.90),,manual_product,50207359369555,9.95,,,,linked variant not in active catalogue,bridal party bundle stretch,9436212527443
773366,select-11,,3 (£32.85),,manual_product,50100813660499,19.90,,,,linked variant not in active catalogue,bridal party bundle stretch,9436212527443
773366,select-11,,4 (£42.80),,manual_product,50100815331667,29.85,,,,linked variant not in active catalogue,bridal party bundle stretch,9436212527443
773366,select-11,,5 (£51.75),,manual_product,50100822376787,38.80,,,,linked variant not in active catalogue,bridal party bundle stretch,9436212527443
773366,select-11,,6 (£60.70),,manual_product,50100834828627,47.75,,,,linked variant not in active catalogue,bridal party bundle stretch,9436212527443
773366,select-11,,7 (£68.65),,manual_product,50100839940435,55.70,,,,linked variant not in active catalogue,bridal party bundle stretch,9436212527443
773366,select-11,,8 (£76.60),,manual_product,50100853670227,63.65,,,,linked variant not in active catalogue,bridal party bundle stretch,9436212527443
773366,select-11,,9 (£83.55),,manual_product,50100863402323,63.65,,,,linked variant not in active catalogue,bridal party bundle stretch,9436212527443
773366,select-11,,10 (£90.50),,manual_product,50100868383059,77.55,,,,linked variant not in active catalogue,bridal party bundle stretch,9436212527443
773366,checkbox-1,Add branded gift box,YES please gift box my bracelet,,manual_product,50089862267219,2.00,,2.00,(+£2) Gift Box,,bridal party bundle stretch,9436212527443
773366,checkbox-2,Add matching hair tie,YES please ,,manual_product,50100268269907,1.50,,1.50,(+£1.50) Matching Hair Tie,,bridal party bundle stretch,9436212527443
773366,checkbox-3,Checkbox 2,YES please gift box my bracelet,,manual_product,50089862267219,2.00,,2.00,(+£2) Gift Box,,bridal party bundle stretch,9436212527443
773366,checkbox-4,Checkbox 3,YES please,,manual_product,50100268269907,1.50,,1.50,(+£1.50) Matching Hair Tie,,bridal party bundle stretch,9436212527443
773366,checkbox-5,Checkbox 4,YES please gift box my bracelet ,,manual_product,50089862267219,2.00,,2.00,(+£2) Gift Box,,bridal party bundle stretch,9436212527443
773366,checkbox-6,Checkbox 5,YES please,,manual_product,50100268269907,1.50,,1.50,(+£1.50) Matching Hair Tie,,bridal party bundle stretch,9436212527443
773366,checkbox-7,Checkbox 6,YES please gift box my bracelet ,,manual_product,50089862267219,2.00,,2.00,(+£2) Gift Box,,bridal party bundle stretch,9436212527443
773366,checkbox-8,Checkbox 7,YES please ,,manual_product,50100268269907,1.50,,1.50,(+£1.50) Matching Hair Tie,,bridal party bundle stretch,9436212527443
773366,checkbox-9,Checkbox 8,YES please gift box my bracelet,,manual_product,50089862267219,2.00,,2.00,(+£2) Gift Box,,bridal party bundle stretch,9436212527443
773366,checkbox-10,Checkbox 9,YES please,,manual_product,50100268269907,1.50,,1.50,(+£1.50) Matching Hair Tie,,bridal party bundle stretch,9436212527443
773366,checkbox-11,Checkbox 10,YES please gift box my bracelet ,,manual_product,50089862267219,2.00,,2.00,(+£2) Gift Box,,bridal party bundle stretch,9436212527443
773366,checkbox-12,Checkbox 11,YES please ,,manual_product,50100268269907,1.50,,1.50,(+£1.50) Matching Hair Tie,,bridal party bundle stretch,9436212527443
773366,checkbox-13,Checkbox 12,YES please gift box my bracelet,,manual_product,50089862267219,2.00,,2.00,(+£2) Gift Box,,bridal party bundle stretch,9436212527443
773366,checkbox-14,Checkbox 13,YES please ,,manual_product,50100268269907,1.50,,1.50,(+£1.50) Matching Hair Tie,,bridal party bundle stretch,9436212527443
773366,checkbox-15,Checkbox 14,YES please gift box my bracelet ,,manual_product,50089862267219,2.00,,2.00,(+£2) Gift Box,,bridal party bundle stretch,9436212527443
773366,checkbox-16,Checkbox 15,YES please,,manual_product,50100268269907,1.50,,1.50,(+£1.50) Matching Hair Tie,,bridal party bundle stretch,9436212527443
773366,checkbox-17,Checkbox 16,YES please gift box my bracelet ,,manual_product,50089862267219,2.00,,2.00,(+£2) Gift Box,,bridal party bundle stretch,9436212527443
773366,checkbox-18,Checkbox 17,YES please,,manual_product,50100268269907,1.50,,1.50,(+£1.50) Matching Hair Tie,,bridal party bundle stretch,9436212527443
773366,checkbox-19,Checkbox 18,YES please gift box my bracelet,,manual_product,50089862267219,2.00,,2.00,(+£2) Gift Box,,bridal party bundle stretch,9436212527443
773366,checkbox-20,Checkbox 19,YES please,,manual_product,50100268269907,1.50,,1.50,(+£1.50) Matching Hair Tie,,bridal party bundle stretch,9436212527443
773363,checkbox-1,Add branded gift box,YES please gift box my bracelet,,manual_product,50089862267219,2.00,,2.00,(+£2) Gift Box,,rainbow stretch,9436289335635
773363,checkbox-2,Add matching hair tie,YES please,,manual_product,50100268269907,1.50,,1.50,(+£1.50) Matching Hair Tie,,rainbow stretch,9436289335635
773363,select-11,**INCREDIBLE OFFER** Buy a second stretch bracelet for £9.95,YES Please,,manual_product,50100810088787,9.95,,,,linked variant not in active catalogue,rainbow stretch,9436289335635
773363,checkbox-3,Add branded gift box,YES please gift box my bracelet,,manual_product,50089862267219,2.00,,2.00,(+£2) Gift Box,,rainbow stretch,9436289335635
773363,checkbox-4,Add matching hair tie,YES please,,manual_product,50100268269907,1.50,,1.50,(+£1.50) Matching Hair Tie,,rainbow stretch,9436289335635
773361,checkbox-1,Add branded gift box,YES please gift box my bracelet ,,manual_product,50089862267219,2.00,,2.00,(+£2) Gift Box,,I Do Day stretch,9436217049427
773361,checkbox-2,Add matching hair tie,YES please,,manual_product,50100268269907,1.50,,1.50,(+£1.50) Matching Hair Tie,,I Do Day stretch,9436217049427
773361,select-11,**INCREDIBLE OFFER** Buy a second stretch bracelet for £9.95,YES Please,,manual_product,50100810088787,9.95,,,,linked variant not in active catalogue,I Do Day stretch,9436217049427
773361,checkbox-3,Add branded gift box,YES please gift box my bracelet ,,manual_product,50089862267219,2.00,,2.00,(+£2) Gift Box,,I Do Day stretch,9436217049427
773361,checkbox-4,Add matching hair tie,YES please,,manual_product,50100268269907,1.50,,1.50,(+£1.50) Matching Hair Tie,,I Do Day stretch,9436217049427
773360,checkbox-1,Add branded gift box,YES please gift box my bracelet,,manual_product,50089862267219,2.00,,2.00,(+£2) Gift Box,,teacher stretch,9436224749907
773360,checkbox-2,Add matching hair tie,YES please,,manual_product,50100268269907,1.50,,1.50,(+£1.50) Matching Hair Tie,,teacher stretch,9436224749907
773360,select-11,**INCREDIBLE OFFER** Buy a second stretch bracelet for £9.95,YES Please,,manual_product,50100810088787,9.95,,,,linked variant not in active catalogue,teacher stretch,9436224749907
773360,checkbox-3,Add branded gift box,YES please gift box my bracelet,,manual_product,50089862267219,2.00,,2.00,(+£2) Gift Box,,teacher stretch,9436224749907
773360,checkbox-4,Add matching hair tie,YES please,,manual_product,50100268269907,1.50,,1.50,(+£1.50) Matching Hair Tie,,teacher stretch,9436224749907
773355,checkbox-1,Add branded gift box,YES please gift box my bracelet,,manual_product,50089862267219,2.00,,2.00,(+£2) Gift Box,,bridesmaid stretch,9436212756819
773355,checkbox-2,Add matching hair tie,YES please,,manual_product,50100268269907,1.50,,1.50,(+£1.50) Matching Hair Tie,,bridesmaid stretch,9436212756819
773355,select-11,**INCREDIBLE OFFER** Buy a second stretch bracelet for £9.95,YES Please,,manual_product,50100810088787,9.95,,,,linked variant not in active catalogue,bridesmaid stretch,9436212756819
773355,checkbox-3,Add branded gift box,YES please gift box my bracelet,,manual_product,50089862267219,2.00,,2.00,(+£2) Gift Box,,bridesmaid stretch,9436212756819
773355,checkbox-4,Add matching hair tie,YES please,,manual_product,50100268269907,1.50,,1.50,(+£1.50) Matching Hair Tie,,bridesmaid stretch,9436212756819
773349,checkbox-1,Add branded gift box,YES please gift box my bracelet,,manual_product,50089862267219,2.00,,2.00,(+£2) Gift Box,,1 line Stretch sparkle,9436287500627
773349,checkbox-2,Add matching hair tie,YES please,,manual_product,50100268269907,1.50,,1.50,(+£1.50) Matching Hair Tie,,1 line Stretch sparkle,9436287500627
773349,select-11,**INCREDIBLE OFFER** Buy a second stretch bracelet for £9.95,YES Please,,manual_product,50100810088787,9.95,,,,linked variant not in active catalogue,1 line Stretch sparkle,9436287500627
773349,checkbox-3,Add branded gift box,YES please gift box my bracelet,,manual_product,50089862267219,2.00,,2.00,(+£2) Gift Box,,1 line Stretch sparkle,9436287500627
773349,checkbox-4,Add matching hair tie,YES please,,manual_product,50100268269907,1.50,,1.50,(+£1.50) Matching Hair Tie,,1 line Stretch sparkle,9436287500627
773339,checkbox-1,Add branded gift box,YES please gift box my bracelet,,manual_product,50089862267219,2.00,,2.00,(+£2) Gift Box,,2 line Stretch sparkle,9436287959379
773339,checkbox-2,Add matching hair tie,YES please,,manual_product,50100268269907,1.50,,1.50,(+£1.50) Matching Hair Tie,,2 line Stretch sparkle,9436287959379
773339,select-11,**INCREDIBLE OFFER** Buy a second stretch bracelet for £9.95,YES Please,,manual_product,50100810088787,9.95,,,,linked variant not in active catalogue,2 line Stretch sparkle,9436287959379
773339,checkbox-3,Add branded gift box,YES please gift box my bracelet,,manual_product,50089862267219,2.00,,2.00,(+£2) Gift Box,,2 line Stretch sparkle,9436287959379
773339,checkbox-4,Add matching hair tie,YES please,,manual_product,50100268269907,1.50,,1.50,(+£1.50) Matching Hair Tie,,2 line Stretch sparkle,9436287959379
773336,checkbox-1,Add branded gift box,YES please gift box my bracelet,,manual_product,50089862267219,2.00,,2.00,(+£2) Gift Box,,1 line Stretch,9436246245715
773336,checkbox-2,Add matching hair tie,YES please ,,manual_product,50100268269907,1.50,,1.50,(+£1.50) Matching Hair Tie,,1 line Stretch,9436246245715
773336,select-11,**INCREDIBLE OFFER** Buy a second stretch bracelet for £9.95,YES Please,,manual_product,50100810088787,9.95,,,,linked variant not in active catalogue,1 line Stretch,9436246245715
773336,checkbox-3,Add branded gift box,YES please gift box my bracelet,,manual_product,50089862267219,2.00,,2.00,(+£2) Gift Box,,1 line Stretch,9436246245715
773336,checkbox-4,Add matching hair tie,YES please ,,manual_product,50100268269907,1.50,,1.50,(+£1.50) Matching Hair Tie,,1 line Stretch,9436246245715
773322,checkbox-1,Add branded gift box,YES please gift box my bracelet,,manual_product,50089862267219,2.00,,2.00,(+£2) Gift Box,,2 line Stretch,9436289139027
773322,checkbox-2,Add matching hair tie,YES please ,,manual_product,50100268269907,1.50,,1.50,(+£1.50) Matching Hair Tie,,2 line Stretch,9436289139027
773322,select-11,**INCREDIBLE OFFER** Buy a second stretch bracelet for £9.95,YES Please,,manual_product,50100810088787,9.95,,,,linked variant not in active catalogue,2 line Stretch,9436289139027
773322,checkbox-3,Add branded gift box,YES please gift box my bracelet,,manual_product,50089862267219,2.00,,2.00,(+£2) Gift Box,,2 line Stretch,9436289139027
773322,checkbox-4,Add matching hair tie,YES please ,,manual_product,50100268269907,1.50,,1.50,(+£1.50) Matching Hair Tie,,2 line Stretch,9436289139027
773316,checkbox-1,Add branded gift box,YES please gift box my bracelet,,manual_product,50089862267219,2.00,,2.00,(+£2) Gift Box,,Tiny hug Stretch,9436288778579
773316,checkbox-2,Add matching hair tie,YES please,,manual_product,50100268269907,1.50,,1.50,(+£1.50) Matching Hair Tie,,Tiny hug Stretch,9436288778579
773316,select-11,**INCREDIBLE OFFER** Buy a second stretch bracelet for £9.95,YES Please,,manual_product,50100810088787,9.95,,,,linked variant not in active catalogue,Tiny hug Stretch,9436288778579
773316,checkbox-3,Add branded gift box,YES please gift box my bracelet,,manual_product,50089862267219,2.00,,2.00,(+£2) Gift Box,,Tiny hug Stretch,9436288778579
773316,checkbox-4,Add matching hair tie,YES please,,manual_product,50100268269907,1.50,,1.50,(+£1.50) Matching Hair Tie,,Tiny hug Stretch,9436288778579
773285,checkbox-1,Add branded gift box,YES please gift box my bracelet,,manual_product,50089862267219,2.00,,2.00,(+£2) Gift Box,,Mummy & Me Stretch,9436244967763
773285,checkbox-2,Add matching hair tie,YES please one each,,manual_product,50100654539091,3.00,,3.00,(+£3) 2x Matching Hair Tie,,Mummy & Me Stretch,9436244967763
773285,checkbox-2,,YES please just one,,manual_product,50100268269907,1.50,,1.50,(+£1.50) Matching Hair Tie,,Mummy & Me Stretch,9436244967763
773244,select-6,,Add White frame,,manual_product,50112985366867,15.00,,15.00,(+£15) Add WHITE Frame,,Love is What Happens print,9436230484307
773244,select-6,,Add Grey frame,,manual_product,50112991887699,15.00,,15.00,(+£15) Add GREY Frame,,Love is What Happens print,9436230484307
773244,select-5,**INCREDIBLE OFFER** Buy a second one for just £5,YES Please,,manual_product,50207004033363,5.00,,5.00,(+£5) **INCREDIBLE OFFER** PRINT,,Love is What Happens print,9436230484307
773244,select-7,,Add White frame,,manual_product,50112985366867,15.00,,15.00,(+£15) Add WHITE Frame,,Love is What Happens print,9436230484307
773244,select-7,,Add Grey frame,,manual_product,50112991887699,15.00,,15.00,(+£15) Add GREY Frame,,Love is What Happens print,9436230484307
773240,select-9,,Add White Frame,,manual_product,50112985366867,15.00,,15.00,(+£15) Add WHITE Frame,,Perfect Fit print,9436231958867
773240,select-9,,Add Grey Frame,,manual_product,50112991887699,15.00,,15.00,(+£15) Add GREY Frame,,Perfect Fit print,9436231958867
773240,select-6,**INCREDIBLE OFFER** Buy a second one for just £6.95,YES Please,,manual_product,50206675468627,6.95,,6.95,(+£6.95) **INCREDIBLE OFFER** PRINT,,Perfect Fit print,9436231958867
773240,select-10,,Add White Frame,,manual_product,50112985366867,15.00,,15.00,(+£15) Add WHITE Frame,,Perfect Fit print,9436231958867
773240,select-10,,Add Grey Frame,,manual_product,50112991887699,15.00,,15.00,(+£15) Add GREY Frame,,Perfect Fit print,9436231958867
773237,select-4,,Add White frame,,manual_product,50112985366867,15.00,,15.00,(+£15) Add WHITE Frame,,Bunny P print,9436227535187
773237,select-4,,Add Grey frame,,manual_product,50112991887699,15.00,,15.00,(+£15) Add GREY Frame,,Bunny P print,9436227535187
773237,select-5,"**INCREDIBLE OFFER** Buy a second one for just £6,95",YES Please,,manual_product,50206675468627,6.95,,6.95,(+£6.95) **INCREDIBLE OFFER** PRINT,label amount differs; inspect total/increment semantics,Bunny P print,9436227535187
773237,select-6,,Add White frame,,manual_product,50112985366867,15.00,,15.00,(+£15) Add WHITE Frame,,Bunny P print,9436227535187
773237,select-6,,Add Grey frame,,manual_product,50112991887699,15.00,,15.00,(+£15) Add GREY Frame,,Bunny P print,9436227535187
773230,select-4,,Add White frame ,,manual_product,50112985366867,15.00,,15.00,(+£15) Add WHITE Frame,,Bunny B print,9436227371347
773230,select-4,,Add Grey frame,,manual_product,50112991887699,15.00,,15.00,(+£15) Add GREY Frame,,Bunny B print,9436227371347
773230,select-5,**INCREDIBLE OFFER** Buy a second one for just £6.95,YES Please,,manual_product,50206675468627,6.95,,6.95,(+£6.95) **INCREDIBLE OFFER** PRINT,,Bunny B print,9436227371347
773230,select-6,,Add White frame ,,manual_product,50112985366867,15.00,,15.00,(+£15) Add WHITE Frame,,Bunny B print,9436227371347
773230,select-6,,Add Grey frame,,manual_product,50112991887699,15.00,,15.00,(+£15) Add GREY Frame,,Bunny B print,9436227371347
773214,select-4,,Add White frame ,,manual_product,50112985366867,15.00,,15.00,(+£15) Add WHITE Frame,,Mother's Day Newspaper Print,9807409381715
773214,select-4,,Add Grey frame,,manual_product,50112991887699,15.00,,15.00,(+£15) Add GREY Frame,,Mother's Day Newspaper Print,9807409381715
773214,select-5,**INCREDIBLE OFFER** Buy a second one for just £6.95,YES Please,,manual_product,50206675468627,6.95,,6.95,(+£6.95) **INCREDIBLE OFFER** PRINT,,Mother's Day Newspaper Print,9807409381715
773214,select-6,,Add White frame ,,manual_product,50112985366867,15.00,,15.00,(+£15) Add WHITE Frame,,Mother's Day Newspaper Print,9807409381715
773214,select-6,,Add Grey frame ,,manual_product,50112991887699,15.00,,15.00,(+£15) Add GREY Frame,,Mother's Day Newspaper Print,9807409381715
772692,select-4,,Add White frame ,,manual_product,50112985366867,15.00,,15.00,(+£15) Add WHITE Frame,,Watercolour flower print 3,"9436259025235,9436259287379"
772692,select-4,,Add Grey frame ,,manual_product,50112991887699,15.00,,15.00,(+£15) Add GREY Frame,,Watercolour flower print 3,"9436259025235,9436259287379"
772692,select-7,,7,,manual_product,50113878884691,3.00,,3.00,(+£3) 7 Flowers,,Watercolour flower print 3,"9436259025235,9436259287379"
772692,select-7,,8,,manual_product,50113883570515,3.00,,3.00,(+£3) 8 Flowers,,Watercolour flower print 3,"9436259025235,9436259287379"
772692,select-7,,9,,manual_product,50113886257491,3.00,,3.00,(+£3) 9 Flowers,,Watercolour flower print 3,"9436259025235,9436259287379"
772692,select-7,,10,,manual_product,50113887109459,3.00,,3.00,(+£3) 10 Flowers,,Watercolour flower print 3,"9436259025235,9436259287379"
772692,select-7,,11,,manual_product,50113887306067,3.00,,3.00,(+£3) 11 Flowers,,Watercolour flower print 3,"9436259025235,9436259287379"
772692,select-7,,12 ,,manual_product,50113888059731,3.00,,3.00,(+£3) 12 Flowers,,Watercolour flower print 3,"9436259025235,9436259287379"
772692,select-1,**INCREDIBLE OFFER** Buy a second one for just £6.95,YES Please,,manual_product,50206675468627,6.95,,6.95,(+£6.95) **INCREDIBLE OFFER** PRINT,,Watercolour flower print 3,"9436259025235,9436259287379"
772692,select-5,,Add White frame,,manual_product,50112985366867,15.00,,15.00,(+£15) Add WHITE Frame,,Watercolour flower print 3,"9436259025235,9436259287379"
772692,select-5,,Add Grey frame,,manual_product,50112991887699,15.00,,15.00,(+£15) Add GREY Frame,,Watercolour flower print 3,"9436259025235,9436259287379"
772692,select-8,,7,,manual_product,50113878884691,3.00,,3.00,(+£3) 7 Flowers,,Watercolour flower print 3,"9436259025235,9436259287379"
772692,select-8,,8 ,,manual_product,50113883570515,3.00,,3.00,(+£3) 8 Flowers,,Watercolour flower print 3,"9436259025235,9436259287379"
772692,select-8,,9 ,,manual_product,50113886257491,3.00,,3.00,(+£3) 9 Flowers,,Watercolour flower print 3,"9436259025235,9436259287379"
772692,select-8,,10,,manual_product,50113887109459,3.00,,3.00,(+£3) 10 Flowers,,Watercolour flower print 3,"9436259025235,9436259287379"
772692,select-8,,11,,manual_product,50113887306067,3.00,,3.00,(+£3) 11 Flowers,,Watercolour flower print 3,"9436259025235,9436259287379"
772692,select-8,,12,,manual_product,50113888059731,3.00,,3.00,(+£3) 12 Flowers,,Watercolour flower print 3,"9436259025235,9436259287379"
772689,select-4,,Add White frame ,,manual_product,50112985366867,15.00,,15.00,(+£15) Add WHITE Frame,,Watercolour flower print 2,"9436257976659,9436258206035,9436258337107,9436258828627,9436258894163,9436259090771,9436259352915,9436259942739"
772689,select-4,,Add Grey frame ,,manual_product,50112991887699,15.00,,15.00,(+£15) Add GREY Frame,,Watercolour flower print 2,"9436257976659,9436258206035,9436258337107,9436258828627,9436258894163,9436259090771,9436259352915,9436259942739"
772689,select-1,**INCREDIBLE OFFER** Buy a second one for just £6.95,YES Please,,manual_product,50206675468627,6.95,,6.95,(+£6.95) **INCREDIBLE OFFER** PRINT,,Watercolour flower print 2,"9436257976659,9436258206035,9436258337107,9436258828627,9436258894163,9436259090771,9436259352915,9436259942739"
772689,select-5,,Add White frame,,manual_product,50112985366867,15.00,,15.00,(+£15) Add WHITE Frame,,Watercolour flower print 2,"9436257976659,9436258206035,9436258337107,9436258828627,9436258894163,9436259090771,9436259352915,9436259942739"
772689,select-5,,Add Grey frame,,manual_product,50112991887699,15.00,,15.00,(+£15) Add GREY Frame,,Watercolour flower print 2,"9436257976659,9436258206035,9436258337107,9436258828627,9436258894163,9436259090771,9436259352915,9436259942739"
772685,select-10,,A3,,manual_product,51801994887507,5.00,,5.00,(+£5) A3 Print,,Holiday Print,10107169112403
772685,select-4,,Add White frame,,manual_product,50112985366867,15.00,,15.00,(+£15) Add WHITE Frame,,Holiday Print,10107169112403
772685,select-4,,Add Grey frame ,,manual_product,50112991887699,15.00,,15.00,(+£15) Add GREY Frame,,Holiday Print,10107169112403
772685,select-4,,Add Black Frame,,manual_product,51775353815379,15.00,,15.00,(+£15) Add BLACK Frame,,Holiday Print,10107169112403
772685,select-1,**INCREDIBLE OFFER** Buy a second one for just £6.95,YES Please,,manual_product,50206675468627,6.95,,6.95,(+£6.95) **INCREDIBLE OFFER** PRINT,,Holiday Print,10107169112403
772685,select-11,,A3,,manual_product,51801994887507,5.00,,5.00,(+£5) A3 Print,,Holiday Print,10107169112403
772685,select-8,,Add White frame,,manual_product,50112985366867,15.00,,15.00,(+£15) Add WHITE Frame,,Holiday Print,10107169112403
772685,select-8,,Add Grey frame ,,manual_product,50112991887699,15.00,,15.00,(+£15) Add GREY Frame,,Holiday Print,10107169112403
772685,select-8,,Add Black Frame,,manual_product,51775353815379,15.00,,15.00,(+£15) Add BLACK Frame,,Holiday Print,10107169112403
772685,checkbox-1,Add&#039; Great Adventures Await&#039; porcelain pebble?,Yes please,,manual_product,51198886478163,4.95,,3.95,Porcelain ‘Great Adventures await’ pebble,cached variant_price differs,Holiday Print,10107169112403
772684,select-3,**INCREDIBLE OFFER** Buy a second one for just £6,YES Please,,manual_product,50202293076307,6.00,,6.00,(+£6) **INCREDIBLE OFFER** DECORATION,,Baby’s First xmas dec,9436260729171
772682,select-3,**INCREDIBLE OFFER** Buy a second one for just £6,YES Please,,manual_product,50202293076307,6.00,,6.00,(+£6) **INCREDIBLE OFFER** DECORATION,,Family xmas dec,9436261056851
772681,select-3,**INCREDIBLE OFFER** Buy a second one for just £6,YES Please,,manual_product,50202293076307,6.00,,6.00,(+£6) **INCREDIBLE OFFER** DECORATION,,pet 1st xmas dec,9436262400339
772677,select-3,**INCREDIBLE OFFER** Buy a second one for just £6,YES Please,,manual_product,50202293076307,6.00,,6.00,(+£6) **INCREDIBLE OFFER** DECORATION,,First Christmas as mum dad xmas dec,9436261155155
772674,select-3,**INCREDIBLE OFFER** Buy a second one for just £6,YES Please,,manual_product,50202293076307,6.00,,6.00,(+£6) **INCREDIBLE OFFER** DECORATION,,First Christmas as xmas dec,9436261089619
772670,select-3,**INCREDIBLE OFFER** Buy a second one for just £6,YES Please,,manual_product,50202293076307,6.00,,6.00,(+£6) **INCREDIBLE OFFER** DECORATION,,pet remembrance xmas dec,9436262498643
772666,select-3,**INCREDIBLE OFFER** Buy a second one for just £6,YES Please,,manual_product,50202293076307,6.00,,6.00,(+£6) **INCREDIBLE OFFER** DECORATION,,mr mrs xmas dec,9436261220691
772664,select-3,**INCREDIBLE OFFER** Buy a second one for just £6,YES Please,,manual_product,50202293076307,6.00,,6.00,(+£6) **INCREDIBLE OFFER** DECORATION,,angel xmas dec,9436260893011
772661,select-3,**INCREDIBLE OFFER** Buy a second one for just £6,YES Please,,manual_product,50202293076307,6.00,,6.00,(+£6) **INCREDIBLE OFFER** DECORATION,,new home/first xmas together dec,"9436261515603,9436261613907"
772658,select-1,**INCREDIBLE OFFER** Buy a second planner for just £17.95!,YES Please,,manual_product,50091050729811,17.95,,17.95,(+£17.95) **INCREDIBLE OFFER** PLANNER,,monthly Calendar,9436266430803
772658,checkbox-1,Add Mounting strips to your order?,Yes Please,,manual_product,50706678514003,1.95,,1.99,(£1.99) Mounting Strips,cached variant_price differs,monthly Calendar,9436266430803
772654,select-1,**INCREDIBLE OFFER** Buy a second planner for just £17.95!,YES Please,,manual_product,50091050729811,17.95,,17.95,(+£17.95) **INCREDIBLE OFFER** PLANNER,,weekly planner,9436266496339
772654,checkbox-1,Add mounting strips to your order?,Yes Please,,manual_product,50706678514003,1.95,,1.99,(£1.99) Mounting Strips,cached variant_price differs,weekly planner,9436266496339
772646,select-4,Number of otters (Get a 2nd one for just £4!),1,,manual_product,,,,,,,ac otter/bear,"9436272394579,9436272263507"
772646,select-4,,2,,manual_product,50202239467859,4.00,,4.00,(+£4) 2x Otters,,ac otter/bear,"9436272394579,9436272263507"
772646,select-5,Number of bears (Get a 2nd one for just £4!),1,,manual_product,,,,,,,ac otter/bear,"9436272394579,9436272263507"
772646,select-5,,2,,manual_product,50202254541139,4.00,,4.00,(+£4) 2x Bears,,ac otter/bear,"9436272394579,9436272263507"
772646,select-6,Would you like your item gift wrapped?,YES Please,,manual_product,50089862267219,2.00,,2.00,(+£2) Gift Box,,ac otter/bear,"9436272394579,9436272263507"
772642,select-2,Size of heart,Small 10 x 10cm (£10.95),,manual_product,,,,,,,bunny heart b,9436248605011
772642,select-2,,Large 15 x 15cm (£14.95),,manual_product,50201180930387,4.00,,10.45,(+£10.45) Large Street Sign,cached variant_price differs; label amount differs; inspect total/increment semantics,bunny heart b,9436248605011
772642,select-1,**INCREDIBLE OFFER** Buy a second heart for just £5!,YES Please,,manual_product,50199462838611,5.00,,5.00,(+£5) **INCREDIBLE OFFER** DECORATION,,bunny heart b,9436248605011
772642,select-3,,Large 15 x 15cm,,manual_product,50201180930387,4.00,,10.45,(+£10.45) Large Street Sign,cached variant_price differs,bunny heart b,9436248605011
772605,select-2,Size of heart,Small 10 x 10cm (£10.95),,manual_product,,,,,,,bunny heart p,9436248703315
772605,select-2,,Large 15 x 15cm (£14.95),,manual_product,50201180930387,4.00,,10.45,(+£10.45) Large Street Sign,cached variant_price differs; label amount differs; inspect total/increment semantics,bunny heart p,9436248703315
772605,select-1,**INCREDIBLE OFFER** Buy a second heart for just £5!,YES Please,,manual_product,50199462838611,5.00,,5.00,(+£5) **INCREDIBLE OFFER** DECORATION,,bunny heart p,9436248703315
772605,select-3,Select 2,Small 10 x 10cm (£5),,manual_product,,,,,,,bunny heart p,9436248703315
772605,select-3,,Large 15 x 15cm (£9),,manual_product,50201180930387,4.00,,10.45,(+£10.45) Large Street Sign,cached variant_price differs; label amount differs; inspect total/increment semantics,bunny heart p,9436248703315
772601,select-2,**INCREDIBLE OFFER** Get a second one for just £13.95,YES Please,,manual_product,50090979393875,13.95,,13.95,(+£13.95) **INCREDIBLE OFFER**,,Teacher Pencil,9436274393427
772597,select-2,**INCREDIBLE OFFER** get a 2nd coaster for just £5.95!,YES Please,,manual_product,50199409230163,5.95,,5.95,(+£5.95) **INCREDIBLE OFFER** COASTER,,Learning Journey” Coaster,9436275212627
772589,select-12,,7 ,,manual_product,50201983287635,1.50,,1.50,(+£1.50) 7/8 Names SIGNPOST,,Signpost,9436239528275
772589,select-12,,8 ,,manual_product,50201983287635,1.50,,1.50,(+£1.50) 7/8 Names SIGNPOST,,Signpost,9436239528275
772589,select-14, **INCREDIBLE OFFER** Buy a second one for just £6.95,YES Please,,manual_product,50201383764307,6.95,,6.95,(+£6.95) **INCREDIBLE OFFER** DECORATION,,Signpost,9436239528275
772589,select-15,,7 ,,manual_product,50201983287635,1.50,,1.50,(+£1.50) 7/8 Names SIGNPOST,,Signpost,9436239528275
772589,select-15,,8 ,,manual_product,50201983287635,1.50,,1.50,(+£1.50) 7/8 Names SIGNPOST,,Signpost,9436239528275
772565,select-14, **INCREDIBLE OFFER** Buy a second one for just £10.95,YES Please,,manual_product,50201961693523,10.95,,10.95,(+£10.95) **INCREDIBLE OFFER** DECORATION,,Bee heart,9436263154003
772547,select-13,**INCREDIBLE OFFER** Buy a second one for just £5,YES Please,,manual_product,50199462838611,5.00,,5.00,(+£5) **INCREDIBLE OFFER** DECORATION,,Christmas Eve Heart,9436283830611
772537,select-2,**INCREDIBLE OFFER** buy a second keyring for £7.95,YES Please,,manual_product,50201922273619,7.95,,8.95,(+£8.95) **INCREDIBLE OFFER** KEYRING,cached variant_price differs; label amount differs; inspect total/increment semantics,Minifigure Keyring,9436274983251
772537,checkbox-1,Greetings card?,Yes Please,,manual_product,51376666116435,3.75,,,,linked variant not in active catalogue,Minifigure Keyring,9436274983251
772532,select-12,,2,,manual_product,50201837044051,5.95,,5.95,(+£5.95) 2x Robins,,Family robins,9436262695251
772532,select-12,,3,,manual_product,50201849168211,11.90,,11.90,(+£11.90) 3x Robins,,Family robins,9436262695251
772532,select-12,,4,,manual_product,50201851593043,16.05,,16.05,(+£16.05) 4x Robins,,Family robins,9436262695251
772532,select-12,,5,,manual_product,50201856016723,21.00,,21.00,(+£21) 5x Robins,,Family robins,9436262695251
772532,select-12,,6,,manual_product,50201858376019,25.95,,25.95,(+£25.95) 6x Robins,,Family robins,9436262695251
772532,select-12,,7,,manual_product,50201862799699,30.90,,30.90,(+£30.90) 7x Robins,,Family robins,9436262695251
772532,select-12,,8,,manual_product,50201864339795,34.85,,34.85,(+£34.85) 8x Robins,,Family robins,9436262695251
772532,select-12,,9,,manual_product,50201866338643,38.80,,38.80,(+£38.80) 9x Robins,,Family robins,9436262695251
772532,select-12,,10,,manual_product,50201870664019,42.75,,42.75,(+£42.75) 10x Robins,,Family robins,9436262695251
772532,select-12,,11,,manual_product,50201873940819,46.70,,46.70,(+£46.70) 11x Robins,,Family robins,9436262695251
772532,select-12,,12,,manual_product,50201882001747,50.00,,50.00,(+£50) 12x Robins,,Family robins,9436262695251
772528,select-13,**INCREDIBLE OFFER** Buy a second one for just £4.95,YES Please,,manual_product,49588707623251,4.95,4.95,11.95,**INCREDIBLE OFFER** Buy a second one for just £11.95,cached variant_price differs; label amount differs; inspect total/increment semantics,robin remembrance,9436262728019
772525,select-13,**INCREDIBLE OFFER** Buy a second one for just £10.95,YES Please,,manual_product,50086479429971,10.95,,10.95,(+£10.95) **INCREDIBLE OFFER** BOARD,,santa board,9436273213779
772498,select-12,,5 ,,manual_product,50089342337363,2.00,,2.00,(+£2) 5/6 stockings,,Family fireplace,9436252176723
772498,select-12,,6 ,,manual_product,50089342337363,2.00,,2.00,(+£2) 5/6 stockings,,Family fireplace,9436252176723
772498,select-12,,7,,manual_product,50201793495379,4.00,,4.00,(+4) 7/8 stockings,,Family fireplace,9436252176723
772498,select-12,,8 ,,manual_product,50201793495379,4.00,,4.00,(+4) 7/8 stockings,,Family fireplace,9436252176723
772498,select-13,**INCREDIBLE OFFER** Buy a second one for just £20,YES Please,,manual_product,50201802244435,20.00,,20.00,(+£20) **INCREDIBLE OFFER** FIREPLACE,,Family fireplace,9436252176723
772498,select-51,,5 ,,manual_product,50089342337363,2.00,,2.00,(+£2) 5/6 stockings,,Family fireplace,9436252176723
772498,select-51,,6 ,,manual_product,50089342337363,2.00,,2.00,(+£2) 5/6 stockings,,Family fireplace,9436252176723
772498,select-51,,7 ,,manual_product,50201793495379,4.00,,4.00,(+4) 7/8 stockings,,Family fireplace,9436252176723
772498,select-51,,8,,manual_product,50201793495379,4.00,,4.00,(+4) 7/8 stockings,,Family fireplace,9436252176723
772490,select-24,,Large 13 x 8.5cm,,manual_product,49582124269907,3.00,,3.00,Size of heart,,xmas door,9436264399187
772490,select-13,**INCREDIBLE OFFER** Buy a second one for just £9.95,NO Thanks,,manual_product,,,,,,,xmas door,9436264399187
772490,select-13,,YES Please,,manual_product,50112897155411,9.95,,9.95,**INCREDIBLE OFFER** Buy a second one for just £9.95,,xmas door,9436264399187
772490,select-36,,Large 13 x 8.5cm ,,manual_product,49582124269907,3.00,,3.00,Size of heart,,xmas door,9436264399187
772445,select-1,,Large 50 x 20cm ,,manual_product,50189649707347,10.00,,10.00,(+£10) LARGE PEBBLESCAPE,,new baby stork pebblescape,9436255551827
772445,select-2,**INCREDIBLE OFFER** Buy a second one for just £20,YES Please,,manual_product,49576979005779,20.00,,20.00,(+£20) **INCREDIBLE OFFER** PEBBLESCAPE,,new baby stork pebblescape,9436255551827
772445,select-3,,Large 50 x 20cm ,,manual_product,50189649707347,10.00,,10.00,(+£10) LARGE PEBBLESCAPE,,new baby stork pebblescape,9436255551827
772442,select-12,,7 (Inc Cat/Dog) ,,manual_product,50189901332819,3.00,,3.00,(+£3) 7/8 Pebbles,,christening pebblescape,9436248834387
772442,select-12,,8 (Inc Cat/Dog) ,,manual_product,50189901332819,3.00,,3.00,(+£3) 7/8 Pebbles,,christening pebblescape,9436248834387
772442,select-12,,9 (Large pebblescape),,manual_product,50090999611731,16.00,,16.00,(+£16) Large Pebblescape,,christening pebblescape,9436248834387
772442,select-12,,10 (Large pebblescape),,manual_product,50090999611731,16.00,,16.00,(+£16) Large Pebblescape,,christening pebblescape,9436248834387
772442,select-12,,11 (Large pebblescape),,manual_product,50189877772627,19.00,,19.00,(+£19) Large Pebblescape,,christening pebblescape,9436248834387
772442,select-12,,12 (Large pebblescape),,manual_product,50189877772627,19.00,,19.00,(+£19) Large Pebblescape,,christening pebblescape,9436248834387
772442,select-50,Size of pebblescape,Small 38cm x 15cm (£24.95),,manual_product,,,,,,,christening pebblescape,9436248834387
772442,select-50,,Large 50cm x 20cm (£34.95),,manual_product,50189649707347,10.00,,10.00,(+£10) LARGE PEBBLESCAPE,label amount differs; inspect total/increment semantics,christening pebblescape,9436248834387
772442,select-13,**INCREDIBLE OFFER** Buy a second one for just £20,YES Please,,manual_product,49576979005779,20.00,,20.00,(+£20) **INCREDIBLE OFFER** PEBBLESCAPE,,christening pebblescape,9436248834387
772442,select-38,,7 (Inc Cat/Dog) ,,manual_product,50189901332819,3.00,,3.00,(+£3) 7/8 Pebbles,,christening pebblescape,9436248834387
772442,select-38,,8 (Inc Cat/Dog) ,,manual_product,50189901332819,3.00,,3.00,(+£3) 7/8 Pebbles,,christening pebblescape,9436248834387
772442,select-38,,9 (Large pebblescape),,manual_product,50090999611731,16.00,,16.00,(+£16) Large Pebblescape,,christening pebblescape,9436248834387
772442,select-38,,10 (Large pebblescape),,manual_product,50090999611731,16.00,,16.00,(+£16) Large Pebblescape,,christening pebblescape,9436248834387
772442,select-38,,11 (Large pebblescape),,manual_product,50189877772627,19.00,,19.00,(+£19) Large Pebblescape,,christening pebblescape,9436248834387
772442,select-38,,12 (Large pebblescape),,manual_product,50189877772627,19.00,,19.00,(+£19) Large Pebblescape,,christening pebblescape,9436248834387
772442,select-51,Select 14,Small 38cm x 15cm (£20),,manual_product,,,,,,,christening pebblescape,9436248834387
772442,select-51,,Large 50cm x 20cm (£30),,manual_product,50189649707347,10.00,,10.00,(+£10) LARGE PEBBLESCAPE,label amount differs; inspect total/increment semantics,christening pebblescape,9436248834387
772441,select-1,,Large 50 x 20cm,,manual_product,50189649707347,10.00,,10.00,(+£10) LARGE PEBBLESCAPE,,wedding/engagement swing pebblescape,"9436260237651,9436250603859"
772441,select-2,**INCREDIBLE OFFER** Buy a second one for just £20,YES Please,,manual_product,49576979005779,20.00,,20.00,(+£20) **INCREDIBLE OFFER** PEBBLESCAPE,,wedding/engagement swing pebblescape,"9436260237651,9436250603859"
772441,select-3,,Large 50 x 20cm,,manual_product,50189649707347,10.00,,10.00,(+£10) LARGE PEBBLESCAPE,,wedding/engagement swing pebblescape,"9436260237651,9436250603859"
770064,select-12,,7 (Inc Cat/Dog),,manual_product,50189901332819,3.00,,3.00,(+£3) 7/8 Pebbles,,New home pebblescape,9436255715667
770064,select-12,,8 (Inc Cat/Dog),,manual_product,50189901332819,3.00,,3.00,(+£3) 7/8 Pebbles,,New home pebblescape,9436255715667
770064,select-12,,9 (Large pebblescape),,manual_product,50090999611731,16.00,,16.00,(+£16) Large Pebblescape,,New home pebblescape,9436255715667
770064,select-12,,10 (Large pebblescape),,manual_product,50090999611731,16.00,,16.00,(+£16) Large Pebblescape,,New home pebblescape,9436255715667
770064,select-12,,11 (Large pebblescape),,manual_product,50189877772627,19.00,,19.00,(+£19) Large Pebblescape,,New home pebblescape,9436255715667
770064,select-12,,12 (Large pebblescape),,manual_product,50189877772627,19.00,,19.00,(+£19) Large Pebblescape,,New home pebblescape,9436255715667
770064,select-38,Size of pebblescape,Small 38cm x 15cm (£24.95),,manual_product,,,,,,,New home pebblescape,9436255715667
770064,select-38,,Large 50cm x 20cm (£34.95),,manual_product,50189649707347,10.00,,10.00,(+£10) LARGE PEBBLESCAPE,label amount differs; inspect total/increment semantics,New home pebblescape,9436255715667
770064,select-13,**INCREDIBLE OFFER** Buy a second one for just £20,YES Please,,manual_product,49576979005779,20.00,,20.00,(+£20) **INCREDIBLE OFFER** PEBBLESCAPE,,New home pebblescape,9436255715667
770064,select-25,,7 (Inc Cat/Dog) ,,manual_product,50189901332819,3.00,,3.00,(+£3) 7/8 Pebbles,,New home pebblescape,9436255715667
770064,select-25,,8 (Inc Cat/Dog),,manual_product,50189901332819,3.00,,3.00,(+£3) 7/8 Pebbles,,New home pebblescape,9436255715667
770064,select-25,,9 (Large pebblescape),,manual_product,50090999611731,16.00,,16.00,(+£16) Large Pebblescape,,New home pebblescape,9436255715667
770064,select-25,,10 (Large pebblescape),,manual_product,50090999611731,16.00,,16.00,(+£16) Large Pebblescape,,New home pebblescape,9436255715667
770064,select-25,,11 (Large pebblescape),,manual_product,50189877772627,19.00,,19.00,(+£19) Large Pebblescape,,New home pebblescape,9436255715667
770064,select-25,,12 (Large pebblescape),,manual_product,50189877772627,19.00,,19.00,(+£19) Large Pebblescape,,New home pebblescape,9436255715667
770064,select-39,Select 14,Small 38cm x 15cm (£20),,manual_product,,,,,,,New home pebblescape,9436255715667
770064,select-39,,Large 50cm x 20cm (£30),,manual_product,50189649707347,10.00,,10.00,(+£10) LARGE PEBBLESCAPE,label amount differs; inspect total/increment semantics,New home pebblescape,9436255715667
770062,select-1,,Large 50 x 20cm ,,manual_product,50189649707347,10.00,,10.00,(+£10) LARGE PEBBLESCAPE,,Love tree pebblescape,"9436250505555,9436246868307"
770062,select-2,**INCREDIBLE OFFER** Buy a second one for just £20,YES Please,,manual_product,49576979005779,20.00,,20.00,(+£20) **INCREDIBLE OFFER** PEBBLESCAPE,,Love tree pebblescape,"9436250505555,9436246868307"
770062,select-3,,Large 50 x 20cm ,,manual_product,50189649707347,10.00,,10.00,(+£10) LARGE PEBBLESCAPE,,Love tree pebblescape,"9436250505555,9436246868307"
770055,select-3,,7 (Inc Cat/Dog) ,,manual_product,50189901332819,3.00,,3.00,(+£3) 7/8 Pebbles,,PICTURE Thank you teacher,9436224684371
770055,select-3,,8 (Inc Cat/Dog) ,,manual_product,50189901332819,3.00,,3.00,(+£3) 7/8 Pebbles,,PICTURE Thank you teacher,9436224684371
770055,select-12,**INCREDIBLE OFFER** Buy a second one for just £20,YES Please,,manual_product,50087759413587,20.00,,20.00,(+£20) **INCREDIBLE OFFER** PICTURE,,PICTURE Thank you teacher,9436224684371
770055,select-15,,7 (Inc Cat/Dog) ,,manual_product,50189901332819,3.00,,3.00,(+£3) 7/8 Pebbles,,PICTURE Thank you teacher,9436224684371
770055,select-15,,8 (Inc Cat/Dog) ,,manual_product,50189901332819,3.00,,3.00,(+£3) 7/8 Pebbles,,PICTURE Thank you teacher,9436224684371
770031,select-12,,7 (Inc Cat/Dog) ,,manual_product,50189901332819,3.00,,3.00,(+£3) 7/8 Pebbles,,PICTURE By the sea,9436238414163
770031,select-12,,8 (Inc Cat/Dog) ,,manual_product,50189901332819,3.00,,3.00,(+£3) 7/8 Pebbles,,PICTURE By the sea,9436238414163
770031,select-14, **INCREDIBLE OFFER** Buy a second one for just £20,YES Please,,manual_product,50087759413587,20.00,,20.00,(+£20) **INCREDIBLE OFFER** PICTURE,,PICTURE By the sea,9436238414163
770031,select-17,,7 (Inc Cat/Dog) ,,manual_product,50189901332819,3.00,,3.00,(+£3) 7/8 Pebbles,,PICTURE By the sea,9436238414163
770031,select-17,,8 (Inc Cat/Dog) ,,manual_product,50189901332819,3.00,,3.00,(+£3) 7/8 Pebbles,,PICTURE By the sea,9436238414163
770027,select-12,,7 (Inc Cat/Dog) ,,manual_product,50189901332819,3.00,,3.00,(+£3) 7/8 Pebbles,,PICTURE Simple moments,"9436235071827,9436283699539"
770027,select-12,,8 (Inc Cat/Dog) ,,manual_product,50189901332819,3.00,,3.00,(+£3) 7/8 Pebbles,,PICTURE Simple moments,"9436235071827,9436283699539"
770027,select-14, **INCREDIBLE OFFER** Buy a second one for just £20,YES Please,,manual_product,50087759413587,20.00,,20.00,(+£20) **INCREDIBLE OFFER** PICTURE,,PICTURE Simple moments,"9436235071827,9436283699539"
770027,select-17,,7 (Inc Cat/Dog) ,,manual_product,50189901332819,3.00,,3.00,(+£3) 7/8 Pebbles,,PICTURE Simple moments,"9436235071827,9436283699539"
770027,select-17,,8 (Inc Cat/Dog) ,,manual_product,50189901332819,3.00,,3.00,(+£3) 7/8 Pebbles,,PICTURE Simple moments,"9436235071827,9436283699539"
770020,select-12,,7 (Inc Cat/Dog) ,,manual_product,50189901332819,3.00,,3.00,(+£3) 7/8 Pebbles,,PICTURE Walk in the park,9680213639507
770020,select-12,,8 (Inc Cat/Dog),,manual_product,50189901332819,3.00,,3.00,(+£3) 7/8 Pebbles,,PICTURE Walk in the park,9680213639507
770020,select-14, **INCREDIBLE OFFER** Buy a second one for just £20,YES Please,,manual_product,50087759413587,20.00,,20.00,(+£20) **INCREDIBLE OFFER** PICTURE,,PICTURE Walk in the park,9680213639507
770020,select-17,,7 (Inc Cat/Dog) ,,manual_product,50189901332819,3.00,,3.00,(+£3) 7/8 Pebbles,,PICTURE Walk in the park,9680213639507
770020,select-17,,8 (Inc Cat/Dog) ,,manual_product,50189901332819,3.00,,3.00,(+£3) 7/8 Pebbles,,PICTURE Walk in the park,9680213639507
769978,dropdown-1,,Large 15 x 15cm ,,manual_product,50089716711763,3.00,,3.00,(+£3) Large Decoration,,Just colour mothers heart,"9436211937619,9436213281107,9436213641555,9436214362451,9436214526291,9436216000851,9436219474259,9436215607635,9436216262995,9436216492371,9436216557907,9436217573715,9436217704787,9436218065235,9436218130771,9436218261843,9436219113811,9436219572563,9436220260691,9436220424531,9436221079891,9436221636947,9436221833555,9436221931859,9436222062931,9436222226771,9436222488915,9436222652755,9436223013203,9436224323923,9436224389459,9436225306963,9436225601875,9436225864019,9436226519379"
769978,select-1,**INCREDIBLE OFFER** Buy a second decoration for just £6.95,YES Please,,manual_product,50201383764307,6.95,,6.95,(+£6.95) **INCREDIBLE OFFER** DECORATION,,Just colour mothers heart,"9436211937619,9436213281107,9436213641555,9436214362451,9436214526291,9436216000851,9436219474259,9436215607635,9436216262995,9436216492371,9436216557907,9436217573715,9436217704787,9436218065235,9436218130771,9436218261843,9436219113811,9436219572563,9436220260691,9436220424531,9436221079891,9436221636947,9436221833555,9436221931859,9436222062931,9436222226771,9436222488915,9436222652755,9436223013203,9436224323923,9436224389459,9436225306963,9436225601875,9436225864019,9436226519379"
769978,dropdown-6,,Large 15 x 15cm ,,manual_product,50089716711763,3.00,,3.00,(+£3) Large Decoration,,Just colour mothers heart,"9436211937619,9436213281107,9436213641555,9436214362451,9436214526291,9436216000851,9436219474259,9436215607635,9436216262995,9436216492371,9436216557907,9436217573715,9436217704787,9436218065235,9436218130771,9436218261843,9436219113811,9436219572563,9436220260691,9436220424531,9436221079891,9436221636947,9436221833555,9436221931859,9436222062931,9436222226771,9436222488915,9436222652755,9436223013203,9436224323923,9436224389459,9436225306963,9436225601875,9436225864019,9436226519379"
769977,select-1,**INCREDIBLE OFFER** Buy a second one for just £5.95!,YES Please,,manual_product,50199409230163,5.95,,5.95,(+£5.95) **INCREDIBLE OFFER** COASTER,,Teacher Coaster old,9436275605843
769976,select-1,**INCREDIBLE OFFER** Buy a second coaster for just £5.95,YES Please,,manual_product,50199409230163,5.95,,5.95,(+£5.95) **INCREDIBLE OFFER** COASTER,,Mothers day coasters,"9436220096851,9436221964627,9436225831251"
769974,dropdown-1,Size of heart,Small 10 x 10cm (£8.95),,manual_product,,,,,,,Mothers day hearts,"9436212232531,9436213215571,9436213477715,9436226126163,9436217573715,9436217704787,9436217770323,9436217868627,9436219113811,9436225864019,9436225306963,9436220260691,9436224389459"
769974,dropdown-1,,Large 15 x 15cm (£12.95),,manual_product,50201180930387,4.00,,10.45,(+£10.45) Large Street Sign,cached variant_price differs; label amount differs; inspect total/increment semantics,Mothers day hearts,"9436212232531,9436213215571,9436213477715,9436226126163,9436217573715,9436217704787,9436217770323,9436217868627,9436219113811,9436225864019,9436225306963,9436220260691,9436224389459"
769974,select-1,**INCREDIBLE OFFER** Buy a second one for just £4.95,YES Please,,manual_product,50201192366419,4.95,,4.95,(+£4.95) **INCREDIBLE OFFER** HEART,,Mothers day hearts,"9436212232531,9436213215571,9436213477715,9436226126163,9436217573715,9436217704787,9436217770323,9436217868627,9436219113811,9436225864019,9436225306963,9436220260691,9436224389459"
769974,dropdown-6,Dropdown 2,Small 10 x 10cm (£4.95),,manual_product,,,,,,,Mothers day hearts,"9436212232531,9436213215571,9436213477715,9436226126163,9436217573715,9436217704787,9436217770323,9436217868627,9436219113811,9436225864019,9436225306963,9436220260691,9436224389459"
769974,dropdown-6,,Large 15 x 15cm (£8.95),,manual_product,50201180930387,4.00,,10.45,(+£10.45) Large Street Sign,cached variant_price differs; label amount differs; inspect total/increment semantics,Mothers day hearts,"9436212232531,9436213215571,9436213477715,9436226126163,9436217573715,9436217704787,9436217770323,9436217868627,9436219113811,9436225864019,9436225306963,9436220260691,9436224389459"
769971,select-1,**INCREDIBLE OFFER** Buy a second coaster for just £5.95!,NO Thanks,,manual_product,,,,,,,Nana Def coaster,9436220555603
769971,select-1,,YES Please,,manual_product,50199409230163,5.95,,5.95,(+£5.95) **INCREDIBLE OFFER** COASTER,,Nana Def coaster,9436220555603
769967,dropdown-1,Size of heart,Small 10 x 10cm (£8.95),,manual_product,,,,,,,Glamma heart,9436216262995
769967,dropdown-1,,Large 15 x 15cm (£12.95),,manual_product,50201180930387,4.00,,10.45,(+£10.45) Large Street Sign,cached variant_price differs; label amount differs; inspect total/increment semantics,Glamma heart,9436216262995
769967,select-1,**INCREDIBLE OFFER** Buy a second one for just £4.95,YES Please,,manual_product,50201192366419,4.95,,4.95,(+£4.95) **INCREDIBLE OFFER** HEART,,Glamma heart,9436216262995
769967,dropdown-6,Dropdown 2,Small 10 x 10cm (£4.95),,manual_product,,,,,,,Glamma heart,9436216262995
769967,dropdown-6,,Large 15 x 15cm (£8.95),,manual_product,50201180930387,4.00,,10.45,(+£10.45) Large Street Sign,cached variant_price differs; label amount differs; inspect total/increment semantics,Glamma heart,9436216262995
769963,dropdown-1,Size of heart,Small 10 x 10cm (£8.95),,manual_product,,,,,,,favourite child heart,9706278125907
769963,dropdown-1,,Large 15 x 15cm (£12.95),,manual_product,50201180930387,4.00,,10.45,(+£10.45) Large Street Sign,cached variant_price differs; label amount differs; inspect total/increment semantics,favourite child heart,9706278125907
769963,select-1,**INCREDIBLE OFFER** Buy a second one for just £4.95,YES Please,,manual_product,50201192366419,4.95,,4.95,(+£4.95) **INCREDIBLE OFFER** HEART,,favourite child heart,9706278125907
769963,dropdown-6,Dropdown 2,Small 10 x 10cm (£4.95),,manual_product,,,,,,,favourite child heart,9706278125907
769963,dropdown-6,,Large 15 x 15cm (£8.95),,manual_product,50201180930387,4.00,,10.45,(+£10.45) Large Street Sign,cached variant_price differs; label amount differs; inspect total/increment semantics,favourite child heart,9706278125907
769960,select-1,**INCREDIBLE OFFER** Buy a second coaster for just £5.95!,YES Please,,manual_product,50199409230163,5.95,,5.95,(+£5.95) **INCREDIBLE OFFER** COASTER,,Reason u drink coaster,"9436222390611,9436222161235"
769957,dropdown-1,Size of heart,Small 10 x 10cm (£4.95),,manual_product,,,,,,,Reason u drink heart,"9436222488915,9436222226771"
769957,dropdown-1,,Large 15 x 15cm (£8.95),,manual_product,50201180930387,4.00,,10.45,(+£10.45) Large Street Sign,cached variant_price differs; label amount differs; inspect total/increment semantics,Reason u drink heart,"9436222488915,9436222226771"
769957,select-1,**INCREDIBLE OFFER** Buy a second one for just £4.95,YES Please,,manual_product,50201192366419,4.95,,4.95,(+£4.95) **INCREDIBLE OFFER** HEART,,Reason u drink heart,"9436222488915,9436222226771"
769957,dropdown-6,Dropdown 2,Small 10 x 10cm (£8.95),,manual_product,,,,,,,Reason u drink heart,"9436222488915,9436222226771"
769957,dropdown-6,,Large 15 x 15cm (£12.95),,manual_product,50201180930387,4.00,,10.45,(+£10.45) Large Street Sign,cached variant_price differs; label amount differs; inspect total/increment semantics,Reason u drink heart,"9436222488915,9436222226771"
769939,select-1,**INCREDIBLE OFFER** Buy a second coaster for just £5.95,YES Please,,manual_product,50199409230163,5.95,,5.95,(+£5.95) **INCREDIBLE OFFER** COASTER,,Reserved coaster,9436256239955
769932,dropdown-1,Size of heart,Small 10 x 10cm (£14.95),,manual_product,,,,,,,HEART robins remembrance,9436272951635
769932,dropdown-1,,Large 15 x 15cm (£17.95),,manual_product,50089716711763,3.00,,3.00,(+£3) Large Decoration,label amount differs; inspect total/increment semantics,HEART robins remembrance,9436272951635
769932,select-1,**INCREDIBLE OFFER** Buy a second one for just £10.95,YES Please,,manual_product,50201961693523,10.95,,10.95,(+£10.95) **INCREDIBLE OFFER** DECORATION,,HEART robins remembrance,9436272951635
769932,dropdown-4,Dropdown 2,Small 10 x 10cm (£10.95),,manual_product,,,,,,,HEART robins remembrance,9436272951635
769932,dropdown-4,,Large 15 x 15cm (£13.95),,manual_product,50089716711763,3.00,,3.00,(+£3) Large Decoration,label amount differs; inspect total/increment semantics,HEART robins remembrance,9436272951635
769931,dropdown-1,Size of heart,Small 10 x 10cm (£14.95),,manual_product,,,,,,,1st xmas baby moon heart,9436262170963
769931,dropdown-1,,Large 15 x 15cm (£17.95),,manual_product,49581961085267,3.00,,3.00,Size of heart,label amount differs; inspect total/increment semantics,1st xmas baby moon heart,9436262170963
769931,select-1,**INCREDIBLE OFFER** Buy a second one for just £10.95,YES Please,,manual_product,50201961693523,10.95,,10.95,(+£10.95) **INCREDIBLE OFFER** DECORATION,,1st xmas baby moon heart,9436262170963
769931,dropdown-4,Dropdown 2,Small 10 x 10cm (£10.95),,manual_product,,,,,,,1st xmas baby moon heart,9436262170963
769931,dropdown-4,,Large 15 x 15cm (£13.95),,manual_product,49581986283859,3.00,,3.00,Dropdown 2,label amount differs; inspect total/increment semantics,1st xmas baby moon heart,9436262170963
769929,dropdown-1,Size of heart,Small 10 x 10cm (£14.95),,manual_product,,,,,,,New baby moon heart,9436272066899
769929,dropdown-1,,Large 15 x 15cm (£17.95),,manual_product,50089716711763,3.00,,3.00,(+£3) Large Decoration,label amount differs; inspect total/increment semantics,New baby moon heart,9436272066899
769929,select-1,**INCREDIBLE OFFER** Buy a second one for just £10.95,YES Please,,manual_product,50201961693523,10.95,,10.95,(+£10.95) **INCREDIBLE OFFER** DECORATION,,New baby moon heart,9436272066899
769929,dropdown-4,Dropdown 2,Small 10 x 10cm (£10.95),,manual_product,,,,,,,New baby moon heart,9436272066899
769929,dropdown-4,,Large 15 x 15cm (£13.95),,manual_product,50089716711763,3.00,,3.00,(+£3) Large Decoration,label amount differs; inspect total/increment semantics,New baby moon heart,9436272066899
769928,dropdown-1,Size of heart,Small 10 x 10cm (£14.95),,manual_product,,,,,,,HEART Birthday,9436263285075
769928,dropdown-1,,Large 15 x 15cm (£17.95),,manual_product,50089716711763,3.00,,3.00,(+£3) Large Decoration,label amount differs; inspect total/increment semantics,HEART Birthday,9436263285075
769928,select-1,**INCREDIBLE OFFER** Buy a second one for just £10.95,YES Please,,manual_product,50076880306515,10.95,,10.95,**INCREDIBLE OFFER** Buy a second one for just £10.95,,HEART Birthday,9436263285075
769928,dropdown-4,Dropdown 2,Small 10 x 10cm (£10.95),,manual_product,,,,,,,HEART Birthday,9436263285075
769928,dropdown-4,,Large 15 x 15cm (£13.95),,manual_product,50089716711763,3.00,,3.00,(+£3) Large Decoration,label amount differs; inspect total/increment semantics,HEART Birthday,9436263285075
769927,dropdown-1,Size of heart,Small 10 x 10cm (£14.95),,manual_product,,,,,,,graduation heart,"9436269314387,9436274262355"
769927,dropdown-1,,Large 15 x 15cm (£17.95),,manual_product,50089716711763,3.00,,3.00,(+£3) Large Decoration,label amount differs; inspect total/increment semantics,graduation heart,"9436269314387,9436274262355"
769927,select-1,**INCREDIBLE OFFER** Buy a second one for just £10.95,YES Please,,manual_product,50201961693523,10.95,,10.95,(+£10.95) **INCREDIBLE OFFER** DECORATION,,graduation heart,"9436269314387,9436274262355"
769927,dropdown-4,Dropdown 2,Small 10 x 10cm (£10.95),,manual_product,,,,,,,graduation heart,"9436269314387,9436274262355"
769927,dropdown-4,,Large 15 x 15cm (£13.95),,manual_product,50089716711763,3.00,,3.00,(+£3) Large Decoration,label amount differs; inspect total/increment semantics,graduation heart,"9436269314387,9436274262355"
769924,dropdown-1,Size of heart,Small 10 x 10cm (£14.95),,manual_product,,,,,,,HEART xmas angel,9436262596947
769924,dropdown-1,,Large 15 x 15cm (£17.95),,manual_product,50089716711763,3.00,,3.00,(+£3) Large Decoration,label amount differs; inspect total/increment semantics,HEART xmas angel,9436262596947
769924,select-1,**INCREDIBLE OFFER** Buy a second one for just £10.95,YES Please,,manual_product,50201961693523,10.95,,10.95,(+£10.95) **INCREDIBLE OFFER** DECORATION,,HEART xmas angel,9436262596947
769924,dropdown-4,Dropdown 2,Small 10 x 10cm (£10.95),,manual_product,,,,,,,HEART xmas angel,9436262596947
769924,dropdown-4,,Large 15 x 15cm (£13.95),,manual_product,50089716711763,3.00,,3.00,(+£3) Large Decoration,label amount differs; inspect total/increment semantics,HEART xmas angel,9436262596947
769919,select-1,,5 (Large heart),,manual_product,50089716711763,3.00,,3.00,(+£3) Large Decoration,,HEART Family/new home,"9436266529107,9436266922323,9436260335955,9436272197971"
769919,select-1,,6 (Large heart),,manual_product,50089716711763,3.00,,3.00,(+£3) Large Decoration,,HEART Family/new home,"9436266529107,9436266922323,9436260335955,9436272197971"
769919,select-1,,7 (Large heart),,manual_product,50089350136147,5.00,,5.00,(+£5) 7/8 pebbles,,HEART Family/new home,"9436266529107,9436266922323,9436260335955,9436272197971"
769919,select-1,,8 (Large heart),,manual_product,50089350136147,5.00,,5.00,(+£5) 7/8 pebbles,,HEART Family/new home,"9436266529107,9436266922323,9436260335955,9436272197971"
769919,select-24,Size of heart,Small 10 x 10cm (£14.95),,manual_product,,,,,,,HEART Family/new home,"9436266529107,9436266922323,9436260335955,9436272197971"
769919,select-24,,Large 15 x 15cm (£17.95),,manual_product,49582124269907,3,3,3.00,Size of heart,label amount differs; inspect total/increment semantics,HEART Family/new home,"9436266529107,9436266922323,9436260335955,9436272197971"
769919,select-13,**INCREDIBLE OFFER** Buy a second one for just £10.95,YES Please,,manual_product,50076855304531,10.95,,10.95,**INCREDIBLE OFFER** Buy a second one for just £10.95,,HEART Family/new home,"9436266529107,9436266922323,9436260335955,9436272197971"
769919,select-25,,5 (Large heart),,manual_product,50089716711763,3.00,,3.00,(+£3) Large Decoration,,HEART Family/new home,"9436266529107,9436266922323,9436260335955,9436272197971"
769919,select-25,,6 (Large heart),,manual_product,50089716711763,3.00,,3.00,(+£3) Large Decoration,,HEART Family/new home,"9436266529107,9436266922323,9436260335955,9436272197971"
769919,select-25,,7 (Large heart),,manual_product,50089350136147,5.00,,5.00,(+£5) 7/8 pebbles,,HEART Family/new home,"9436266529107,9436266922323,9436260335955,9436272197971"
769919,select-25,,8 (Large heart),,manual_product,50089350136147,5.00,,5.00,(+£5) 7/8 pebbles,,HEART Family/new home,"9436266529107,9436266922323,9436260335955,9436272197971"
769919,select-26,Select 10,Small 10 x 10cm (£10.95),,manual_product,,,,,,,HEART Family/new home,"9436266529107,9436266922323,9436260335955,9436272197971"
769919,select-26,,Large 15 x 15cm (£13.95),,manual_product,49582240334163,3,3,3.00,Select 10,label amount differs; inspect total/increment semantics,HEART Family/new home,"9436266529107,9436266922323,9436260335955,9436272197971"
769919,checkbox-1,Checkbox,Yes Please,,manual_product,49311945621843,6.95,,6.95,Porcelain Matchbox - Little Guardian Angel,,HEART Family/new home,"9436266529107,9436266922323,9436260335955,9436272197971"
769917,dropdown-1,Size of heart,Small 10 x 10cm (£14.95),,manual_product,,,,,,,HEART New baby stork,9436255289683
769917,dropdown-1,,Large 15 x 15cm (£17.95),,manual_product,50089716711763,3.00,,3.00,(+£3) Large Decoration,label amount differs; inspect total/increment semantics,HEART New baby stork,9436255289683
769917,select-1,**INCREDIBLE OFFER** Buy a second one for just £10.95,YES Please,,manual_product,50201961693523,10.95,,10.95,(+£10.95) **INCREDIBLE OFFER** DECORATION,,HEART New baby stork,9436255289683
769917,dropdown-4,Dropdown 2,Small 10 x 10cm (£10.95),,manual_product,,,,,,,HEART New baby stork,9436255289683
769917,dropdown-4,,Large 15 x 15cm (£13.95),,manual_product,50089716711763,3.00,,3.00,(+£3) Large Decoration,label amount differs; inspect total/increment semantics,HEART New baby stork,9436255289683
769908,select-2,,5 (Inc dog/cat) (Large Decoration),,manual_product,50086348915027,3.00,,3.00,(+£3) Large Heart,,HEART New Home/Our Home,9436255846739
769908,select-2,,6 (Inc dog/cat) (Large Decoration),,manual_product,50086348915027,3.00,,3.00,(+£3) Large Heart,,HEART New Home/Our Home,9436255846739
769908,select-2,,7 (Inc dog/cat) (Large Decoration),,manual_product,50089350136147,5.00,,5.00,(+£5) 7/8 pebbles,,HEART New Home/Our Home,9436255846739
769908,select-2,,8 (Inc dog/cat) (Large Decoration),,manual_product,50089350136147,5.00,,5.00,(+£5) 7/8 pebbles,,HEART New Home/Our Home,9436255846739
769908,dropdown-1,Size of heart,Small 10 x 10cm (£14.95),,manual_product,,,,,,,HEART New Home/Our Home,9436255846739
769908,dropdown-1,,Large 15 x 15cm (£17.95),,manual_product,50089716711763,3.00,,3.00,(+£3) Large Decoration,label amount differs; inspect total/increment semantics,HEART New Home/Our Home,9436255846739
769908,select-1,**INCREDIBLE OFFER** Buy a second one for just £10.95,NO Thanks,,manual_product,,,,,,,HEART New Home/Our Home,9436255846739
769908,select-1,,YES Please,,manual_product,50076860612947,10.95,10.95,10.95,**INCREDIBLE OFFER** Buy a second one for just £10.95,,HEART New Home/Our Home,9436255846739
769908,select-3,,5 (Inc dog/cat) (Large Decoration),,manual_product,50089716711763,3.00,,3.00,(+£3) Large Decoration,,HEART New Home/Our Home,9436255846739
769908,select-3,,6 (Inc dog/cat) (Large Decoration),,manual_product,50089716711763,3.00,,3.00,(+£3) Large Decoration,,HEART New Home/Our Home,9436255846739
769908,select-3,,7 (Inc dog/cat) (Large Decoration),,manual_product,50089350136147,5.00,,5.00,(+£5) 7/8 pebbles,,HEART New Home/Our Home,9436255846739
769908,select-3,,8 (Inc dog/cat) (Large Decoration),,manual_product,50089350136147,5.00,,5.00,(+£5) 7/8 pebbles,,HEART New Home/Our Home,9436255846739
769908,dropdown-4,,Large 15 x 15cm ,,manual_product,50086319128915,3.00,,3.00,(+£3) Large heart,,HEART New Home/Our Home,9436255846739
769905,select-1,,5 (Large decoration),,manual_product,50089716711763,3.00,,3.00,(+£3) Large Decoration,,xmas pebble door,9436264431955
769905,select-1,,6 (Large decoration),,manual_product,50089716711763,3.00,,3.00,(+£3) Large Decoration,,xmas pebble door,9436264431955
769905,select-1,,7 (Large decoration),,manual_product,50089350136147,5.00,,5.00,(+£5) 7/8 pebbles,,xmas pebble door,9436264431955
769905,select-1,,8 (Large decoration),,manual_product,50089350136147,5.00,,5.00,(+£5) 7/8 pebbles,,xmas pebble door,9436264431955
769905,select-24,,Large 16 x 12cm,,manual_product,49582124269907,3.00,,3.00,Size of heart,,xmas pebble door,9436264431955
769905,select-13,**INCREDIBLE OFFER** Buy a second one for just £11.95,YES Please,,manual_product,49588707623251,11.95,,11.95,**INCREDIBLE OFFER** Buy a second one for just £11.95,,xmas pebble door,9436264431955
769905,select-25,,5 (Large decoration),,manual_product,50089716711763,3.00,,3.00,(+£3) Large Decoration,,xmas pebble door,9436264431955
769905,select-25,,6 (Large decoration),,manual_product,50089716711763,3.00,,3.00,(+£3) Large Decoration,,xmas pebble door,9436264431955
769905,select-25,,7 (Large decoration),,manual_product,50089350136147,5.00,,5.00,(+£5) 7/8 pebbles,,xmas pebble door,9436264431955
769905,select-25,,8 (Large decoration),,manual_product,50089350136147,5.00,,5.00,(+£5) 7/8 pebbles,,xmas pebble door,9436264431955
769905,select-26,,Large 15 x 15cm ,,manual_product,49582240334163,3.00,,3.00,Select 10,,xmas pebble door,9436264431955
769889,dropdown-1,Size of heart,Small 10 x 10cm (£14.95),,manual_product,,,,,,,HEART Love Tree,9436265447763
769889,dropdown-1,,Large 15 x 15cm (£17.95),,manual_product,50089716711763,3.00,,3.00,(+£3) Large Decoration,label amount differs; inspect total/increment semantics,HEART Love Tree,9436265447763
769889,select-1,**INCREDIBLE OFFER** Buy a second one for just £10.95,YES Please,,manual_product,50201961693523,10.95,,10.95,(+£10.95) **INCREDIBLE OFFER** DECORATION,,HEART Love Tree,9436265447763
769889,dropdown-4,Dropdown 2,Small 10 x 10cm (£10.95),,manual_product,,,,,,,HEART Love Tree,9436265447763
769889,dropdown-4,,Large 15 x 15cm (£13.95),,manual_product,50089716711763,3.00,,3.00,(+£3) Large Decoration,label amount differs; inspect total/increment semantics,HEART Love Tree,9436265447763
769887,dropdown-1,Size of heart,Small 10 x 10cm (£14.95),,manual_product,,,,,,,Everything to me Heart,9436266365267
769887,dropdown-1,,Large 15 x 15cm (£17.95),,manual_product,50089716711763,3.00,,3.00,(+£3) Large Decoration,label amount differs; inspect total/increment semantics,Everything to me Heart,9436266365267
769887,select-1,**INCREDIBLE OFFER** Buy a second one for just £10.95,YES Please,,manual_product,50201961693523,10.95,,10.95,(+£10.95) **INCREDIBLE OFFER** DECORATION,,Everything to me Heart,9436266365267
769887,dropdown-4,,Large 15 x 15cm ,,manual_product,50089716711763,3.00,,3.00,(+£3) Large Decoration,,Everything to me Heart,9436266365267
769885,dropdown-1,Size of heart,Small 10 x 10cm (£14.95),,manual_product,,,,,,,HEART Invisible thread,9436261777747
769885,dropdown-1,,Large 15 x 15cm (£17.95),,manual_product,49581961085267,3.00,,3.00,Size of heart,label amount differs; inspect total/increment semantics,HEART Invisible thread,9436261777747
769885,select-1,**INCREDIBLE OFFER** Buy a second one for just £10.95,YES Please,,manual_product,50201961693523,10.95,,10.95,(+£10.95) **INCREDIBLE OFFER** DECORATION,,HEART Invisible thread,9436261777747
769885,dropdown-4,Dropdown 2,Small 10 x 10cm (£10.95),,manual_product,,,,,,,HEART Invisible thread,9436261777747
769885,dropdown-4,,Large 15 x 15cm (£13.95),,manual_product,49581986283859,3.00,,3.00,Dropdown 2,label amount differs; inspect total/increment semantics,HEART Invisible thread,9436261777747
769881,select-13,**INCREDIBLE OFFER** Buy a second one for just £10.95,YES Please,,manual_product,50201961693523,10.95,,10.95,(+£10.95) **INCREDIBLE OFFER** DECORATION,,HEART Teacher Rainbow,9436272918867
769877,select-1,,5 (Large heart),,manual_product,50089716711763,3.00,,3.00,(+£3) Large Decoration,,HEART Christening,9436264268115
769877,select-1,,6 (Large heart),,manual_product,50089716711763,3.00,,3.00,(+£3) Large Decoration,,HEART Christening,9436264268115
769877,select-1,,7 (Large heart),,manual_product,50089350136147,5.00,,5.00,(+£5) 7/8 pebbles,,HEART Christening,9436264268115
769877,select-1,,8 (Large heart),,manual_product,50089350136147,5.00,,5.00,(+£5) 7/8 pebbles,,HEART Christening,9436264268115
769877,select-24,,Large 15 x 15cm ,,manual_product,50089716711763,3.00,,3.00,(+£3) Large Decoration,,HEART Christening,9436264268115
769877,select-13,**INCREDIBLE OFFER** Buy a second one for just £10.95,YES Please,,manual_product,50201961693523,10.95,,10.95,(+£10.95) **INCREDIBLE OFFER** DECORATION,,HEART Christening,9436264268115
769877,select-25,,5 (Large heart),,manual_product,50089716711763,3.00,,3.00,(+£3) Large Decoration,,HEART Christening,9436264268115
769877,select-25,,6 (Large heart),,manual_product,50089716711763,3.00,,3.00,(+£3) Large Decoration,,HEART Christening,9436264268115
769877,select-25,,7 (Large heart),,manual_product,50089350136147,5.00,,5.00,(+£5) 7/8 pebbles,,HEART Christening,9436264268115
769877,select-25,,8 (Large heart),,manual_product,50089350136147,5.00,,5.00,(+£5) 7/8 pebbles,,HEART Christening,9436264268115
769877,select-35,,Large 15 x 15cm ,,manual_product,50089716711763,3.00,,3.00,(+£3) Large Decoration,,HEART Christening,9436264268115
769874,select-12,**INCREDIBLE OFFER** Buy a second one for just £16.95,YES Please,,manual_product,50201043894611,16.95,,16.95,(+£16.95) **INCREDIBLE OFFER** PLAQUE,,mr mrs plaque,9436254568787
769873,select-2,Size of heart,Small 10 x 10cm (£8.95),,manual_product,,,,,,,Easter poem,9436249751891
769873,select-2,,Large 15 x 15cm (£12.95),,manual_product,50201005883731,4.00,,4.00,(+£4) Large Decoration POEM,label amount differs; inspect total/increment semantics,Easter poem,9436249751891
769873,select-1,**INCREDIBLE OFFER** Buy a second heart for just £5!,YES Please,,manual_product,50090091020627,5.00,,5.00,(+£5) **INCREDIBLE OFFER** POEM,,Easter poem,9436249751891
769873,select-3,Select 2,Small 10 x 10cm (£5),,manual_product,,,,,,,Easter poem,9436249751891
769873,select-3,,Large 15 x 15cm (£9),,manual_product,50201005883731,4.00,,4.00,(+£4) Large Decoration POEM,label amount differs; inspect total/increment semantics,Easter poem,9436249751891
769869,select-2,Size of heart,Small 10 x 10cm (£9.95),,manual_product,,,,,,,mum poem,9436254962003
769869,select-2,,Large 15 x 15cm (£14.95),,manual_product,50090091020627,5.00,,5.00,(+£5) **INCREDIBLE OFFER** POEM,label amount differs; inspect total/increment semantics,mum poem,9436254962003
769869,select-1,**INCREDIBLE OFFER** Buy a second heart for just £5!,YES Please,,manual_product,50090091020627,5.00,,5.00,(+£5) **INCREDIBLE OFFER** POEM,,mum poem,9436254962003
769869,select-3,Select 2,Small 10 x 10cm (£5),,manual_product,,,,,,,mum poem,9436254962003
769869,select-3,,Large 15 x 15cm (£9),,manual_product,50090091020627,5.00,,5.00,(+£5) **INCREDIBLE OFFER** POEM,label amount differs; inspect total/increment semantics,mum poem,9436254962003
769864,select-1,**INCREDIBLE OFFER** Buy a second one for just £16,YES Please,,manual_product,50199760470355,16.00,,16.00,(+£16) **INCREDIBLE OFFER** BOTTLE OPENER,,Bottle football shirt,9436240281939
769861,select-1,**INCREDIBLE OFFER** Buy a second one for just £16,YES Please,,manual_product,50199760470355,16.00,,16.00,(+£16) **INCREDIBLE OFFER** BOTTLE OPENER,,Bottle top off,9436225438035
769856,select-1,**INCREDIBLE OFFER** Buy a second one for just £16,YES Please,,manual_product,50199760470355,16.00,,16.00,(+£16) **INCREDIBLE OFFER** BOTTLE OPENER,,Bottle daddy time,9436214133075
769850,select-1,,5,,manual_product,50089716711763,3.00,,3.00,(+£3) Large Decoration,,All you do heart,9436246802771
769850,select-1,,6,,manual_product,50089716711763,3.00,,3.00,(+£3) Large Decoration,,All you do heart,9436246802771
769850,select-1,,7,,manual_product,50089350136147,5.00,,5.00,(+£5) 7/8 pebbles,,All you do heart,9436246802771
769850,select-1,,8,,manual_product,50089350136147,5.00,,5.00,(+£5) 7/8 pebbles,,All you do heart,9436246802771
769850,select-13,**INCREDIBLE OFFER** Buy a second one for just £14.95,YES Please,,manual_product,50200414781779,14.95,,14.95,(+£14.95) **INCREDIBLE OFFER** HEART,,All you do heart,9436246802771
769850,select-25,,5 ,,manual_product,50089716711763,3.00,,3.00,(+£3) Large Decoration,,All you do heart,9436246802771
769850,select-25,,6,,manual_product,50089716711763,3.00,,3.00,(+£3) Large Decoration,,All you do heart,9436246802771
769850,select-25,,7,,manual_product,50089350136147,5.00,,5.00,(+£5) 7/8 pebbles,,All you do heart,9436246802771
769850,select-25,,8,,manual_product,50089350136147,5.00,,5.00,(+£5) 7/8 pebbles,,All you do heart,9436246802771
769850,checkbox-1,,Yes Please,,manual_product,50335680889171,6.95,,,,linked variant not in active catalogue,All you do heart,9436246802771
769844,select-12,**INCREDIBLE OFFER** Buy a second one for Grandpa or Dad just £20,YES Please,,manual_product,50090935648595,20.00,,20.00,(+£20) **INCREDIBLE OFFER** BOTTLE OPENER,,Bottle opener plaque 3,9436235268435
769843,select-12,**INCREDIBLE OFFER** Buy a second one for just £20,YES Please,,manual_product,50090935648595,20.00,,20.00,(+£20) **INCREDIBLE OFFER** BOTTLE OPENER,,Bottle opener plaque 2,9436236087635
769826,select-12,**INCREDIBLE OFFER** Buy a second one for just £20,YES Please,,manual_product,50090935648595,20.00,,20.00,(+£20) **INCREDIBLE OFFER** BOTTLE OPENER,,Bottle opener plaque,9436235530579
769817,dropdown-1,Size of heart,Small 10 x 10cm (£14.95),,manual_product,,,,,,,pet remembrance heart,9436272787795
769817,dropdown-1,,Large 15 x 15cm (£17.95),,manual_product,50089716711763,3.00,,3.00,(+£3) Large Decoration,label amount differs; inspect total/increment semantics,pet remembrance heart,9436272787795
769817,select-1,**INCREDIBLE OFFER** Buy a second one for just £10.95,YES Please,,manual_product,50201961693523,10.95,,10.95,(+£10.95) **INCREDIBLE OFFER** DECORATION,,pet remembrance heart,9436272787795
769817,dropdown-4,Dropdown 2,Small 10 x 10cm (£10.95),,manual_product,,,,,,,pet remembrance heart,9436272787795
769817,dropdown-4,,Large 15 x 15cm (£13.95),,manual_product,50089716711763,3.00,,3.00,(+£3) Large Decoration,label amount differs; inspect total/increment semantics,pet remembrance heart,9436272787795
769814,select-1,**INCREDIBLE OFFER** Buy a second laser cut sign for just £24.95,YES Please,,manual_product,50200143462739,24.95,,24.95,(+£24.95) **INCREDIBLE OFFER** LASER,,Laser cut garden,9436270330195
769811,select-1,**INCREDIBLE OFFER** Buy a second laser cut sign for just £19.95,YES Please,,manual_product,50090843734355,19.95,,19.95,(+£19.95) **INCREDIBLE OFFER** LASER SIGN,,Laser cut bar,9436270494035
769807,select-1,**INCREDIBLE OFFER** Buy a second laser cut sign for just £19.95,YES Please,,manual_product,50090843734355,19.95,,19.95,(+£19.95) **INCREDIBLE OFFER** LASER SIGN,,Laser cut shed,9436270625107
769804,select-1,**INCREDIBLE OFFER** Buy a second greenhouse sign for just £9.95,YES Please ,,manual_product,50200051548499,9.95,,9.95,(+£9.95) **INCREDIBLE OFFER** LASER,,Laser cut greenhouse,9436270428499
769800,select-1,**INCREDIBLE OFFER** Buy a second laser cut sign for just £27.95,YES Please,,manual_product,50090811228499,27.95,,27.95,(+£27.95) **INCREDIBLE OFFER** LASER SIGN,,Laser cut bbq,9436270264659
769795,select-1,**INCREDIBLE OFFER** Buy a second sign for just £12.95,YES Please,,manual_product,50088979661139,12.95,,12.95,(+£12.95) **INCREDIBLE OFFER** GARDEN,,Garden FIRE PIT,9436252275027
769791,select-1,"**INCREDIBLE OFFER** Buy a second sign for just £12,95",YES Please,,manual_product,50088979661139,12.95,,12.95,(+£12.95) **INCREDIBLE OFFER** GARDEN,label amount differs; inspect total/increment semantics,Beer Garden,9436247916883
769787,select-1,"**INCREDIBLE OFFER** Buy a second sign for just £12,95",YES Please,,manual_product,50088979661139,12.95,,12.95,(+£12.95) **INCREDIBLE OFFER** GARDEN,label amount differs; inspect total/increment semantics,Garden BBQ & GRILL,9436247556435
769782,select-1,**INCREDIBLE OFFER** Buy a second one for  just £16,YES Please,,manual_product,50199760470355,16.00,,16.00,(+£16) **INCREDIBLE OFFER** BOTTLE OPENER,,DAD/GRANDPA premium quality Bottle,9436235366739
769782,checkbox-1,Gift Wrap Kit?,Yes Please,,manual_product,53802540171603,3.95,,5.95,Gift Wrap Kit – Ivory & Twine,cached variant_price differs,DAD/GRANDPA premium quality Bottle,9436235366739
769782,checkbox-2,2nd Gift Wrap Kit?,Yes Please,,manual_product,53802540171603,3.95,,5.95,Gift Wrap Kit – Ivory & Twine,cached variant_price differs,DAD/GRANDPA premium quality Bottle,9436235366739
769779,select-1,**INCREDIBLE OFFER** Buy a second coaster for just £5.95!,YES Please,,manual_product,50199409230163,5.95,,5.95,(+£5.95) **INCREDIBLE OFFER** COASTER,,Dad/Grandad Definition coaster,9436249358675
769775,select-1,**INCREDIBLE OFFER** Get a second coaster for just £5.95,YES Please,,manual_product,50199409230163,5.95,,5.95,(+£5.95) **INCREDIBLE OFFER** COASTER,,Absolute legend Dad coaster,9436246671699
769774,select-1,**INCREDIBLE OFFER** Buy a second coaster for just £5.95,YES Please,,manual_product,50199409230163,5.95,,5.95,(+£5.95) **INCREDIBLE OFFER** COASTER,,5 stars Dad coaster,9436246638931
769768,select-1,**INCREDIBLE OFFER** Buy a second coaster for just £5.95,YES Please,,manual_product,50199409230163,5.95,,5.95,(+£5.95) **INCREDIBLE OFFER** COASTER,,Things We/I love about coaster,9436257157459
769766,select-1,**INCREDIBLE OFFER** Buy a second coaster for just £5.95,YES Please,,manual_product,50199409230163,5.95,,5.95,(+£5.95) **INCREDIBLE OFFER** COASTER,,Shit coaster 4,9436256698707
769761,select-1,**INCREDIBLE OFFER** Buy a second coaster for just £5.95,YES Please,,manual_product,50199409230163,5.95,,5.95,(+£5.95) **INCREDIBLE OFFER** COASTER,,Out of stock dad coaster,9436255977811
769758,select-1,**INCREDIBLE OFFER** Buy a second coaster for just £5.95,YES Please,,manual_product,50199409230163,5.95,,5.95,(+£5.95) **INCREDIBLE OFFER** COASTER,,Probably the best coaster,9436256207187
769752,select-1,"**INCREDIBLE OFFER** Buy a second hanger for just £10,95",YES Please,,manual_product,50086479429971,10.95,,10.95,(+£10.95) **INCREDIBLE OFFER** BOARD,label amount differs; inspect total/increment semantics,Caution do not disturb,9436263350611
769750,select-1,"**INCREDIBLE OFFER** Buy a second hanger for just £10,95",YES Please,,manual_product,50086479429971,10.95,,10.95,(+£10.95) **INCREDIBLE OFFER** BOARD,label amount differs; inspect total/increment semantics,Caution fishing dad,9436263448915
769747,select-1,**INCREDIBLE OFFER** Buy a second coaster for just £5.95,YES Please,,manual_product,50199409230163,5.95,,5.95,(+£5.95) **INCREDIBLE OFFER** COASTER,,Grumpy Old Git’ Coaster,9436253225299
769742,select-1,**INCREDIBLE OFFER** Buy a second one for just £5!,YES Please,,manual_product,50199462838611,5.00,,5.00,(+£5) **INCREDIBLE OFFER** DECORATION,,Teacher Jigsaw,9436274196819
769739,select-1,**INCREDIBLE OFFER** Buy a second one for just £5!,YES Please,,manual_product,50199462838611,5.00,,5.00,(+£5) **INCREDIBLE OFFER** DECORATION,,Watercolour flower heart,9436267544915
769727,select-1,**INCREDIBLE OFFER** Buy a second one for just £5.95!,YES Please,,manual_product,50199409230163,5.95,,5.95,(+£5.95) **INCREDIBLE OFFER** COASTER,,Educational Rockstar Coaster,9436250243411
769715,select-1,**INCREDIBLE OFFER** Buy a second one for just £5.95!,YES Please,,manual_product,50199409230163,5.95,,5.95,(+£5.95) **INCREDIBLE OFFER** COASTER,,Made it to July Teacher Coaster,9436253913427
769708,select-1,**INCREDIBLE OFFER** Buy a second one for just £3.95!,YES Please,,manual_product,50199252336979,3.95,,3.95,(+£3.95) **INCREDIBLE OFFER** BOOKMARK,,Text bookmarks,9436273508691
769308,select-1,**INCREDIBLE OFFER** Buy a second one for just £3.95!,YES Please,,manual_product,50199252336979,3.95,,3.95,(+£3.95) **INCREDIBLE OFFER** BOOKMARK,,Apple bookmarks,9436262793555
769307,select-1,**INCREDIBLE OFFER** Buy a second one for just £3.95,YES Please,,manual_product,50199252336979,3.95,,3.95,(+£3.95) **INCREDIBLE OFFER** BOOKMARK,,Magic bookmark,9436254044499
769303,select-1,**INCREDIBLE OFFER** Buy a second one for just £2,YES Please,,manual_product,50090127393107,2.00,,2.00,(+£2) **INCREDIBLE OFFER** KEYRING,,Teacher star keyring SHINE,9436256862547
769298,select-1,**INCREDIBLE OFFER** Buy a second one for just £5,YES Please,,manual_product,50090091020627,5.00,,5.00,(+£5) **INCREDIBLE OFFER** POEM,,Teacher poem STAR,9436274295123
769294,select-1,**INCREDIBLE OFFER** Buy a second one for just £9.95,YES Please,,manual_product,50199161700691,9.95,,9.95,(+£9.95) **INCREDIBLE OFFER** POSTCARD,,Elf postcard,9436264300883
769285,select-1,,5 (Large heart +£3),,manual_product,50089716711763,3.00,,3.00,(+£3) Large Decoration,,Wonderland,9436262629715
769285,select-1,,6 (Large heart +£3),,manual_product,50089716711763,3.00,,3.00,(+£3) Large Decoration,,Wonderland,9436262629715
769285,select-1,,7 (Large heart +£5),,manual_product,50089350136147,5.00,,5.00,(+£5) 7/8 pebbles,,Wonderland,9436262629715
769285,select-1,,8 (Large heart +£5),,manual_product,50089350136147,5.00,,5.00,(+£5) 7/8 pebbles,,Wonderland,9436262629715
769285,select-24,Size of decoration,Small 10 x 10cm (£15.95),,manual_product,,,,,,,Wonderland,9436262629715
769285,select-24,,Large 15 x 15cm (£18.95),,manual_product,50089716711763,3.00,,3.00,(+£3) Large Decoration,label amount differs; inspect total/increment semantics,Wonderland,9436262629715
769285,select-13,**INCREDIBLE OFFER** Buy a second one for just £10.95,YES Please,,manual_product,50201961693523,10.95,,10.95,(+£10.95) **INCREDIBLE OFFER** DECORATION,,Wonderland,9436262629715
769285,select-25,,5 (Large heart +£3),,manual_product,50089716711763,3.00,,3.00,(+£3) Large Decoration,,Wonderland,9436262629715
769285,select-25,,6 (Large heart +£3),,manual_product,50089716711763,3.00,,3.00,(+£3) Large Decoration,,Wonderland,9436262629715
769285,select-25,,7 (Large heart +£5),,manual_product,50089350136147,5.00,,5.00,(+£5) 7/8 pebbles,,Wonderland,9436262629715
769285,select-25,,8 (Large heart +£5),,manual_product,50089350136147,5.00,,5.00,(+£5) 7/8 pebbles,,Wonderland,9436262629715
769285,select-26,Size of decoration,Small 10 x 10cm (£10.95),,manual_product,,,,,,,Wonderland,9436262629715
769285,select-26,,Large 15 x 15cm (£13.95),,manual_product,50089716711763,3.00,,3.00,(+£3) Large Decoration,label amount differs; inspect total/increment semantics,Wonderland,9436262629715
769281,dropdown-1,Size of heart,Small 10 x 10cm (£14.95),,manual_product,,,,,,,HEART Guardian angel Pebble,9436269347155
769281,dropdown-1,,Large 15 x 15cm (£17.95),,manual_product,50089716711763,3.00,,3.00,(+£3) Large Decoration,label amount differs; inspect total/increment semantics,HEART Guardian angel Pebble,9436269347155
769281,select-1,**INCREDIBLE OFFER** Buy a second one for just £10.95,YES Please,,manual_product,50201961693523,10.95,,10.95,(+£10.95) **INCREDIBLE OFFER** DECORATION,,HEART Guardian angel Pebble,9436269347155
769281,dropdown-4,Dropdown 2,Small 10 x 10cm (£10.95),,manual_product,,,,,,,HEART Guardian angel Pebble,9436269347155
769281,dropdown-4,,Large 15 x 15cm (£13.95),,manual_product,50089716711763,3.00,,3.00,(+£3) Large Decoration,label amount differs; inspect total/increment semantics,HEART Guardian angel Pebble,9436269347155
769265,dropdown-1,,Large (57x12x0.3cm),,manual_product,50706730254675,6.00,,,,linked variant not in active catalogue,Festive xmas sign,9436267086163
769265,checkbox-1,**INCREDIBLE OFFER** GET A 2ND SIGN FOR HALF PRICE!,Yes Please,,manual_product,52007720485203,9.00,,7.45,(£7.45) Small Street Sign,cached variant_price differs,Festive xmas sign,9436267086163
769265,checkbox-2,**INCREDIBLE OFFER** GET A 2ND SIGN FOR HALF PRICE!,Yes Please,,manual_product,50201180930387,12.45,,10.45,(+£10.45) Large Street Sign,cached variant_price differs,Festive xmas sign,9436267086163
769265,checkbox-3,,Yes Please,,manual_product,51217275584851,3.90,,3.90,(£3.90) Mounting Strips,,Festive xmas sign,9436267086163
769265,checkbox-4,,Yes Please,,manual_product,50706678514003,1.95,,1.99,(£1.99) Mounting Strips,cached variant_price differs,Festive xmas sign,9436267086163
769260,select-2,,Large (57cmx12cm),,manual_product,50201180930387,6.00,,10.45,(+£10.45) Large Street Sign,cached variant_price differs,Family Street Sign,9436228845907
769260,select-4,,Large (57cmx12cm),,manual_product,50201180930387,6.00,,10.45,(+£10.45) Large Street Sign,cached variant_price differs,Family Street Sign,9436228845907
769260,checkbox-1,Mounting Strips?,Yes Please,,manual_product,50706678514003,1.95,,1.99,(£1.99) Mounting Strips,cached variant_price differs,Family Street Sign,9436228845907
769260,checkbox-2,Mounting Strips?,Yes Please,,manual_product,50706678514003,1.95,,1.99,(£1.99) Mounting Strips,cached variant_price differs,Family Street Sign,9436228845907
769231,select-1,,5 (Large heart),,manual_product,50089716711763,3.00,,3.00,(+£3) Large Decoration,,STAR Family festive pebble,9436251849043
769231,select-1,,6 (Large heart),,manual_product,50089716711763,3.00,,3.00,(+£3) Large Decoration,,STAR Family festive pebble,9436251849043
769231,select-1,,7 (Large heart),,manual_product,50089350136147,5.00,,5.00,(+£5) 7/8 pebbles,,STAR Family festive pebble,9436251849043
769231,select-1,,8 (Large heart),,manual_product,50089350136147,5.00,,5.00,(+£5) 7/8 pebbles,,STAR Family festive pebble,9436251849043
769231,select-24,Size of star,Small 10 x 10cm (£15.95),,manual_product,,,,,,,STAR Family festive pebble,9436251849043
769231,select-24,,Large 15 x 15cm (£18.95),,manual_product,50089716711763,3.00,,3.00,(+£3) Large Decoration,label amount differs; inspect total/increment semantics,STAR Family festive pebble,9436251849043
769231,select-13,**INCREDIBLE OFFER** Buy a second one for just £10.95,YES Please,,manual_product,50201961693523,10.95,,10.95,(+£10.95) **INCREDIBLE OFFER** DECORATION,,STAR Family festive pebble,9436251849043
769231,select-25,,5 (Large heart),,manual_product,50089716711763,3.00,,3.00,(+£3) Large Decoration,,STAR Family festive pebble,9436251849043
769231,select-25,,6 (Large heart),,manual_product,50089716711763,3.00,,3.00,(+£3) Large Decoration,,STAR Family festive pebble,9436251849043
769231,select-25,,7 (Large heart),,manual_product,50089350136147,5.00,,5.00,(+£5) 7/8 pebbles,,STAR Family festive pebble,9436251849043
769231,select-25,,8 (Large heart),,manual_product,50089350136147,5.00,,5.00,(+£5) 7/8 pebbles,,STAR Family festive pebble,9436251849043
769231,select-26,Size of Star,Small 10 x 10cm (£10.95),,manual_product,,,,,,,STAR Family festive pebble,9436251849043
769231,select-26,,Large 15 x 15cm (£13.95),,manual_product,50089716711763,3.00,,3.00,(+£3) Large Decoration,label amount differs; inspect total/increment semantics,STAR Family festive pebble,9436251849043
769228,select-1,**INCREDIBLE OFFER** Buy a second one for just £8,YES Please,,manual_product,50089503490387,8.00,,8.00,(+£8) **INCREDIBLE OFFER** XMAS,,Laser cut Baby's 1st dec,9436270100819
769215,select-1,**INCREDIBLE OFFER** Buy a second one for just £8,YES Please,,manual_product,50089503490387,8.00,,8.00,(+£8) **INCREDIBLE OFFER** XMAS,,Laser cut MR&MRS dec,9436270199123
769194,dropdown-1,,5 (large decoration £14),,manual_product,50198542451027,2.05,,2.05,(+£2.05) Large Decoration XMAS,label amount differs; inspect total/increment semantics,Laser cut family tree dec,9436270133587
769194,dropdown-1,,6 (large decoration £14),,manual_product,50198542451027,2.05,,2.05,(+£2.05) Large Decoration XMAS,label amount differs; inspect total/increment semantics,Laser cut family tree dec,9436270133587
769194,dropdown-1,,7 (large decoration £14),,manual_product,50198542451027,2.05,,2.05,(+£2.05) Large Decoration XMAS,label amount differs; inspect total/increment semantics,Laser cut family tree dec,9436270133587
769194,dropdown-1,,8 (large decoration £14),,manual_product,50198542451027,2.05,,2.05,(+£2.05) Large Decoration XMAS,label amount differs; inspect total/increment semantics,Laser cut family tree dec,9436270133587
769194,select-1,**INCREDIBLE OFFER** Buy a second one for just £8,YES Please,,manual_product,50089503490387,8.00,,8.00,(+£8) **INCREDIBLE OFFER** XMAS,,Laser cut family tree dec,9436270133587
769194,dropdown-4,,5 (large decoration £14),,manual_product,50198542451027,2.05,,2.05,(+£2.05) Large Decoration XMAS,label amount differs; inspect total/increment semantics,Laser cut family tree dec,9436270133587
769194,dropdown-4,,6 (large decoration £14),,manual_product,50198542451027,2.05,,2.05,(+£2.05) Large Decoration XMAS,label amount differs; inspect total/increment semantics,Laser cut family tree dec,9436270133587
769194,dropdown-4,,7 (large decoration £14),,manual_product,50198542451027,2.05,,2.05,(+£2.05) Large Decoration XMAS,label amount differs; inspect total/increment semantics,Laser cut family tree dec,9436270133587
769194,dropdown-4,,8 (large decoration £14),,manual_product,50198542451027,2.05,,2.05,(+£2.05) Large Decoration XMAS,label amount differs; inspect total/increment semantics,Laser cut family tree dec,9436270133587
769181,select-1,,5 (Large heart +£3),,manual_product,50089716711763,3.00,,3.00,(+£3) Large Decoration,,HEART Blossom,"9436252930387,9436254896467"
769181,select-1,,6 (Large heart +£3),,manual_product,50089716711763,3.00,,3.00,(+£3) Large Decoration,,HEART Blossom,"9436252930387,9436254896467"
769181,select-1,,7 (Large heart +£5),,manual_product,50089350136147,5.00,,5.00,(+£5) 7/8 pebbles,,HEART Blossom,"9436252930387,9436254896467"
769181,select-1,,8 (Large heart +£5),,manual_product,50089350136147,5.00,,5.00,(+£5) 7/8 pebbles,,HEART Blossom,"9436252930387,9436254896467"
769181,select-24,Size of heart,Small 10 x 10cm (£14.95),,manual_product,,,,,,,HEART Blossom,"9436252930387,9436254896467"
769181,select-24,,Large 15 x 15cm (£17.95),,manual_product,50086348915027,3.00,,3.00,(+£3) Large Heart,label amount differs; inspect total/increment semantics,HEART Blossom,"9436252930387,9436254896467"
769181,select-13,**INCREDIBLE OFFER** Buy a second one for just £10.95,YES Please,,manual_product,50201961693523,10.95,,10.95,(+£10.95) **INCREDIBLE OFFER** DECORATION,,HEART Blossom,"9436252930387,9436254896467"
769181,select-25,,5 (Large heart),,manual_product,50089716711763,3.00,,3.00,(+£3) Large Decoration,,HEART Blossom,"9436252930387,9436254896467"
769181,select-25,,6 (Large heart),,manual_product,50089716711763,3.00,,3.00,(+£3) Large Decoration,,HEART Blossom,"9436252930387,9436254896467"
769181,select-25,,7 (Large heart),,manual_product,50089350136147,5.00,,5.00,(+£5) 7/8 pebbles,,HEART Blossom,"9436252930387,9436254896467"
769181,select-25,,8 (Large heart),,manual_product,50089350136147,5.00,,5.00,(+£5) 7/8 pebbles,,HEART Blossom,"9436252930387,9436254896467"
769181,select-26,Select 10,Small 10 x 10cm (£10.95),,manual_product,,,,,,,HEART Blossom,"9436252930387,9436254896467"
769181,select-26,,Large 15 x 15cm (£13.95),,manual_product,50086348915027,3.00,,3.00,(+£3) Large Heart,label amount differs; inspect total/increment semantics,HEART Blossom,"9436252930387,9436254896467"
769181,checkbox-1,,Yes Please,,manual_product,50335680889171,6.95,,,,linked variant not in active catalogue,HEART Blossom,"9436252930387,9436254896467"
769176,select-1,**INCREDIBLE OFFER** Buy a second one for just £14.95,YES Please,,manual_product,50089263006035,14.95,,14.95,(+£14.95) **INCREDIBLE OFFER** CHOPPING BOARD,,Chopping Board,9436254306643
769165,dropdown-1,Size of heart,Small 10 x 10cm (£14.95),,manual_product,,,,,,,HEART Engagement,9436250702163
769165,dropdown-1,,Large 15 x 15cm (£17.95),,manual_product,50086348915027,3.00,,3.00,(+£3) Large Heart,label amount differs; inspect total/increment semantics,HEART Engagement,9436250702163
769165,select-1,**INCREDIBLE OFFER** Buy a second one for just £10.95,YES Please,,manual_product,50201961693523,10.95,,10.95,(+£10.95) **INCREDIBLE OFFER** DECORATION,,HEART Engagement,9436250702163
769165,dropdown-4,Dropdown 2,Small 10 x 10cm (£10.95),,manual_product,,,,,,,HEART Engagement,9436250702163
769165,dropdown-4,,Large 15 x 15cm (£13.95),,manual_product,50086348915027,3.00,,3.00,(+£3) Large Heart,label amount differs; inspect total/increment semantics,HEART Engagement,9436250702163
769153,dropdown-1,Size of heart,Small 10 x 10cm (£14.95),,manual_product,,,,,,,HEART couple,9436265546067
769153,dropdown-1,,Large 15 x 15cm (£17.95),,manual_product,50086348915027,3.00,,3.00,(+£3) Large Heart,label amount differs; inspect total/increment semantics,HEART couple,9436265546067
769153,select-1,**INCREDIBLE OFFER** Buy a second one for just £10.95,NO Thanks,,manual_product,,,,,,,HEART couple,9436265546067
769153,select-1,,YES Please,,manual_product,50201961693523,10.95,,10.95,(+£10.95) **INCREDIBLE OFFER** DECORATION,,HEART couple,9436265546067
769153,dropdown-4,Dropdown 2,Small 10 x 10cm (£10.95),,manual_product,,,,,,,HEART couple,9436265546067
769153,dropdown-4,,Large 15 x 15cm (£13.95),,manual_product,50086348915027,3.00,,3.00,(+£3) Large Heart,label amount differs; inspect total/increment semantics,HEART couple,9436265546067
769070,select-4,,Large (up to 6 shirts),,manual_product,50087671136595,5.00,,5.00,(+£5) Large Size ACRYLIC BLOCK,,Football block,9436278063443
769070,select-1,**INCREDIBLE OFFER** Buy a second one for just £15.95!,NO Thanks,,manual_product,,,,,,,Football block,9436278063443
769070,select-1,,YES Please,,manual_product,50192043868499,15.95,,15.95,(+£15.95) **INCREDIBLE OFFER** ACRYLIC BLOCK,,Football block,9436278063443
769070,select-13,,Large (up to 6 shirts),,manual_product,50087671136595,5.00,,5.00,(+£5) Large Size ACRYLIC BLOCK,,Football block,9436278063443
769063,select-1,**INCREDIBLE OFFER** Buy a second one for just £13.95,YES Please,,manual_product,50191903850835,13.95,,13.95,(+£13.95) **INCREDIBLE OFFER** NUMBER PLATE,,Number Plate Teacher,9436257059155
769051,select-1,**INCREDIBLE OFFER** Buy a second one for just £13.95,YES Please,,manual_product,50191903850835,13.95,,13.95,(+£13.95) **INCREDIBLE OFFER** NUMBER PLATE,,Number Plate Dad/Grandad,9436249489747
769051,select-2,Add Personalised Keyring to your order?,Yes Please,,manual_product,49311842959699,5.95,,5.95,Personalised 'Dad' Number Plate Keyring Gift,,Number Plate Dad/Grandad,9436249489747
769051,select-3,Add Personalised Keyring to your order?,Yes Please,,manual_product,49311842959699,5.95,,5.95,Personalised 'Dad' Number Plate Keyring Gift,,Number Plate Dad/Grandad,9436249489747
769051,checkbox-1,Gift Wrap Kit?,Yes Please,,manual_product,53802540171603,3.95,,5.95,Gift Wrap Kit – Ivory & Twine,cached variant_price differs,Number Plate Dad/Grandad,9436249489747
769051,checkbox-2,2nd Gift Wrap Kit?,Yes Please,,manual_product,53802540171603,3.95,,5.95,Gift Wrap Kit – Ivory & Twine,cached variant_price differs,Number Plate Dad/Grandad,9436249489747
769046,select-1,**INCREDIBLE OFFER** Buy a second keyring for just £4.95,YES Please,,manual_product,50191790276947,4.95,,4.95,(+£4.95) **INCREDIBLE OFFER** KEYRING,,Personalised Wooden Teacher Initial,9436277866835
769038,select-1,**INCREDIBLE OFFER** Buy a second keyring for just £4.95,YES Please,,manual_product,50191790276947,4.95,,4.95,(+£4.95) **INCREDIBLE OFFER** KEYRING,,Personalised Wooden 'This Daddy/Grandad' Keyring,9436277047635
769021,select-13,**INCREDIBLE OFFER** Buy a second one for just £20,YES Please,,manual_product,50087759413587,20.00,,20.00,(+£20) **INCREDIBLE OFFER** PICTURE,,PICTURE Remembrance Wings (up to 4),9436282454355
769019,select-13,**INCREDIBLE OFFER** Buy a second one for just £20,YES Please,,manual_product,50087759413587,20,20,20.00,(+£20) **INCREDIBLE OFFER** PICTURE,,Remembrance Wings single,"9436282519891,9436282618195"
769012,select-12,,7 (Inc Cat/Dog),,manual_product,50189901332819,3.00,,3.00,(+£3) 7/8 Pebbles,,PICTURE Life is better with friends,9436242706771
769012,select-12,,8 (Inc Cat/Dog),,manual_product,50189901332819,3.00,,3.00,(+£3) 7/8 Pebbles,,PICTURE Life is better with friends,9436242706771
769012,select-13,**INCREDIBLE OFFER** Buy a second one for just £20,YES Please,,manual_product,50087759413587,20.00,,20.00,(+£20) **INCREDIBLE OFFER** PICTURE,,PICTURE Life is better with friends,9436242706771
769012,select-15,,7 (Inc Cat/Dog),,manual_product,50189901332819,3.00,,3.00,(+£3) 7/8 Pebbles,,PICTURE Life is better with friends,9436242706771
769012,select-15,,8 (Inc Cat/Dog),,manual_product,50189901332819,3.00,,3.00,(+£3) 7/8 Pebbles,,PICTURE Life is better with friends,9436242706771
769006,select-12,,7 (Inc Cat/Dog),,manual_product,50189901332819,3.00,,3.00,(+£3) 7/8 Pebbles,,PICTURE Because I have a sister,9436233564499
769006,select-12,,8 (Inc Cat/Dog),,manual_product,50189901332819,3.00,,3.00,(+£3) 7/8 Pebbles,,PICTURE Because I have a sister,9436233564499
769006,select-13,**INCREDIBLE OFFER** Buy a second one for just £20,YES Please,,manual_product,50087759413587,20.00,,20.00,(+£20) **INCREDIBLE OFFER** PICTURE,,PICTURE Because I have a sister,9436233564499
769006,select-15,,7 (Inc Cat/Dog),,manual_product,50189901332819,3.00,,3.00,(+£3) 7/8 Pebbles,,PICTURE Because I have a sister,9436233564499
769006,select-15,,8 (Inc Cat/Dog),,manual_product,50189901332819,3.00,,3.00,(+£3) 7/8 Pebbles,,PICTURE Because I have a sister,9436233564499
768990,select-12,,7 (Inc Cat/Dog) (+£3),,manual_product,50087765967187,3.00,,,,linked variant not in active catalogue,A little bit of crazy,9436232810835
768990,select-12,,8 (Inc Cat/Dog) (+£3),,manual_product,50087765967187,3.00,,,,linked variant not in active catalogue,A little bit of crazy,9436232810835
768990,select-13,**INCREDIBLE OFFER** Buy a second one for just £20,YES Please,,manual_product,50087759413587,20.00,,20.00,(+£20) **INCREDIBLE OFFER** PICTURE,,A little bit of crazy,9436232810835
768990,select-15,,7 (Inc Cat/Dog) (+£3),,manual_product,50087765967187,3.00,,,,linked variant not in active catalogue,A little bit of crazy,9436232810835
768990,select-15,,8 (Inc Cat/Dog) (+£3),,manual_product,50087765967187,3.00,,,,linked variant not in active catalogue,A little bit of crazy,9436232810835
768988,select-12,,7 (Inc Cat/Dog) ,,manual_product,50189901332819,3.00,,3.00,(+£3) 7/8 Pebbles,,PICTURE Grandparent festive,9436240740691
768988,select-12,,8 (Inc Cat/Dog) ,,manual_product,50189901332819,3.00,,3.00,(+£3) 7/8 Pebbles,,PICTURE Grandparent festive,9436240740691
768988,select-13,**INCREDIBLE OFFER** Buy a second one for just £20,YES Please,,manual_product,50087759413587,20.00,,20.00,(+£20) **INCREDIBLE OFFER** PICTURE,,PICTURE Grandparent festive,9436240740691
768988,select-15,,7 (Inc Cat/Dog) ,,manual_product,50189901332819,3.00,,3.00,(+£3) 7/8 Pebbles,,PICTURE Grandparent festive,9436240740691
768988,select-15,,8 (Inc Cat/Dog) ,,manual_product,50189901332819,3.00,,3.00,(+£3) 7/8 Pebbles,,PICTURE Grandparent festive,9436240740691
768981,select-12,,7 (Inc Cat/Dog),,manual_product,50189901332819,3.00,,3.00,(+£3) 7/8 Pebbles,,PICTURE Home Sweet Home,9436241690963
768981,select-13,**INCREDIBLE OFFER** Buy a second one for just £20,YES Please,,manual_product,50087759413587,20.00,,20.00,(+£20) **INCREDIBLE OFFER** PICTURE,,PICTURE Home Sweet Home,9436241690963
768981,select-15,,7 (Inc Cat/Dog),,manual_product,50189901332819,3.00,,3.00,(+£3) 7/8 Pebbles,,PICTURE Home Sweet Home,9436241690963
768946,select-24,,7 (Inc dog/cat),,manual_product,50189901332819,3.00,,3.00,(+£3) 7/8 Pebbles,,PICTURE Our world,"9436239397203,9436236546387,9436244738387"
768946,select-24,,8 (Inc dog/cat),,manual_product,50189901332819,3.00,,3.00,(+£3) 7/8 Pebbles,,PICTURE Our world,"9436239397203,9436236546387,9436244738387"
768946,select-26,**INCREDIBLE OFFER** Get a second picture for just £20,YES Please,,manual_product,50087759413587,20.00,,20.00,(+£20) **INCREDIBLE OFFER** PICTURE,,PICTURE Our world,"9436239397203,9436236546387,9436244738387"
768946,select-25,,7 (Inc dog/cat),,manual_product,50189901332819,3.00,,3.00,(+£3) 7/8 Pebbles,,PICTURE Our world,"9436239397203,9436236546387,9436244738387"
768946,select-25,,8 (Inc dog/cat),,manual_product,50189901332819,3.00,,3.00,(+£3) 7/8 Pebbles,,PICTURE Our world,"9436239397203,9436236546387,9436244738387"
768938,select-12,,7 (Inc Cat/Dog) ,,manual_product,50189901332819,3.00,,3.00,(+£3) 7/8 Pebbles,,PICTURE Gingerbread House/Snow place like home,"9436239626579,9436240838995"
768938,select-12,,8 (Inc Cat/Dog) ,,manual_product,50189901332819,3.00,,3.00,(+£3) 7/8 Pebbles,,PICTURE Gingerbread House/Snow place like home,"9436239626579,9436240838995"
768938,select-13,**INCREDIBLE OFFER** Buy a second one for just £20,YES Please,,manual_product,50087759413587,20.00,,20.00,(+£20) **INCREDIBLE OFFER** PICTURE,,PICTURE Gingerbread House/Snow place like home,"9436239626579,9436240838995"
768938,select-15,,7 (Inc Cat/Dog),,manual_product,50189901332819,3.00,,3.00,(+£3) 7/8 Pebbles,,PICTURE Gingerbread House/Snow place like home,"9436239626579,9436240838995"
768938,select-15,,8 (Inc Cat/Dog),,manual_product,50189901332819,3.00,,3.00,(+£3) 7/8 Pebbles,,PICTURE Gingerbread House/Snow place like home,"9436239626579,9436240838995"
768934,select-12,,7 (Inc Cat/Dog) ,,manual_product,50189901332819,3.00,,3.00,(+£3) 7/8 Pebbles,,PICTURE New home/No place like home,"9436245524819,9436245623123"
768934,select-12,,8 (Inc Cat/Dog) ,,manual_product,50189901332819,3.00,,3.00,(+£3) 7/8 Pebbles,,PICTURE New home/No place like home,"9436245524819,9436245623123"
768934,select-13,**INCREDIBLE OFFER** Buy a second one for just £20,YES Please,,manual_product,50087759413587,20.00,,20.00,(+£20) **INCREDIBLE OFFER** PICTURE,,PICTURE New home/No place like home,"9436245524819,9436245623123"
768934,select-15,,7 (Inc Cat/Dog) ,,manual_product,50189901332819,3.00,,3.00,(+£3) 7/8 Pebbles,,PICTURE New home/No place like home,"9436245524819,9436245623123"
768934,select-15,,8 (Inc Cat/Dog) ,,manual_product,50189901332819,3.00,,3.00,(+£3) 7/8 Pebbles,,PICTURE New home/No place like home,"9436245524819,9436245623123"
768932,select-12,,7 (Inc Cat/Dog) ,,manual_product,50189901332819,3.00,,3.00,(+£3) 7/8 Pebbles,,PICTURE Ice Rink,"9436238872915,9436238741843"
768932,select-12,,8 (Inc Cat/Dog) ,,manual_product,50189901332819,3.00,,3.00,(+£3) 7/8 Pebbles,,PICTURE Ice Rink,"9436238872915,9436238741843"
768932,select-13,**INCREDIBLE OFFER** Buy a second one for just £20,YES Please,,manual_product,50087759413587,20.00,,20.00,(+£20) **INCREDIBLE OFFER** PICTURE,,PICTURE Ice Rink,"9436238872915,9436238741843"
768932,select-15,,7 (Inc Cat/Dog) ,,manual_product,50189901332819,3.00,,3.00,(+£3) 7/8 Pebbles,,PICTURE Ice Rink,"9436238872915,9436238741843"
768932,select-15,,8 (Inc Cat/Dog) ,,manual_product,50189901332819,3.00,,3.00,(+£3) 7/8 Pebbles,,PICTURE Ice Rink,"9436238872915,9436238741843"
768923,select-13,**INCREDIBLE OFFER** Buy a second one for just £20,YES Please,,manual_product,50087759413587,20.00,,20.00,(+£20) **INCREDIBLE OFFER** PICTURE,,PICTURE Sowing the seeds,9436285894995
768916,select-12,,7 (Inc Cat/Dog) ,,manual_product,50189901332819,3.00,,3.00,(+£3) 7/8 Pebbles,,PICTURE All you do for me,9436244476243
768916,select-12,,8 (Inc Cat/Dog) ,,manual_product,50189901332819,3.00,,3.00,(+£3) 7/8 Pebbles,,PICTURE All you do for me,9436244476243
768916,select-13,**INCREDIBLE OFFER** Buy a second one for just £20,YES Please,,manual_product,50087759413587,20.00,,20.00,(+£20) **INCREDIBLE OFFER** PICTURE,,PICTURE All you do for me,9436244476243
768916,select-15,,7 (Inc Cat/Dog) ,,manual_product,50189901332819,3.00,,3.00,(+£3) 7/8 Pebbles,,PICTURE All you do for me,9436244476243
768916,select-15,,8 (Inc Cat/Dog) ,,manual_product,50189901332819,3.00,,3.00,(+£3) 7/8 Pebbles,,PICTURE All you do for me,9436244476243
768916,checkbox-1,,Yes Please,,manual_product,50335680889171,6.95,,,,linked variant not in active catalogue,PICTURE All you do for me,9436244476243
768898,select-12,,7 (Inc Cat/Dog) ,,manual_product,50189901332819,3.00,,3.00,(+£3) 7/8 Pebbles,,PICTURE What happens at..,"9436289925459,9436289990995"
768898,select-12,,8 (Inc Cat/Dog) ,,manual_product,50189901332819,3.00,,3.00,(+£3) 7/8 Pebbles,,PICTURE What happens at..,"9436289925459,9436289990995"
768898,select-13,**INCREDIBLE OFFER** Buy a second one for just £20,YES Please,,manual_product,50087759413587,20.00,,20.00,(+£20) **INCREDIBLE OFFER** PICTURE,,PICTURE What happens at..,"9436289925459,9436289990995"
768898,select-15,,7 (Inc Cat/Dog) ,,manual_product,50189901332819,3.00,,3.00,(+£3) 7/8 Pebbles,,PICTURE What happens at..,"9436289925459,9436289990995"
768898,select-15,,8 (Inc Cat/Dog) ,,manual_product,50189901332819,3.00,,3.00,(+£3) 7/8 Pebbles,,PICTURE What happens at..,"9436289925459,9436289990995"
768448,select-12,,7 (Inc Cat/Dog) ,,manual_product,50189901332819,3.00,,3.00,(+£3) 7/8 Pebbles,,PICTURE Nanny Hands & Heart,9436245393747
768448,select-12,,8 (Inc Cat/Dog),,manual_product,50189901332819,3.00,,3.00,(+£3) 7/8 Pebbles,,PICTURE Nanny Hands & Heart,9436245393747
768448,select-13,**INCREDIBLE OFFER** Buy a second one for just £20,YES Please,,manual_product,50087759413587,20.00,,20.00,(+£20) **INCREDIBLE OFFER** PICTURE,,PICTURE Nanny Hands & Heart,9436245393747
768448,select-15,,7 (Inc Cat/Dog) ,,manual_product,50189901332819,3.00,,3.00,(+£3) 7/8 Pebbles,,PICTURE Nanny Hands & Heart,9436245393747
768448,select-15,,8 (Inc Cat/Dog) ,,manual_product,50189901332819,3.00,,3.00,(+£3) 7/8 Pebbles,,PICTURE Nanny Hands & Heart,9436245393747
768442,select-3,,7 (Inc Cat/Dog) ,,manual_product,50189901332819,3.00,,3.00,(+£3) 7/8 Pebbles,,PICTURE Rainbow,9436282323283
768442,select-3,,8 (Inc Cat/Dog) ,,manual_product,50189901332819,3.00,,3.00,(+£3) 7/8 Pebbles,,PICTURE Rainbow,9436282323283
768442,select-12,**INCREDIBLE OFFER** Buy a second one for just £20,YES Please,,manual_product,50087759413587,20.00,,20.00,(+£20) **INCREDIBLE OFFER** PICTURE,,PICTURE Rainbow,9436282323283
768442,select-15,,7 (Inc Cat/Dog) ,,manual_product,50189901332819,3.00,,3.00,(+£3) 7/8 Pebbles,,PICTURE Rainbow,9436282323283
768442,select-15,,8 (Inc Cat/Dog) ,,manual_product,50189901332819,3.00,,3.00,(+£3) 7/8 Pebbles,,PICTURE Rainbow,9436282323283
768434,select-11,**INCREDIBLE OFFER** Buy a second one for just £20,YES Please,,manual_product,50087759413587,20.00,,20.00,(+£20) **INCREDIBLE OFFER** PICTURE,,PICTURE New Baby Stork,9436245459283
768411,select-3,,7 (Inc Cat/Dog),,manual_product,50189901332819,3.00,,3.00,(+£3) 7/8 Pebbles,,PICTURE Hello baby,9436241527123
768411,select-3,,8 (Inc Cat/Dog),,manual_product,50189901332819,3.00,,3.00,(+£3) 7/8 Pebbles,,PICTURE Hello baby,9436241527123
768411,select-10,**INCREDIBLE OFFER** Buy a second one for just £20,YES Please,,manual_product,50087759413587,20.00,,20.00,(+£20) **INCREDIBLE OFFER** PICTURE,,PICTURE Hello baby,9436241527123
768411,select-13,,7 (Inc Cat/Dog),,manual_product,50189901332819,3.00,,3.00,(+£3) 7/8 Pebbles,,PICTURE Hello baby,9436241527123
768411,select-13,,8 (Inc Cat/Dog),,manual_product,50189901332819,3.00,,3.00,(+£3) 7/8 Pebbles,,PICTURE Hello baby,9436241527123
768389,select-14, **INCREDIBLE OFFER** Buy a second one for just £20,YES Please,,manual_product,50087759413587,20.00,,20.00,(+£20) **INCREDIBLE OFFER** PICTURE,,PICTURE Making memories,"9436239298899,9436236218707,9436243853651"
768367,select-13,**INCREDIBLE OFFER** Buy a second one for just £20,YES Please,,manual_product,50087759413587,20.00,,20.00,(+£20) **INCREDIBLE OFFER** PICTURE,,PICTURE To The Moon & Back,9436288975187
768353,select-12,,7 (Inc Cat/Dog) ,,manual_product,50189901332819,3.00,,3.00,(+£3) 7/8 Pebbles,,PICTURE Mum Hands & Heart,9436243689811
768353,select-12,,8 (Inc Cat/Dog) ,,manual_product,50189901332819,3.00,,3.00,(+£3) 7/8 Pebbles,,PICTURE Mum Hands & Heart,9436243689811
768353,select-13,**INCREDIBLE OFFER** Buy a second one for just £20,YES Please,,manual_product,50087759413587,20.00,,20.00,(+£20) **INCREDIBLE OFFER** PICTURE,,PICTURE Mum Hands & Heart,9436243689811
768353,select-15,,7 (Inc Cat/Dog) ,,manual_product,50189901332819,3.00,,3.00,(+£3) 7/8 Pebbles,,PICTURE Mum Hands & Heart,9436243689811
768353,select-15,,8 (Inc Cat/Dog) ,,manual_product,50189901332819,3.00,,3.00,(+£3) 7/8 Pebbles,,PICTURE Mum Hands & Heart,9436243689811
768344,select-3,**INCREDIBLE OFFER** Buy a second one for just £17.95,YES Please,,manual_product,50087012139347,17.95,,17.95,(+£17.95) **INCREDIBLE OFFER** PICTURE,,PICTURE Always & Forever,9436233138515
768335,select-3,,7 (Inc Cat/Dog) ,,manual_product,50189901332819,3.00,,3.00,(+£3) 7/8 Pebbles,,PICTURE Mum/Nanny Everything to me,9436244574547
768335,select-3,,8 (Inc Cat/Dog) ,,manual_product,50189901332819,3.00,,3.00,(+£3) 7/8 Pebbles,,PICTURE Mum/Nanny Everything to me,9436244574547
768335,select-12,**INCREDIBLE OFFER** Buy a second one for just £20,YES Please ,,manual_product,50087759413587,20.00,,20.00,(+£20) **INCREDIBLE OFFER** PICTURE,,PICTURE Mum/Nanny Everything to me,9436244574547
768335,select-15,,7 (Inc Cat/Dog) ,,manual_product,50189901332819,3.00,,3.00,(+£3) 7/8 Pebbles,,PICTURE Mum/Nanny Everything to me,9436244574547
768335,select-15,,8 (Inc Cat/Dog) ,,manual_product,50189901332819,3.00,,3.00,(+£3) 7/8 Pebbles,,PICTURE Mum/Nanny Everything to me,9436244574547
768326,select-3,**INCREDIBLE OFFER** Buy a second one for just £20,YES Please,,manual_product,50087759413587,20.00,,20.00,(+£20) **INCREDIBLE OFFER** PICTURE,,PICTURE Everything to me 2,9436237791571
768290,select-3,**INCREDIBLE OFFER** Buy a second one for just £20,YES Please,,manual_product,50087759413587,20.00,,20.00,(+£20) **INCREDIBLE OFFER** PICTURE,,Couple Love tree,9436234318163
768288,select-3,,7 (Inc Cat/Dog) ,,manual_product,50189901332819,3.00,,3.00,(+£3) 7/8 Pebbles,,PICTURE Autumn Leaves,9436238250323
768288,select-3,,8 (Inc Cat/Dog),,manual_product,50189901332819,3.00,,3.00,(+£3) 7/8 Pebbles,,PICTURE Autumn Leaves,9436238250323
768288,select-12, **INCREDIBLE OFFER** Buy a second one for just £20,YES Please,,manual_product,50087759413587,20.00,,20.00,(+£20) **INCREDIBLE OFFER** PICTURE,,PICTURE Autumn Leaves,9436238250323
768288,select-15,,7 (Inc Cat/Dog) ,,manual_product,50189901332819,3.00,,3.00,(+£3) 7/8 Pebbles,,PICTURE Autumn Leaves,9436238250323
768288,select-15,,8 (Inc Cat/Dog) ,,manual_product,50189901332819,3.00,,3.00,(+£3) 7/8 Pebbles,,PICTURE Autumn Leaves,9436238250323
768240,select-11,**INCREDIBLE OFFER** Buy a second one for just £20,YES Please,,manual_product,50087759413587,20.00,,20.00,(+£20) **INCREDIBLE OFFER** PICTURE,,PICTURE Wedding FAMILY,9436245754195
768233,select-2,**INCREDIBLE OFFER** Buy a second one for just £17.95,YES Please,,manual_product,50087012139347,17.95,,17.95,(+£17.95) **INCREDIBLE OFFER** PICTURE,,PICTURE Proposal Love tree,"9436237529427,9683107217747"
768208,select-2,**INCREDIBLE OFFER** Buy a second one for just £17.95,YES Please,,manual_product,50087012139347,17.95,,17.95,(+£17.95) **INCREDIBLE OFFER** PICTURE,,PICTURE Engagement,"9436237693267,9436282224979,9436282257747,9436233367891"
768208,checkbox-1,Gift Wrap Kit?,Yes Please,,manual_product,53802540171603,3.95,,5.95,Gift Wrap Kit – Ivory & Twine,cached variant_price differs,PICTURE Engagement,"9436237693267,9436282224979,9436282257747,9436233367891"
768208,checkbox-2,2nd Gift Wrap Kit?,Yes Please,,manual_product,53802540171603,3.95,,5.95,Gift Wrap Kit – Ivory & Twine,cached variant_price differs,PICTURE Engagement,"9436237693267,9436282224979,9436282257747,9436233367891"
768163,select-2,,Large (57x13cm),,manual_product,50706730254675,6.00,,,,linked variant not in active catalogue,Train signs,9436276326739
768163,checkbox-1,**INCREDIBLE OFFER** GET A 2ND FOR HALF PRICE!,Yes Please,,manual_product,52007720485203,9.00,,7.45,(£7.45) Small Street Sign,cached variant_price differs,Train signs,9436276326739
768163,checkbox-2,**INCREDIBLE OFFER** GET A 2ND FOR HALF PRICE!,Yes Please,,manual_product,50201180930387,12.45,,10.45,(+£10.45) Large Street Sign,cached variant_price differs,Train signs,9436276326739
768163,checkbox-3,,Yes Please,,manual_product,50706678514003,1.95,,1.99,(£1.99) Mounting Strips,cached variant_price differs,Train signs,9436276326739
768163,checkbox-4,,Yes Please,,manual_product,51217275584851,3.90,,3.90,(£3.90) Mounting Strips,,Train signs,9436276326739
768156,select-2,,Large (57x12x0.3cm),,manual_product,50706730254675,6.00,,,,linked variant not in active catalogue,Always & Forever Street sign,9436227109203
768156,checkbox-3,**INCREDIBLE OFFER** GET A 2ND SIGN FOR HALF PRICE!,Yes Please,,manual_product,52007720485203,9.00,,7.45,(£7.45) Small Street Sign,cached variant_price differs,Always & Forever Street sign,9436227109203
768156,checkbox-4,**INCREDIBLE OFFER** GET A 2ND SIGN FOR HALF PRICE!,Yes Please,,manual_product,50201180930387,12.45,,10.45,(+£10.45) Large Street Sign,cached variant_price differs,Always & Forever Street sign,9436227109203
768156,checkbox-1,Mounting Strips?,Yes Please,,manual_product,50706678514003,1.95,,1.99,(£1.99) Mounting Strips,cached variant_price differs,Always & Forever Street sign,9436227109203
768156,checkbox-2,Mounting Strips?,Yes Please,,manual_product,50706678514003,1.95,,1.99,(£1.99) Mounting Strips,cached variant_price differs,Always & Forever Street sign,9436227109203
768151,select-2,,Large (57x12x0.3cm),,manual_product,50706730254675,6.00,,,,linked variant not in active catalogue,Road sign,9436276097363
768151,checkbox-1,**INCREDIBLE OFFER** GET A 2ND SIGN FOR HALF PRICE!,Yes Please,,manual_product,52007720485203,9.00,,7.45,(£7.45) Small Street Sign,cached variant_price differs,Road sign,9436276097363
768151,checkbox-2,**INCREDIBLE OFFER** GET A 2ND SIGN FOR HALF PRICE!,Yes Please,,manual_product,50201180930387,12.45,,10.45,(+£10.45) Large Street Sign,cached variant_price differs,Road sign,9436276097363
768144,select-2,,Large (57x12x0.3cm),,manual_product,50706730254675,6.00,,,,linked variant not in active catalogue,This way to the I DO's Street sign,9436232089939
768144,checkbox-3,**INCREDIBLE OFFER** GET A 2ND SIGN FOR HALF PRICE!,Yes Please,,manual_product,52007720485203,9.00,,7.45,(£7.45) Small Street Sign,cached variant_price differs,This way to the I DO's Street sign,9436232089939
768144,checkbox-4,**INCREDIBLE OFFER** GET A 2ND SIGN FOR HALF PRICE!,Yes Please,,manual_product,50201180930387,12.45,,10.45,(+£10.45) Large Street Sign,cached variant_price differs,This way to the I DO's Street sign,9436232089939
768144,checkbox-1,Mounting Strips?,Yes Please,,manual_product,50706678514003,1.95,,1.99,(£1.99) Mounting Strips,cached variant_price differs,This way to the I DO's Street sign,9436232089939
768144,checkbox-2,Mounting Strips?,Yes Please,,manual_product,50706678514003,1.95,,1.99,(£1.99) Mounting Strips,cached variant_price differs,This way to the I DO's Street sign,9436232089939
768127,select-2,,Large (57x12x0.3cm),,manual_product,52473824117075,6.50,,8.99,Large Street Sign,cached variant_price differs,Football CREATE YOUR OWN TEAM Street sign,9436248965459
768127,checkbox-3,**INCREDIBLE OFFER** GET A 2ND SIGN FOR £9.95,Yes Please,,manual_product,52473837355347,9.95,,9.95,**INCREDIBLE OFFER - GET A 2ND SIGN FOR £9.95,,Football CREATE YOUR OWN TEAM Street sign,9436248965459
768127,checkbox-1,Mounting Strips? (Recommended),Yes Please,,manual_product,50706678514003,1.95,,1.99,(£1.99) Mounting Strips,cached variant_price differs,Football CREATE YOUR OWN TEAM Street sign,9436248965459
768127,checkbox-2,Mounting Strips? (Recommended),Yes Please,,manual_product,50706678514003,1.95,,1.99,(£1.99) Mounting Strips,cached variant_price differs,Football CREATE YOUR OWN TEAM Street sign,9436248965459
768127,checkbox-4,Gift Wrap Kit?,Yes Please,,manual_product,53802540171603,3.95,,5.95,Gift Wrap Kit – Ivory & Twine,cached variant_price differs,Football CREATE YOUR OWN TEAM Street sign,9436248965459
768127,checkbox-5,2nd Gift Wrap Kit?,Yes Please,,manual_product,53802540171603,3.95,,5.95,Gift Wrap Kit – Ivory & Twine,cached variant_price differs,Football CREATE YOUR OWN TEAM Street sign,9436248965459
768126,select-2,,Large (57x12x0.3cm),,manual_product,50706730254675,6.00,,,,linked variant not in active catalogue,Family Sleigh Street sign,9436228321619
768126,checkbox-3,**INCREDIBLE OFFER** GET A 2ND SIGN FOR HALF PRICE!,Yes Please,,manual_product,52007720485203,9.00,,7.45,(£7.45) Small Street Sign,cached variant_price differs,Family Sleigh Street sign,9436228321619
768126,checkbox-4,**INCREDIBLE OFFER** GET A 2ND SIGN FOR HALF PRICE!,Yes Please,,manual_product,50201180930387,12.45,,10.45,(+£10.45) Large Street Sign,cached variant_price differs,Family Sleigh Street sign,9436228321619
768126,checkbox-1,Mounting Strips?,Yes Please,,manual_product,50706678514003,1.95,,1.99,(£1.99) Mounting Strips,cached variant_price differs,Family Sleigh Street sign,9436228321619
768126,checkbox-2,Mounting Strips?,Yes Please,,manual_product,50706678514003,1.95,,1.99,(£1.99) Mounting Strips,cached variant_price differs,Family Sleigh Street sign,9436228321619
768122,select-2,,Large (57x12x0.3cm),,manual_product,50706730254675,6.00,,,,linked variant not in active catalogue,Family Village Street sign,9436228714835
768122,checkbox-3,**INCREDIBLE OFFER** GET A 2ND SIGN FOR HALF PRICE!,Yes Please,,manual_product,50201180930387,12.45,,10.45,(+£10.45) Large Street Sign,cached variant_price differs,Family Village Street sign,9436228714835
768122,checkbox-4,**INCREDIBLE OFFER** GET A 2ND SIGN FOR HALF PRICE!,Yes Please,,manual_product,52007720485203,9.00,,7.45,(£7.45) Small Street Sign,cached variant_price differs,Family Village Street sign,9436228714835
768122,checkbox-1,Mounting Strips?,Yes Please,,manual_product,50706678514003,1.95,,1.99,(£1.99) Mounting Strips,cached variant_price differs,Family Village Street sign,9436228714835
768122,checkbox-2,Mounting Strips?,Yes Please,,manual_product,50706678514003,1.95,,1.99,(£1.99) Mounting Strips,cached variant_price differs,Family Village Street sign,9436228714835
768116,select-2,,Large (57x12x0.3cm),,manual_product,50706730254675,6.00,,,,linked variant not in active catalogue,Santa stop here Street sign,9436231795027
768116,checkbox-3,**INCREDIBLE OFFER** GET A 2ND SIGN FOR HALF PRICE!,Yes Please,,manual_product,52007720485203,9.00,,7.45,(£7.45) Small Street Sign,cached variant_price differs,Santa stop here Street sign,9436231795027
768116,checkbox-4,**INCREDIBLE OFFER** GET A 2ND SIGN FOR HALF PRICE!,Yes Please,,manual_product,50201180930387,12.45,,10.45,(+£10.45) Large Street Sign,cached variant_price differs,Santa stop here Street sign,9436231795027
768116,checkbox-1,Mounting Strips?,Yes Please,,manual_product,50706678514003,1.95,,1.99,(£1.99) Mounting Strips,cached variant_price differs,Santa stop here Street sign,9436231795027
768116,checkbox-2,Mounting Strips?,Yes Please,,manual_product,50706678514003,1.95,,1.99,(£1.99) Mounting Strips,cached variant_price differs,Santa stop here Street sign,9436231795027
768114,checkbox-3,**INCREDIBLE OFFER** GET A 2ND SIGN FOR HALF PRICE!,Yes Please,,manual_product,50201180930387,12.45,,10.45,(+£10.45) Large Street Sign,cached variant_price differs,Halloween party Street sign,9436261646675
768114,checkbox-1,Mounting Strips?,Yes Please,,manual_product,50706678514003,1.95,,1.99,(£1.99) Mounting Strips,cached variant_price differs,Halloween party Street sign,9436261646675
768114,checkbox-2,Mounting Strips?,Yes Please,,manual_product,50706678514003,1.95,,1.99,(£1.99) Mounting Strips,cached variant_price differs,Halloween party Street sign,9436261646675
768106,checkbox-3,**INCREDIBLE OFFER** GET A 2ND SIGN FOR HALF PRICE!,Yes Please,,manual_product,50201180930387,12.45,,10.45,(+£10.45) Large Street Sign,cached variant_price differs,CreepinItReal Street sign,9436260958547
768106,checkbox-1,Mounting Strips?,Yes Please,,manual_product,50706678514003,1.95,,1.99,(£1.99) Mounting Strips,cached variant_price differs,CreepinItReal Street sign,9436260958547
768106,checkbox-2,Mounting Strips?,Yes Please,,manual_product,50706678514003,1.95,,1.99,(£1.99) Mounting Strips,cached variant_price differs,CreepinItReal Street sign,9436260958547
768102,checkbox-3,**INCREDIBLE OFFER** GET A 2ND SIGN FOR HALF PRICE!,Yes Please,,manual_product,50201180930387,12.45,,10.45,(+£10.45) Large Street Sign,cached variant_price differs,Halloween Street sign,9436269445459
768102,checkbox-1,Mounting Strips?,Yes Please,,manual_product,50706678514003,1.95,,1.99,(£1.99) Mounting Strips,cached variant_price differs,Halloween Street sign,9436269445459
768102,checkbox-2,Mounting Strips?,Yes Please,,manual_product,50706678514003,1.95,,1.99,(£1.99) Mounting Strips,cached variant_price differs,Halloween Street sign,9436269445459
768071,select-4,,Large (57x12cm),,manual_product,52473824117075,6.50,,8.99,Large Street Sign,cached variant_price differs,Football Street sign,9436267610451
768071,checkbox-3,**INCREDIBLE OFFER** GET A 2ND SIGN FOR £9.95,Yes Please,,manual_product,52473837355347,9.95,,9.95,**INCREDIBLE OFFER - GET A 2ND SIGN FOR £9.95,,Football Street sign,9436267610451
768071,checkbox-1,Mounting Strips? (Recommended),Yes Please,,manual_product,50706678514003,1.95,,1.99,(£1.99) Mounting Strips,cached variant_price differs,Football Street sign,9436267610451
768071,checkbox-2,Mounting Strips? (Recommended),Yes Please,,manual_product,50706678514003,1.95,,1.99,(£1.99) Mounting Strips,cached variant_price differs,Football Street sign,9436267610451
768071,checkbox-4,Gift Wrap Kit?,Yes Please ,,manual_product,53802540171603,3.95,,5.95,Gift Wrap Kit – Ivory & Twine,cached variant_price differs,Football Street sign,9436267610451
768071,checkbox-5,2nd Gift Wrap Kit?,Yes Please ,,manual_product,53802540171603,3.95,,5.95,Gift Wrap Kit – Ivory & Twine,cached variant_price differs,Football Street sign,9436267610451
768070,select-2,,Large (57x12x0.3cm),,manual_product,50706730254675,6.00,,,,linked variant not in active catalogue,London Street sign,9436271116627
768070,checkbox-3,**INCREDIBLE OFFER** GET A 2ND SIGN FOR HALF PRICE,Yes Please,,manual_product,52007720485203,9.00,,7.45,(£7.45) Small Street Sign,cached variant_price differs,London Street sign,9436271116627
768070,checkbox-4,**INCREDIBLE OFFER** GET A 2ND SIGN FOR HALF PRICE,Yes Please,,manual_product,50201180930387,12.45,,10.45,(+£10.45) Large Street Sign,cached variant_price differs,London Street sign,9436271116627
768070,checkbox-1,Mounting Strips?,Yes Please,,manual_product,50706678514003,1.95,,1.99,(£1.99) Mounting Strips,cached variant_price differs,London Street sign,9436271116627
768070,checkbox-2,Mounting Strips?,Yes Please,,manual_product,50706678514003,1.95,,1.99,(£1.99) Mounting Strips,cached variant_price differs,London Street sign,9436271116627
767526,select-5,,Large (57x12x0.3cm),,manual_product,52473824117075,6.50,,8.99,Large Street Sign,cached variant_price differs,Bar & Grill Street sign,9436265611603
767526,checkbox-3,**INCREDIBLE OFFER** GET A 2ND SIGN FOR £9.95,Yes Please ,,manual_product,52473837355347,9.95,,9.95,**INCREDIBLE OFFER - GET A 2ND SIGN FOR £9.95,,Bar & Grill Street sign,9436265611603
767526,checkbox-1,Mounting Strips?,Yes Please,,manual_product,50706678514003,1.95,,1.99,(£1.99) Mounting Strips,cached variant_price differs,Bar & Grill Street sign,9436265611603
767526,checkbox-2,2nd set of Mounting Strips?,Yes Please,,manual_product,50706678514003,1.95,,1.99,(£1.99) Mounting Strips,cached variant_price differs,Bar & Grill Street sign,9436265611603
767526,checkbox-4,Gift Wrap Kit?,Yes Please,,manual_product,53802540171603,3.95,,5.95,Gift Wrap Kit – Ivory & Twine,cached variant_price differs,Bar & Grill Street sign,9436265611603
767526,checkbox-5,2nd Gift Wrap Kit?,Yes Please,,manual_product,53802540171603,3.95,,5.95,Gift Wrap Kit – Ivory & Twine,cached variant_price differs,Bar & Grill Street sign,9436265611603
767521,select-2,,Large (57x12x0.3cm),,manual_product,50201180930387,6.00,,10.45,(+£10.45) Large Street Sign,cached variant_price differs,Couple street sign,9436227633491
767521,select-3,,Large (57x12x0.3cm),,manual_product,50201180930387,6.00,,10.45,(+£10.45) Large Street Sign,cached variant_price differs,Couple street sign,9436227633491
767521,checkbox-2,Mounting Strips?,Yes Please,,manual_product,50706678514003,1.95,,1.99,(£1.99) Mounting Strips,cached variant_price differs,Couple street sign,9436227633491
767519,select-4,,Large (57x12cm),,manual_product,50201180930387,6.00,,10.45,(+£10.45) Large Street Sign,cached variant_price differs,MR & MRS Street sign,9702132711763
767519,select-6,,Large (57x12cm),,manual_product,50201180930387,6.00,,10.45,(+£10.45) Large Street Sign,cached variant_price differs,MR & MRS Street sign,9702132711763
767519,checkbox-4,Add Mounting Strips to your order? (Recommended),Yes Please,,manual_product,50706678514003,1.95,,1.99,(£1.99) Mounting Strips,cached variant_price differs,MR & MRS Street sign,9702132711763
767519,checkbox-5,Add Mounting Strips to your order? (Recommended),Yes Please,,manual_product,51217275584851,1.95,,3.90,(£3.90) Mounting Strips,cached variant_price differs,MR & MRS Street sign,9702132711763
767519,checkbox-6,"(Rest assured, if your order is lost or damaged in transit, we will replace it right away!)",YES Please,,manual_product,50101808595283,1.95,,1.99,Shipping Protection,cached variant_price differs,MR & MRS Street sign,9702132711763
767508,select-2,**INCREDIBLE OFFER** Buy a second one for just £17.95,YES Please,,manual_product,50087012139347,17.95,,17.95,(+£17.95) **INCREDIBLE OFFER** PICTURE,,PICTURE On your wedding day/Autumn/Wedding Church,"9436245819731,9436289663315,9534271226195,9683117703507"
767508,checkbox-2,Gift Wrap Kit?,Yes Please,,manual_product,53802540171603,3.95,,5.95,Gift Wrap Kit – Ivory & Twine,cached variant_price differs,PICTURE On your wedding day/Autumn/Wedding Church,"9436245819731,9436289663315,9534271226195,9683117703507"
767508,checkbox-3,2nd Gift Wrap Kit?,Yes Please,,manual_product,53802540171603,3.95,,5.95,Gift Wrap Kit – Ivory & Twine,cached variant_price differs,PICTURE On your wedding day/Autumn/Wedding Church,"9436245819731,9436289663315,9534271226195,9683117703507"
767508,checkbox-1,Boxed Lucky Sixpence?,Yes Please,,manual_product,49311819694419,4.95,,4.95,"Lucky Sixpence (Boxed) - Old, New, Borrowed, Blue",,PICTURE On your wedding day/Autumn/Wedding Church,"9436245819731,9436289663315,9534271226195,9683117703507"
728788,dropdown-1,Size of street sign,Small (29x8.5cm) (£11.95),,manual_product,,,,,,,MR & MRS xmas sign,9436254175571
728788,dropdown-1,,Large (57x12cm) (£19.95),,manual_product,50086687867219,8.00,,8.00,(+£8) Large Sign,label amount differs; inspect total/increment semantics,MR & MRS xmas sign,9436254175571
728788,select-1,**INCREDIBLE OFFER** Buy a second sign from just £6-95,YES Please,,manual_product,50086752911699,6.95,,6.95,(+£6.95) **INCREDIBLE OFFER** FESTIVE SIGN,label amount differs; inspect total/increment semantics,MR & MRS xmas sign,9436254175571
728788,dropdown-2,Dropdown 2,Small  (29x8.5cm) (£6.95),,manual_product,,,,,,,MR & MRS xmas sign,9436254175571
728788,dropdown-2,,Large (57x12cm) (£10),,manual_product,50086917996883,3.05,,3.05,(+3.05) Large Sign,label amount differs; inspect total/increment semantics,MR & MRS xmas sign,9436254175571
